{
  "best_config": "R3_mom_qual_K30",
  "cagr": 0.10845301334021706,
  "sharpe": 0.7980253347711653,
  "max_dd": -0.47035551506136897,
  "n_months": 244,
  "cash_months": 0,
  "bb_p5": 0.31783363018544963,
  "bb_p50": 0.8074654794148703,
  "bb_p95": 1.2880909634319313,
  "dsr": 7.491141377114921e-175,
  "n_trials": 40
}