{
  "k=1_pyramid_ok": {
    "n_picks": 276,
    "win_rate": 0.4927536231884058,
    "beat_spy_rate": 0.38768115942028986,
    "median_ret": -0.014203089426652937,
    "cagr_dca_portfolio": 0.2421827833685937,
    "cagr_spy_dca": 0.1,
    "edge_vs_spy_dca": 0.1421827833685937,
    "label": "k=1_pyramid_ok",
    "top_k": 1,
    "no_pyramid": false,
    "unique_tickers": 131
  },
  "k=1_no_pyramid": {
    "n_picks": 276,
    "win_rate": 0.5652173913043478,
    "beat_spy_rate": 0.39855072463768115,
    "median_ret": 0.17324286635677033,
    "cagr_dca_portfolio": 0.10377840510593715,
    "cagr_spy_dca": 0.1,
    "edge_vs_spy_dca": 0.0037784051059371465,
    "label": "k=1_no_pyramid",
    "top_k": 1,
    "no_pyramid": true,
    "unique_tickers": 240
  },
  "k=5_pyramid_ok": {
    "n_picks": 1380,
    "win_rate": 0.5659420289855073,
    "beat_spy_rate": 0.41594202898550725,
    "median_ret": 0.19613539191739449,
    "cagr_dca_portfolio": 0.17067051890880586,
    "cagr_spy_dca": 0.1,
    "edge_vs_spy_dca": 0.07067051890880585,
    "label": "k=5_pyramid_ok",
    "top_k": 5,
    "no_pyramid": false,
    "unique_tickers": 419
  },
  "k=5_no_pyramid": {
    "n_picks": 1380,
    "win_rate": 0.6608695652173913,
    "beat_spy_rate": 0.4427536231884058,
    "median_ret": 0.3066741127827195,
    "cagr_dca_portfolio": 0.056736144833320894,
    "cagr_spy_dca": 0.1,
    "edge_vs_spy_dca": -0.04326385516667911,
    "label": "k=5_no_pyramid",
    "top_k": 5,
    "no_pyramid": true,
    "unique_tickers": 859
  },
  "k=10_pyramid_ok": {
    "n_picks": 2760,
    "win_rate": 0.5989130434782609,
    "beat_spy_rate": 0.43478260869565216,
    "median_ret": 0.26484178292380745,
    "cagr_dca_portfolio": 0.13986459099823587,
    "cagr_spy_dca": 0.1,
    "edge_vs_spy_dca": 0.03986459099823586,
    "label": "k=10_pyramid_ok",
    "top_k": 10,
    "no_pyramid": false,
    "unique_tickers": 658
  },
  "k=10_no_pyramid": {
    "n_picks": 2725,
    "win_rate": 0.6774311926605504,
    "beat_spy_rate": 0.45247706422018347,
    "median_ret": 0.31195742615529953,
    "cagr_dca_portfolio": 0.0448959436830245,
    "cagr_spy_dca": 0.1,
    "edge_vs_spy_dca": -0.05510405631697551,
    "label": "k=10_no_pyramid",
    "top_k": 10,
    "no_pyramid": true,
    "unique_tickers": 1270
  }
}