year,n_picks,win_rate,beat_spy_rate,median_ret,cagr_dca_picks,cagr_dca_spy,edge
2018,60,0.7833333333333333,0.36666666666666664,1.1858694316630447,0.14501154884810982,0.13674842611771246,0.008263122730397365
2019,60,0.7166666666666667,0.23333333333333334,0.5064080015041329,0.1315439964711763,0.14356104110774018,-0.01201704463656389
2020,60,0.6833333333333333,0.4,0.733903429158827,0.22352054861474743,0.15000938473059525,0.07351116388415219
2021,60,0.6666666666666666,0.6,1.0600708753368222,0.1637115515062051,0.11025251104247744,0.05345904046372765
2022,60,0.8,0.38333333333333336,0.5196787840646188,0.1630806628671547,0.15238377523589453,0.010696887631260171
2023,60,0.6333333333333333,0.45,0.3733198383812447,0.30166528061085385,0.18093777431705133,0.12072750629380252
2024,60,0.6833333333333333,0.6333333333333333,0.49193663327035675,0.42450785505131833,0.12676924248074908,0.2977386125705692
2025,60,0.5666666666666667,0.55,0.1155072999993445,0.549545044809019,0.07686202137094307,0.47268302343807594
