year,n_picks,win_rate,beat_spy_rate,median_ret,cagr_dca_picks,cagr_dca_spy,edge
2018,12,0.8333333333333334,0.5,1.6686000724953358,0.1608876771550732,0.13674842611771248,0.024139251037360726
2019,12,0.8333333333333334,0.16666666666666666,0.352335635740479,0.11826827312744159,0.14356104110774032,-0.025292767980298725
2020,12,0.75,0.5833333333333334,1.2100367716387965,0.17558425659829566,0.1500093847305953,0.025574871867700355
2021,12,0.75,0.75,1.1521611749098524,0.18472048684273587,0.11025251104247756,0.07446797580025831
2022,12,1.0,0.5833333333333334,1.3354927422806513,0.22676651377631385,0.1523837752358946,0.07438273854041924
2023,12,0.6666666666666666,0.5,0.6730050443711221,0.24370241827457842,0.18093777431705113,0.06276464395752729
2024,12,0.8333333333333334,0.75,0.9608870167210962,0.6650319073388077,0.126769242480749,0.5382626648580586
2025,12,0.75,0.8333333333333334,0.2901542618566575,0.7445278336594612,0.07686202137094354,0.6676658122885176
