year,n_picks,win_rate,beat_spy_rate,median_ret,cagr_dca_picks,cagr_dca_spy,edge
2018,12,1.0,0.4166666666666667,1.3885070749372304,0.3060498119551898,0.13674842611771248,0.16930138583747734
2019,12,0.6666666666666666,0.4166666666666667,0.8657853182036265,0.3935531291688246,0.14356104110774032,0.2499920880610843
2020,12,0.75,0.3333333333333333,0.9055562785554184,0.15979122272945936,0.1500093847305953,0.009781837998864062
2021,12,0.25,0.16666666666666666,-0.8115799806158404,-0.08192489868706683,0.11025251104247756,-0.1921774097295444
2022,12,0.75,0.75,8.60187367632415,1.0570545121476238,0.1523837752358946,0.9046707369117292
2023,12,0.4166666666666667,0.4166666666666667,-0.5981146712802705,1.5392336205421429,0.18093777431705113,1.3582958462250918
2024,12,0.3333333333333333,0.25,-0.34873033048720575,-0.15017711457101918,0.126769242480749,-0.2769463570517682
2025,12,0.16666666666666666,0.16666666666666666,-0.3528312953846659,-0.1982797560719368,0.07686202137094354,-0.2751417774428803
