year,n_picks,win_rate,beat_spy_rate,median_ret,cagr_dca_picks,cagr_dca_spy,edge
2018,60,0.8,0.4166666666666667,1.293352948532352,0.2726504740698936,0.13674842611771246,0.13590204795218117
2019,60,0.7666666666666667,0.36666666666666664,1.0253105831503049,0.3266029747470353,0.14356104110774018,0.18304193363929513
2020,60,0.8333333333333334,0.5166666666666667,1.1792923593416438,0.24372592404451218,0.15000938473059525,0.09371653931391694
2021,60,0.2,0.15,-0.6612579635347942,-0.07923478266800678,0.11025251104247744,-0.18948729371048423
2022,60,0.45,0.31666666666666665,-0.12041735185006675,0.4375127424659165,0.15238377523589453,0.28512896723002196
2023,60,0.4666666666666667,0.31666666666666665,-0.05547982949582325,0.6425100338324803,0.18093777431705133,0.46157225951542896
2024,60,0.3333333333333333,0.23333333333333334,-0.18446635481751444,-0.08311338843153476,0.12676924248074908,-0.20988263091228385
2025,60,0.48333333333333334,0.43333333333333335,-0.036925461293968787,0.145570028514512,0.07686202137094307,0.06870800714356894
