year,n_picks,win_rate,beat_spy_rate,median_ret,cagr_dca_picks,cagr_dca_spy,edge
2018,36,0.7777777777777778,0.4166666666666667,1.3625277060900762,0.2990313419682554,0.13674842611771254,0.16228291585054289
2019,36,0.7222222222222222,0.3055555555555556,0.5321948501529912,0.30513027350124683,0.1435610411077402,0.16156923239350662
2020,36,0.8055555555555556,0.4722222222222222,0.9838566048673831,0.2724721561263952,0.15000938473059522,0.12246277139579997
2021,36,0.16666666666666666,0.1111111111111111,-0.6874607317197707,-0.11440549482513909,0.1102525110424774,-0.22465800586761647
2022,36,0.4722222222222222,0.4166666666666667,-0.03938883032391277,0.6008948897963845,0.15238377523589453,0.44851111456049
2023,36,0.5,0.3055555555555556,0.053406554543389106,0.8154228277132582,0.18093777431705124,0.634485053396207
2024,36,0.4444444444444444,0.3055555555555556,-0.21238317880805435,-0.10291484367082679,0.12676924248074942,-0.2296840861515762
2025,36,0.3888888888888889,0.3333333333333333,-0.1338505565800009,0.0736135204776089,0.0768620213709434,-0.003248500893334505
