year,n_picks,win_rate,beat_spy_rate,median_ret,cagr_dca_picks,cagr_dca_spy,edge
2018,12,0.75,0.3333333333333333,0.7102450769028428,0.12872592682622222,0.13674842611771248,-0.008022499291490265
2019,12,0.5833333333333334,0.25,0.405449675718638,0.3876600826539376,0.14356104110774032,0.24409904154619727
2020,12,0.6666666666666666,0.3333333333333333,0.8620475191409535,0.13670735615586146,0.1500093847305953,-0.013302028574733837
2021,12,0.75,0.75,1.062306552225181,0.1358796175887098,0.11025251104247756,0.02562710654623225
2022,12,0.8333333333333334,0.8333333333333334,8.60187367632415,1.0720763152380939,0.1523837752358946,0.9196925400021992
2023,12,0.3333333333333333,0.3333333333333333,-0.38868276492250853,1.4093925061011443,0.18093777431705113,1.2284547317840933
2024,12,0.16666666666666666,0.16666666666666666,-0.5189608497135694,-0.24958818287405052,0.126769242480749,-0.37635742535479955
2025,12,0.08333333333333333,0.16666666666666666,-0.28937675053275413,-0.307163933497297,0.07686202137094354,-0.38402595486824054
