year,n_picks,win_rate,beat_spy_rate,median_ret,cagr_dca_picks,cagr_dca_spy,edge
2018,60,0.7833333333333333,0.43333333333333335,1.0923475656488824,0.2929934367928529,0.13674842611771246,0.15624501067514043
2019,60,0.6,0.23333333333333334,0.5141924366679304,0.2611339409277359,0.14356104110774018,0.11757289981999572
2020,60,0.7333333333333333,0.36666666666666664,0.8644907928944129,0.13671929521908552,0.15000938473059525,-0.013290089511509728
2021,60,0.36666666666666664,0.31666666666666665,-0.5260137039000669,-0.0029887345177263894,0.11025251104247744,-0.11324124556020382
2022,60,0.45,0.31666666666666665,-0.16535202256212356,0.4413856930803813,0.15238377523589453,0.28900191784448676
2023,60,0.4166666666666667,0.2,-0.04406812106503982,0.5685459548915279,0.18093777431705133,0.3876081805744766
2024,60,0.4,0.3,-0.0860845903185466,-0.057883496351841306,0.12676924248074908,-0.1846527388325904
2025,60,0.38333333333333336,0.3333333333333333,-0.0978086017726737,0.008097969367978361,0.07686202137094307,-0.0687640520029647
