{
  "n_months": 248,
  "cagr": 0.17793297808164055,
  "sharpe": 1.080569156049971,
  "sortino": 1.9765426030144224,
  "max_dd": -0.29231207522729774,
  "best_m": 0.1436552396892724,
  "worst_m": -0.1478726952116308,
  "positive_months": 158,
  "total_months": 248,
  "cash_months": 4,
  "sub_sharpes": [
    1.141638421436706,
    1.3378981190124968,
    0.9479724993440883
  ],
  "sub_sharpe_min": 0.9479724993440883,
  "exp_name": "invvol_port_K10_vc0.5_vtNone",
  "K": 10,
  "hold": 6,
  "vol_target": null,
  "wall_time_s": 0.28
}