{
  "cfg": {
    "name": "exp_21_ens_3_6_12_cls",
    "K": 3,
    "hold_months": 6,
    "weighting": "ew",
    "cost_bps_per_leg": 5.0,
    "cash_yield_apr": 0.0,
    "crash_gate": true,
    "soft_cash": false,
    "score_fn_name": "ens_3_6_12_cls",
    "pick_filter": "none",
    "conv_lambda": 0.0,
    "cash_score_floor": 0.0
  },
  "metrics": {
    "n_months": 248,
    "cagr": 0.3565378188577377,
    "sharpe": 0.9237327199815243,
    "sortino": 2.3372302599773063,
    "max_dd": -0.4783289375375585,
    "best_m": 0.8495509234283266,
    "worst_m": -0.3357942381205953,
    "positive_months": 145,
    "total_months": 248,
    "cash_months": 4,
    "window": "research",
    "wall_time_s": 0.21
  },
  "run_id": "20260510_134922_exp_21_ens_3_6_12_cls_c205b13c4a_research",
  "git_sha": "f72377ada312ac4fc7d916b26315abf2a3bed1e4"
}