{
  "n_months": 248,
  "cagr": 0.21090385140790202,
  "sharpe": 0.8949833165305843,
  "sortino": 1.767603748925421,
  "max_dd": -0.4680862299263635,
  "best_m": 0.3702794274053608,
  "worst_m": -0.23920589501103395,
  "positive_months": 165,
  "total_months": 248,
  "cash_months": 4,
  "sub_sharpes": [
    0.5812869907242294,
    1.1723854223349721,
    0.9988879013839737
  ],
  "sub_sharpe_min": 0.5812869907242294,
  "exp_name": "don_invvol_K5_vc0.7",
  "K": 5,
  "wall_time_s": 0.4
}