{
  "n_months": 248,
  "cagr": 0.15453861467069907,
  "sharpe": 0.9303578138914997,
  "sortino": 1.6064298493454263,
  "max_dd": -0.2973151335906641,
  "best_m": 0.1553120946125779,
  "worst_m": -0.17729153231461708,
  "positive_months": 158,
  "total_months": 248,
  "cash_months": 4,
  "sub_sharpes": [
    1.05352532225373,
    1.2652023910801953,
    0.7162522954496074
  ],
  "sub_sharpe_min": 0.7162522954496074,
  "wall_time_s": 0.28,
  "window": "research",
  "exp_name": "qualK20",
  "K": 20,
  "hold": 6,
  "vol_target": null
}