{
  "n_months": 248,
  "cagr": 0.14785358060213616,
  "sharpe": 0.6932564390915101,
  "sortino": 1.275879668629938,
  "max_dd": -0.3711797306539404,
  "best_m": 0.24917616873283485,
  "worst_m": -0.1964301490046692,
  "positive_months": 155,
  "total_months": 248,
  "cash_months": 4,
  "sub_sharpes": [
    0.7475565112875939,
    0.8338546154545434,
    0.5244450537209845
  ],
  "sub_sharpe_min": 0.5244450537209845,
  "exp_name": "lgbm_fixed_K3",
  "K": 3,
  "wall_time_s": 0.08
}