{
  "label": "CAP5_smooth12M",
  "cagr": 0.18307332392984144,
  "maxdd": 0.4751296514198955,
  "sharpe": 1.3533045314210765,
  "rolling_10y_median_excess_pp": 10.9246513639349,
  "rolling_10y_win_rate": 1.0,
  "annual_win_rate": 0.7619047619047619,
  "gfc_cagr": 0.3877998650578338,
  "gfc_sharpe": 1.4106716667987351,
  "jackknife_median_delta_pp": 0.0
}