{
  "spy_dca": {
    "cagr": 0.06631609642200198,
    "maxdd": 0.35851013496958,
    "sharpe": 1.1128443967903934,
    "calmar": 0.1849769084704648,
    "win_rate": 0.0,
    "gross_win_rate": 0.0,
    "avg_trade_ret": 0.0,
    "avg_days_held": 0.0,
    "n_trades": 0,
    "tp_hits": 0,
    "sl_hits": 0,
    "trail_hits": 0,
    "time_hits": 0,
    "avg_winner": 0.0,
    "avg_loser": 0.0,
    "final_equity": 867777.6114833303,
    "total_invested": 241000.0
  },
  "ctrl_fixed_10_15_252": {
    "cagr": 0.11126470642113362,
    "maxdd": 0.47985896789221016,
    "sharpe": 1.076024234055836,
    "calmar": 0.23186959891541883,
    "win_rate": 0.7049180327868853,
    "gross_win_rate": 0.7049180327868853,
    "avg_trade_ret": 0.026229508196721363,
    "avg_days_held": 24.614754098360656,
    "n_trades": 122,
    "tp_hits": 86,
    "sl_hits": 36,
    "trail_hits": 0,
    "time_hits": 0,
    "avg_winner": 0.10000000000000003,
    "avg_loser": -0.15000000000000005,
    "final_equity": 1978643.2614784741,
    "total_invested": 241000.0
  },
  "A_atr_sl_k1.5": {
    "cagr": 0.056742022229560485,
    "maxdd": 0.33480176617870194,
    "sharpe": 1.0273781963203452,
    "calmar": 0.1694794590757152,
    "win_rate": 0.43315508021390375,
    "gross_win_rate": 0.43315508021390375,
    "avg_trade_ret": 0.011197981448008373,
    "avg_days_held": 10.48663101604278,
    "n_trades": 187,
    "tp_hits": 81,
    "sl_hits": 106,
    "trail_hits": 0,
    "time_hits": 0,
    "avg_winner": 0.10000000000000009,
    "avg_loser": -0.056660164803985294,
    "final_equity": 725020.5804922753,
    "total_invested": 241000.0
  },
  "A_atr_sl_k2.0": {
    "cagr": 0.06587837037699718,
    "maxdd": 0.4585470640056716,
    "sharpe": 1.0138821447153124,
    "calmar": 0.14366763097665883,
    "win_rate": 0.5060240963855421,
    "gross_win_rate": 0.5060240963855421,
    "avg_trade_ret": 0.012777860761418727,
    "avg_days_held": 14.283132530120483,
    "n_trades": 166,
    "tp_hits": 84,
    "sl_hits": 82,
    "trail_hits": 0,
    "time_hits": 0,
    "avg_winner": 0.10000000000000006,
    "avg_loser": -0.07657164772688413,
    "final_equity": 860915.5791941311,
    "total_invested": 241000.0
  },
  "A_atr_sl_k2.5": {
    "cagr": 0.04357459223145099,
    "maxdd": 0.5657593872888845,
    "sharpe": 0.9417158684647695,
    "calmar": 0.07701965395618121,
    "win_rate": 0.538961038961039,
    "gross_win_rate": 0.538961038961039,
    "avg_trade_ret": 0.00823821576615118,
    "avg_days_held": 16.66883116883117,
    "n_trades": 154,
    "tp_hits": 83,
    "sl_hits": 71,
    "trail_hits": 0,
    "time_hits": 0,
    "avg_winner": 0.10000000000000009,
    "avg_loser": -0.09903260242271444,
    "final_equity": 564518.8058766839,
    "total_invested": 241000.0
  },
  "A_atr_sl_k3.0": {
    "cagr": 0.06554099491803256,
    "maxdd": 0.6219141424152611,
    "sharpe": 0.9672806142601561,
    "calmar": 0.10538592138055912,
    "win_rate": 0.6027397260273972,
    "gross_win_rate": 0.6027397260273972,
    "avg_trade_ret": 0.01237195452984644,
    "avg_days_held": 19.02054794520548,
    "n_trades": 146,
    "tp_hits": 88,
    "sl_hits": 58,
    "trail_hits": 0,
    "time_hits": 0,
    "avg_winner": 0.10000000000000009,
    "avg_loser": -0.12058094204555907,
    "final_equity": 855493.7590882297,
    "total_invested": 241000.0
  },
  "A_atr_sl_k4.0": {
    "cagr": 0.08142671592462292,
    "maxdd": 0.6016472887728642,
    "sharpe": 0.968408622812234,
    "calmar": 0.13533962081122813,
    "win_rate": 0.6785714285714286,
    "gross_win_rate": 0.6785714285714286,
    "avg_trade_ret": 0.020259590523976325,
    "avg_days_held": 28.446428571428573,
    "n_trades": 112,
    "tp_hits": 76,
    "sl_hits": 36,
    "trail_hits": 0,
    "time_hits": 0,
    "avg_winner": 0.10000000000000009,
    "avg_loser": -0.14808127392540718,
    "final_equity": 1149409.8881628395,
    "total_invested": 241000.0
  },
  "A_atr_sl_k5.0": {
    "cagr": 0.13514341873584335,
    "maxdd": 0.687001424566546,
    "sharpe": 1.061602743312954,
    "calmar": 0.1967149032057833,
    "win_rate": 0.77,
    "gross_win_rate": 0.77,
    "avg_trade_ret": 0.03457427399933887,
    "avg_days_held": 33.82,
    "n_trades": 100,
    "tp_hits": 77,
    "sl_hits": 23,
    "trail_hits": 0,
    "time_hits": 0,
    "avg_winner": 0.10000000000000006,
    "avg_loser": -0.18445967826374438,
    "final_equity": 3024326.9922457524,
    "total_invested": 241000.0
  },
  "A_atr_sl_k7.0": {
    "cagr": 0.13936528425518424,
    "maxdd": 0.761934468942242,
    "sharpe": 1.0419290078965933,
    "calmar": 0.18290980384265662,
    "win_rate": 0.8333333333333334,
    "gross_win_rate": 0.8333333333333334,
    "avg_trade_ret": 0.04037598741838709,
    "avg_days_held": 39.18888888888889,
    "n_trades": 90,
    "tp_hits": 75,
    "sl_hits": 15,
    "trail_hits": 0,
    "time_hits": 0,
    "avg_winner": 0.10000000000000009,
    "avg_loser": -0.25774407548967787,
    "final_equity": 3256891.6539065186,
    "total_invested": 241000.0
  },
  "A_atr_sl_k10.0": {
    "cagr": 0.02895162472154711,
    "maxdd": 0.6745379448663007,
    "sharpe": 0.8396694306765118,
    "calmar": 0.0429206762078975,
    "win_rate": 0.8421052631578947,
    "gross_win_rate": 0.8421052631578947,
    "avg_trade_ret": 0.026424289962731887,
    "avg_days_held": 49.10526315789474,
    "n_trades": 76,
    "tp_hits": 64,
    "sl_hits": 12,
    "trail_hits": 0,
    "time_hits": 0,
    "avg_winner": 0.10000000000000009,
    "avg_loser": -0.36597949690269854,
    "final_equity": 425966.19844800414,
    "total_invested": 241000.0
  },
  "B_trail_8": {
    "cagr": 0.01860927731350115,
    "maxdd": 0.4107446777860484,
    "sharpe": 0.9612391946735557,
    "calmar": 0.045306192191720815,
    "win_rate": 0.296875,
    "gross_win_rate": 0.4166666666666667,
    "avg_trade_ret": 0.004650336889512527,
    "avg_days_held": 10.354166666666666,
    "n_trades": 192,
    "tp_hits": 57,
    "sl_hits": 135,
    "trail_hits": 0,
    "time_hits": 0,
    "avg_winner": 0.08053228211317687,
    "avg_loser": -0.049551052555962004,
    "final_equity": 348193.0113020346,
    "total_invested": 241000.0
  },
  "B_trail_10": {
    "cagr": 0.07919017126903594,
    "maxdd": 0.31458716110019536,
    "sharpe": 1.0838761195244928,
    "calmar": 0.25172728280482504,
    "win_rate": 0.43452380952380953,
    "gross_win_rate": 0.47619047619047616,
    "avg_trade_ret": 0.013438565824471005,
    "avg_days_held": 14.119047619047619,
    "n_trades": 168,
    "tp_hits": 73,
    "sl_hits": 95,
    "trail_hits": 0,
    "time_hits": 0,
    "avg_winner": 0.0962139720635716,
    "avg_loser": -0.06181180348380226,
    "final_equity": 1102889.2821151603,
    "total_invested": 241000.0
  },
  "B_trail_12": {
    "cagr": 0.07961426263866511,
    "maxdd": 0.4147647000715018,
    "sharpe": 1.059670411284545,
    "calmar": 0.19195043026790928,
    "win_rate": 0.5126582278481012,
    "gross_win_rate": 0.5379746835443038,
    "avg_trade_ret": 0.015335218684549448,
    "avg_days_held": 16.18354430379747,
    "n_trades": 158,
    "tp_hits": 81,
    "sl_hits": 77,
    "trail_hits": 0,
    "time_hits": 0,
    "avg_winner": 0.09692121327356863,
    "avg_loser": -0.07966217227526741,
    "final_equity": 1111570.7438177022,
    "total_invested": 241000.0
  },
  "B_trail_15": {
    "cagr": 0.06157398485950183,
    "maxdd": 0.47151606967096826,
    "sharpe": 0.9869637243338848,
    "calmar": 0.13058724573792188,
    "win_rate": 0.5857142857142857,
    "gross_win_rate": 0.5928571428571429,
    "avg_trade_ret": 0.013341187918008774,
    "avg_days_held": 20.22142857142857,
    "n_trades": 140,
    "tp_hits": 82,
    "sl_hits": 58,
    "trail_hits": 0,
    "time_hits": 0,
    "avg_winner": 0.09888030397544005,
    "avg_loser": -0.11121577055158414,
    "final_equity": 794126.4008403642,
    "total_invested": 241000.0
  },
  "B_trail_18": {
    "cagr": 0.08357192970521199,
    "maxdd": 0.6736570715792155,
    "sharpe": 1.0183246227172962,
    "calmar": 0.12405708071808572,