{
  "baseline_orig_97": {
    "cagr": 0.17405267222728327,
    "maxdd": 0.4615336574562068,
    "sharpe": 1.3426449708191204
  },
  "full_128": {
    "cagr": 0.16535586757837817,
    "maxdd": 0.4359657620062977,
    "sharpe": 1.3391284956583183
  },
  "marginal": {
    "STZ": {
      "cagr": 0.1742673688854166,
      "delta_pp": 0.021469665813333982,
      "picks": 18
    },
    "AZO": {
      "cagr": 0.17416986595034434,
      "delta_pp": 0.01171937230610709,
      "picks": 11
    },
    "KLAC": {
      "cagr": 0.17410040953551054,
      "delta_pp": 0.004773730822726918,
      "picks": 13
    },
    "ORCL": {
      "cagr": 0.17405593793972396,
      "delta_pp": 0.000326571244069207,
      "picks": 4
    },
    "CPRT": {
      "cagr": 0.17405288321713352,
      "delta_pp": 2.1098985025780337e-05,
      "picks": 11
    },
    "CHTR": {
      "cagr": 0.17405267222728327,
      "delta_pp": 0.0,
      "picks": 0
    },
    "LUV": {
      "cagr": 0.17405267222728327,
      "delta_pp": 0.0,
      "picks": 0
    },
    "MA": {
      "cagr": 0.17405267222728327,
      "delta_pp": 0.0,
      "picks": 0
    },
    "SWKS": {
      "cagr": 0.17405267222728327,
      "delta_pp": 0.0,
      "picks": 0
    },
    "ADP": {
      "cagr": 0.17405189184185943,
      "delta_pp": -7.803854238375152e-05,
      "picks": 2
    },
    "EMR": {
      "cagr": 0.17404318439291178,
      "delta_pp": -0.0009487834371491033,
      "picks": 4
    },
    "ACN": {
      "cagr": 0.17404294891225414,
      "delta_pp": -0.000972331502913093,
      "picks": 8
    },
    "SCCO": {
      "cagr": 0.17399186355347052,
      "delta_pp": -0.006080867381275112,
      "picks": 24
    },
    "GIS": {
      "cagr": 0.17398148007353598,
      "delta_pp": -0.007119215374729038,
      "picks": 29
    },
    "CME": {
      "cagr": 0.17394505019922635,
      "delta_pp": -0.010762202805691956,
      "picks": 3
    },
    "ASML": {
      "cagr": 0.17389402791098574,
      "delta_pp": -0.01586443162975293,
      "picks": 5
    },
    "REGN": {
      "cagr": 0.1738817480113053,
      "delta_pp": -0.017092421597797447,
      "picks": 33
    },
    "TER": {
      "cagr": 0.17387553161489633,
      "delta_pp": -0.0177140612386939,
      "picks": 5
    },
    "ISRG": {
      "cagr": 0.17384582456719966,
      "delta_pp": -0.02068476600836089,
      "picks": 17
    },
    "ARCC": {
      "cagr": 0.17374211947838925,
      "delta_pp": -0.031055274889402185,
      "picks": 12
    },
    "SHW": {
      "cagr": 0.17367099491850846,
      "delta_pp": -0.03816773087748082,
      "picks": 6
    },
    "PSA": {
      "cagr": 0.17339512541464552,
      "delta_pp": -0.06575468126377437,
      "picks": 17
    },
    "BX": {
      "cagr": 0.1733554090298739,
      "delta_pp": -0.06972631974093702,
      "picks": 14
    },
    "GRMN": {
      "cagr": 0.1731411736838817,
      "delta_pp": -0.09114985434015566,
      "picks": 20
    },
    "LRCX": {
      "cagr": 0.17303400397391377,
      "delta_pp": -0.10186682533694924,
      "picks": 21
    },
    "NTAP": {
      "cagr": 0.17294520480231568,
      "delta_pp": -0.11074674249675898,
      "picks": 13
    },
    "QCOM": {
      "cagr": 0.17284346652712945,
      "delta_pp": -0.12092057001538148,
      "picks": 18
    },
    "VRTX": {
      "cagr": 0.172493357495616,
      "delta_pp": -0.15593147316672606,
      "picks": 34
    },
    "JCI": {
      "cagr": 0.17236264708053195,
      "delta_pp": -0.16900251467513172,
      "picks": 5
    },
    "EXPE": {
      "cagr": 0.17055204444062722,
      "delta_pp": -0.3500627786656052,
      "picks": 34
    },
    "INFY": {
      "cagr": 0.17024324986187245,
      "delta_pp": -0.38094223654108195,
      "picks": 30
    }
  }
}