{
  "label": "CAP5_baseline",
  "cagr": 0.17405267222728327,
  "maxdd": 0.4615336574562068,
  "sharpe": 1.3426449708191204,
  "rolling_10y_median_excess_pp": 9.507226863414298,
  "rolling_10y_win_rate": 1.0,
  "annual_win_rate": 0.8571428571428571,
  "gfc_cagr": 0.3796364794865019,
  "gfc_sharpe": 1.4130889998077176,
  "jackknife_median_delta_pp": 0.0
}