{
  "spy_dca": {
    "cagr": 0.06631609642200198,
    "maxdd": 0.35851013496958,
    "sharpe": 1.1128443967903934,
    "calmar": 0.1849769084704648,
    "win_rate": 0.0,
    "gross_win_rate": 0.0,
    "avg_trade_ret": 0.0,
    "avg_days_held": 0.0,
    "n_trades": 0,
    "tp_hits": 0,
    "sl_hits": 0,
    "trail_hits": 0,
    "time_hits": 0,
    "avg_winner": 0.0,
    "avg_loser": 0.0,
    "final_equity": 867777.6114833303,
    "total_invested": 241000.0
  },
  "ctrl_1slot": {
    "cagr": 0.11520852692809602,
    "maxdd": 0.7876787251830688,
    "sharpe": 0.994909109973396,
    "calmar": 0.14626334728200227,
    "win_rate": 0.8793103448275862,
    "gross_win_rate": 0.896551724137931,
    "avg_trade_ret": 0.051543484341701105,
    "avg_days_held": 67.27586206896552,
    "n_trades": 58,
    "tp_hits": 51,
    "sl_hits": 0,
    "trail_hits": 0,
    "time_hits": 7,
    "avg_winner": 0.09861081891545992,
    "avg_loser": -0.3563734152975419,
    "final_equity": 2123594.246477821,
    "total_invested": 241000.0
  },
  "slots_2": {
    "cagr": 0.09036886644587216,
    "maxdd": 0.651474591023958,
    "sharpe": 1.000212567837961,
    "calmar": 0.1387143377362339,
    "win_rate": 0.8541666666666666,
    "gross_win_rate": 0.875,
    "avg_trade_ret": 0.042994632775834464,
    "avg_days_held": 77.75,
    "n_trades": 96,
    "tp_hits": 82,
    "sl_hits": 0,
    "trail_hits": 0,
    "time_hits": 14,
    "avg_winner": 0.09823764744038692,
    "avg_loser": -0.34370646987603276,
    "final_equity": 1354708.2694612788,
    "total_invested": 241000.0
  },
  "slots_3": {
    "cagr": 0.08641725946750789,
    "maxdd": 0.5995054670500367,
    "sharpe": 1.0576783681109911,
    "calmar": 0.1441475753219365,
    "win_rate": 0.841726618705036,
    "gross_win_rate": 0.8776978417266187,
    "avg_trade_ret": 0.04881765523463684,
    "avg_days_held": 75.28057553956835,
    "n_trades": 139,
    "tp_hits": 117,
    "sl_hits": 0,
    "trail_hits": 0,
    "time_hits": 22,
    "avg_winner": 0.09767205467143619,
    "avg_loser": -0.30178450542945257,
    "final_equity": 1260024.2078645397,
    "total_invested": 241000.0
  },
  "slots_5": {
    "cagr": 0.07570237294501125,
    "maxdd": 0.6212747685619705,
    "sharpe": 1.112256799089569,
    "calmar": 0.12185006823991137,
    "win_rate": 0.8489583333333334,
    "gross_win_rate": 0.8697916666666666,
    "avg_trade_ret": 0.04495318985514584,
    "avg_days_held": 75.39583333333333,
    "n_trades": 192,
    "tp_hits": 163,
    "sl_hits": 0,
    "trail_hits": 0,
    "time_hits": 29,
    "avg_winner": 0.0987912456284105,
    "avg_loser": -0.3146850227102624,
    "final_equity": 1033894.4148480296,
    "total_invested": 241000.0
  },
  "slots_10": {
    "cagr": 0.037961447407872884,
    "maxdd": 0.26850184874190947,
    "sharpe": 1.1292028983099183,
    "calmar": 0.14138244330809935,
    "win_rate": 0.8533333333333334,
    "gross_win_rate": 0.8711111111111111,
    "avg_trade_ret": 0.04690534457145003,
    "avg_days_held": 74.94222222222223,
    "n_trades": 225,
    "tp_hits": 192,
    "sl_hits": 0,
    "trail_hits": 0,
    "time_hits": 33,
    "avg_winner": 0.09897009193849265,
    "avg_loser": -0.30498053418511395,
    "final_equity": 506915.042607577,
    "total_invested": 241000.0
  },
  "spy200_slots1": {
    "cagr": 0.08837142040216972,
    "maxdd": 0.8090214309432345,
    "sharpe": 0.9826437413969651,
    "calmar": 0.10923248386527644,
    "win_rate": 0.8846153846153846,
    "gross_win_rate": 0.9038461538461539,
    "avg_trade_ret": 0.05372282902203243,
    "avg_days_held": 68.8076923076923,
    "n_trades": 52,
    "tp_hits": 46,
    "sl_hits": 0,
    "trail_hits": 0,
    "time_hits": 6,
    "avg_winner": 0.0984630336937003,
    "avg_loser": -0.36683509489164606,
    "final_equity": 1306033.370202438,
    "total_invested": 241000.0
  },
  "spy200_slots3": {
    "cagr": 0.06665966602007267,
    "maxdd": 0.5137805711787727,
    "sharpe": 1.0700551478138303,
    "calmar": 0.1297434542282022,
    "win_rate": 0.8347107438016529,
    "gross_win_rate": 0.8760330578512396,
    "avg_trade_ret": 0.0461614329133483,
    "avg_days_held": 76.0495867768595,
    "n_trades": 121,
    "tp_hits": 101,
    "sl_hits": 0,
    "trail_hits": 0,
    "time_hits": 20,
    "avg_winner": 0.09732066669731335,
    "avg_loser": -0.3153638191600047,
    "final_equity": 873597.045065301,
    "total_invested": 241000.0
  },
  "spy200_slots5": {
    "cagr": 0.06129260752443089,
    "maxdd": 0.31476822418534356,
    "sharpe": 1.1442332557959602,
    "calmar": 0.19472298286481496,
    "win_rate": 0.8466257668711656,
    "gross_win_rate": 0.8773006134969326,
    "avg_trade_ret": 0.05203136972359877,
    "avg_days_held": 77.57055214723927,
    "n_trades": 163,
    "tp_hits": 138,
    "sl_hits": 0,
    "trail_hits": 0,
    "time_hits": 25,
    "avg_winner": 0.09801392076863787,
    "avg_loser": -0.27674387024843083,
    "final_equity": 789936.3540111533,
    "total_invested": 241000.0
  },
  "sl10_slots3": {
    "cagr": 0.05711091139465574,
    "maxdd": 0.18004926256531747,
    "sharpe": 1.1820287582628428,
    "calmar": 0.31719603058044904,
    "win_rate": 0.6227272727272727,
    "gross_win_rate": 0.6227272727272727,
    "avg_trade_ret": 0.024545454545454603,
    "avg_days_held": 21.286363636363635,
    "n_trades": 220,
    "tp_hits": 137,
    "sl_hits": 83,
    "trail_hits": 0,
    "time_hits": 0,
    "avg_winner": 0.10000000000000007,
    "avg_loser": -0.09999999999999996,
    "final_equity": 730088.1055763165,
    "total_invested": 241000.0
  },
  "sl15_slots3": {
    "cagr": 0.04469545329525837,
    "maxdd": 0.33779675612697346,
    "sharpe": 1.1105951454976213,
    "calmar": 0.13231463145980574,
    "win_rate": 0.6746411483253588,
    "gross_win_rate": 0.6842105263157895,
    "avg_trade_ret": 0.020612621305689187,
    "avg_days_held": 28.91866028708134,
    "n_trades": 209,
    "tp_hits": 141,
    "sl_hits": 66,
    "trail_hits": 0,
    "time_hits": 2,
    "avg_winner": 0.0993569080621611,
    "avg_loser": -0.15000000000000002,
    "final_equity": 576742.8491134536,
    "total_invested": 241000.0
  },
  "sl20_slots3": {
    "cagr": 0.07293443329901139,
    "maxdd": 0.30937632715672786,
    "sharpe": 1.165176185525211,
    "calmar": 0.23574665188284857,
    "win_rate": 0.751269035532995,
    "gross_win_rate": 0.7614213197969543,
    "avg_trade_ret": 0.02843868350320313,
    "avg_days_held": 37.065989847715734,
    "n_trades": 197,
    "tp_hits": 148,
    "sl_hits": 46,
    "trail_hits": 0,
    "time_hits": 3,
    "avg_winner": 0.09938691901926028,
    "avg_loser": -0.19799185537783026,
    "final_equity": 982078.4069960178,
    "total_invested": 241000.0
  },
  "sl25_slots3": {
    "cagr": 0.06547791007915849,
    "maxdd": 0.3872173935543666,
    "sharpe": 1.1312859006013172,
    "calmar": 0.1690985765854167,
    "win_rate": 0.7724867724867724,
    "gross_win_rate": 0.783068783068783,
    "avg_trade_ret": 0.02515956648222887,
    "avg_days_held": 40.61904761904762,
    "n_trades": 189,
    "tp_hits": 146,
    "sl_hits": 39,
    "trail_hits": 0,
    "time_hits": 4,
    "avg_winner": 0.09937863414114215,
    "avg_loser": -0.242753165554824,
    "final_equity": 854483.5550765055,
    "total_invested": 241000.0
  },
  "trail10_slots3": {
    "cagr": 0.045268386582683284,
    "maxdd": 0.10609011791674344,
    "sharpe": 1.1666275349472859,
    "calmar": 0.42669748579418726,
    "win_rate": 0.4622222222222222,
    "gross_win_rate": 0.49333333333333335,
    "avg_trade_ret": 0.017050481462454144,
    "avg_days_held": 16.711111111111112,
    "n_trades": 225,
    "tp_hits": 104,
    "sl_hits": 0,
    "trail_hits": 121,
    "time_hits": 0,
    "avg_winner": 0.09727133121698853,
    "avg_loser": -0.06105929329853988,
    "final_equity": 583087.9229977336,
    "total_invested": 241000.0
  },
  "trail15_slots3": {
    "cagr": 0.04232617781084769,
    "maxdd": 0.276223942079486,
    "sharpe": 1.1252388664279676,
    "calmar": 0.15323138715712029,
    "win_rate": 0.6129032258064516,