{
  "label": "CAP5_smooth24M",
  "cagr": 0.18596380521619804,
  "maxdd": 0.4802113541376942,
  "sharpe": 1.3561599245044216,
  "rolling_10y_median_excess_pp": 11.567323440988897,
  "rolling_10y_win_rate": 1.0,
  "annual_win_rate": 0.7619047619047619,
  "gfc_cagr": 0.392133740317288,
  "gfc_sharpe": 1.4146055473883552,
  "jackknife_median_delta_pp": 0.0
}