{
  "crypto_dynamic_tp": {
    "cagr": -0.06010382951037274,
    "mdd": 0.7512541626174609,
    "sharpe": 1.015058649330388,
    "calmar": -0.08000465421843879,
    "tp_hits": 28,
    "sl_hits": 51,
    "time_hits": 0,
    "n_trades": 79,
    "gross_wr": 0.35443037974683544,
    "avg_winner": 0.25,
    "avg_loser": -0.12,
    "final_equity": 59745.45416413916,
    "total_invested": 100000.0
  },
  "btc_dca": {
    "cagr": 0.20926266585895492,
    "mdd": 0.7470712929057315,
    "sharpe": 1.176167620390981,
    "calmar": 0.28011070408692645,
    "tp_hits": 0,
    "sl_hits": 0,
    "time_hits": 0,
    "n_trades": 0,
    "gross_wr": 0.0,
    "avg_winner": 0.0,
    "avg_loser": 0.0,
    "final_equity": 484715.1148999711,
    "total_invested": 100000.0
  }
}