{
  "n_months": 248,
  "cagr": 0.18805021511534603,
  "sharpe": 0.847751033444177,
  "sortino": 1.5055459275135337,
  "max_dd": -0.44265846215231297,
  "best_m": 0.19831164336218912,
  "worst_m": -0.2734115553050809,
  "positive_months": 152,
  "total_months": 248,
  "cash_months": 4,
  "sub_sharpes": [
    0.9165911456476501,
    1.0988812844214415,
    0.7486718016112293
  ],
  "sub_sharpe_min": 0.7486718016112293,
  "wall_time_s": 0.2,
  "window": "research",
  "exp_name": "qualvol0.50_qf0.30",
  "K": 3,
  "hold": 6,
  "vol_target": null
}