{
  "n_months": 248,
  "cagr": 0.13233684642324062,
  "sharpe": 1.0170228435277646,
  "sortino": 1.9050170661250092,
  "max_dd": -0.25058238254715537,
  "best_m": 0.11015496112799901,
  "worst_m": -0.12799687910855498,
  "positive_months": 166,
  "total_months": 248,
  "cash_months": 4,
  "sub_sharpes": [
    1.1584990844345469,
    1.9312694910244452,
    0.45575821388406995
  ],
  "sub_sharpe_min": 0.45575821388406995,
  "wall_time_s": 0.25,
  "window": "research",
  "exp_name": "invqK7",
  "K": 7,
  "hold": 6,
  "vol_target": null
}