{
  "n_months": 248,
  "cagr": 0.19429863382522372,
  "sharpe": 0.9871646048094712,
  "sortino": 1.8143762744535306,
  "max_dd": -0.35264170082925234,
  "best_m": 0.18519582149500727,
  "worst_m": -0.17323482550831415,
  "positive_months": 155,
  "total_months": 248,
  "cash_months": 4,
  "sub_sharpes": [
    1.2667290996211145,
    1.256824917839993,
    0.7757827265164344
  ],
  "sub_sharpe_min": 0.7757827265164344,
  "wall_time_s": 0.19,
  "window": "research",
  "exp_name": "qualK5",
  "K": 5,
  "hold": 6,
  "vol_target": null
}