{
  "n_months": 248,
  "cagr": 0.14209440512652383,
  "sharpe": 0.7073381309910666,
  "sortino": 1.3250052331157052,
  "max_dd": -0.3814113000390662,
  "best_m": 0.24869619129167095,
  "worst_m": -0.18134318822098566,
  "positive_months": 149,
  "total_months": 248,
  "cash_months": 4,
  "sub_sharpes": [
    0.9462997270920489,
    0.8060903177818194,
    0.44580753987555216
  ],
  "sub_sharpe_min": 0.44580753987555216,
  "exp_name": "lgbm_fixed_K5",
  "K": 5,
  "wall_time_s": 0.11
}