{
  "n_months": 248,
  "cagr": 0.2887399156140167,
  "sharpe": 0.8605689542658672,
  "sortino": 1.9354286552401005,
  "max_dd": -0.5701471096777068,
  "best_m": 0.7846420005391264,
  "worst_m": -0.257604866642104,
  "positive_months": 158,
  "total_months": 248,
  "cash_months": 4,
  "sub_sharpes": [
    0.22602151653016345,
    1.1016245288444095,
    1.2393793412703331
  ],
  "sub_sharpe_min": 0.22602151653016345,
  "exp_name": "dq_vc0.70_K3",
  "K": 3,
  "wall_time_s": 0.22
}