{
  "n_months": 248,
  "cagr": 0.16250716678160093,
  "sharpe": 0.8901717182725972,
  "sortino": 1.5407447084860917,
  "max_dd": -0.32217743782129055,
  "best_m": 0.16408079575729279,
  "worst_m": -0.17532028315400422,
  "positive_months": 159,
  "total_months": 248,
  "cash_months": 4,
  "sub_sharpes": [
    0.9079770398145813,
    1.1783231882216771,
    0.8387978527234481
  ],
  "sub_sharpe_min": 0.8387978527234481,
  "exp_name": "invvol_port_K5_vc0.5_vtNone",
  "K": 5,
  "hold": 6,
  "vol_target": null,
  "wall_time_s": 0.23
}