{
  "n_months": 248,
  "cagr": 0.16743936586692043,
  "sharpe": 0.7896100161299036,
  "sortino": 1.476085823420578,
  "max_dd": -0.47917852290954244,
  "best_m": 0.21355060990211505,
  "worst_m": -0.23703388123101796,
  "positive_months": 146,
  "total_months": 248,
  "cash_months": 5,
  "sub_sharpes": [
    1.3811760683967567,
    0.8286972080073076,
    0.41341722326574903
  ],
  "sub_sharpe_min": 0.41341722326574903,
  "wall_time_s": 0.27,
  "window": "research",
  "exp_name": "qualH3",
  "K": 3,
  "hold": 3,
  "vol_target": null
}