{
  "name": "pillar2_only",
  "cagr_full": 0.19248554907580484,
  "spy_cagr_full": 0.1194382410561079,
  "edge_full_pp": 7.304730801969694,
  "sharpe": 0.9037837808370426,
  "max_dd": -0.482778311134374,
  "n_cash": 4,
  "wf_mean_cagr": 0.20711295486295728,
  "wf_median_cagr": 0.19069846429290294,
  "wf_min_cagr": 0.1261883531606096,
  "wf_max_cagr": 0.2995206564640229,
  "wf_mean_sharpe": 0.9456815555253588,
  "wf_min_sharpe": 0.7080650928983777,
  "wf_mean_dd": -0.29284781355492984,
  "wf_min_dd": -0.3736418175420329,
  "wf_mean_edge_pp": 5.905275752352265,
  "wf_n_pos": 10,
  "wf_n_beats_spy": 9,
  "wf_n_splits": 10
}