{
  "cfg": {
    "name": "exp_10_K1",
    "K": 1,
    "hold_months": 6,
    "weighting": "ew",
    "cost_bps_per_leg": 5.0,
    "cash_yield_apr": 0.0,
    "crash_gate": true,
    "soft_cash": false,
    "score_fn_name": "ml_3plus6",
    "pick_filter": "none",
    "conv_lambda": 0.0,
    "cash_score_floor": 0.0
  },
  "metrics": {
    "n_months": 248,
    "cagr": 0.286142213267889,
    "sharpe": 0.6183909505247764,
    "sortino": 1.7215161110819035,
    "max_dd": -0.8038217546777913,
    "best_m": 1.735244534313773,
    "worst_m": -0.36925291463227705,
    "positive_months": 138,
    "total_months": 248,
    "cash_months": 4,
    "window": "research",
    "wall_time_s": 0.14
  },
  "run_id": "20260510_133107_exp_10_K1_8be0a0d00a_research",
  "git_sha": "ed52fb1deb6ade154808a7aea1fa9884423831fd"
}