{
  "name": "v3_baseline",
  "cagr_full": 0.3951017921476987,
  "spy_cagr_full": 0.1194382410561079,
  "edge_full_pp": 27.56635510915908,
  "sharpe": 0.9510649632006004,
  "max_dd": -0.499825007719224,
  "n_cash": 4,
  "wf_mean_cagr": 0.4253846825048472,
  "wf_median_cagr": 0.39637787920266654,
  "wf_min_cagr": 0.14263851968653585,
  "wf_max_cagr": 1.0841328353306996,
  "wf_mean_sharpe": 1.025820300534315,
  "wf_min_sharpe": 0.7206919267594886,
  "wf_mean_dd": -0.2980821297621675,
  "wf_min_dd": -0.4751759599089406,
  "wf_mean_edge_pp": 27.732448516541258,
  "wf_n_pos": 10,
  "wf_n_beats_spy": 9,
  "wf_n_splits": 10
}