{
  "name": "v8_aggressive",
  "cagr_full": 0.7976009534120392,
  "spy_cagr_full": 0.1194382410561079,
  "edge_full_pp": 67.81627123559313,
  "sharpe": 1.1279123021899868,
  "max_dd": -0.758766098926192,
  "n_cash": 4,
  "wf_mean_cagr": 0.9452518856652258,
  "wf_median_cagr": 0.8847729607211308,
  "wf_min_cagr": 0.07843165637382343,
  "wf_max_cagr": 1.809001799172227,
  "wf_mean_sharpe": 1.1788612333516146,
  "wf_min_sharpe": 0.4157501028112346,
  "wf_mean_dd": -0.5753739648660162,
  "wf_min_dd": -0.7587660989261918,
  "wf_mean_edge_pp": 79.71916883257913,
  "wf_n_pos": 10,
  "wf_n_beats_spy": 9,
  "wf_n_splits": 10
}