{
  "name": "v8_moderate",
  "cagr_full": 0.5989350856557227,
  "spy_cagr_full": 0.1194382410561079,
  "edge_full_pp": 47.94968445996148,
  "sharpe": 1.1232205619616997,
  "max_dd": -0.5835934056810983,
  "n_cash": 4,
  "wf_mean_cagr": 0.6942778860087039,
  "wf_median_cagr": 0.7094686864393134,
  "wf_min_cagr": 0.13078535001942937,
  "wf_max_cagr": 1.1499724351908043,
  "wf_mean_sharpe": 1.2043339922818583,
  "wf_min_sharpe": 0.4985399339989574,
  "wf_mean_dd": -0.4196269689412146,
  "wf_min_dd": -0.5476285726324055,
  "wf_mean_edge_pp": 54.62176886692693,
  "wf_n_pos": 10,
  "wf_n_beats_spy": 10,
  "wf_n_splits": 10
}