{
  "name": "v8_max_cagr",
  "cagr_full": 0.7740617561925107,
  "spy_cagr_full": 0.1194382410561079,
  "edge_full_pp": 65.46235151364029,
  "sharpe": 1.0937997914245836,
  "max_dd": -0.7271447263050416,
  "n_cash": 1,
  "wf_mean_cagr": 0.9381168460009011,
  "wf_median_cagr": 0.7009664552058769,
  "wf_min_cagr": 0.06237583368347299,
  "wf_max_cagr": 2.3245290127080867,
  "wf_mean_sharpe": 1.1209406340598675,
  "wf_min_sharpe": 0.4785332773173836,
  "wf_mean_dd": -0.621910632246335,
  "wf_min_dd": -0.7271447263050417,
  "wf_mean_edge_pp": 79.00566486614666,
  "wf_n_pos": 10,
  "wf_n_beats_spy": 10,
  "wf_n_splits": 10
}