{
  "name": "v8_safe",
  "cagr_full": 0.47803256970801433,
  "spy_cagr_full": 0.1194382410561079,
  "edge_full_pp": 35.85943286519064,
  "sharpe": 1.0987445929120323,
  "max_dd": -0.5689464313518127,
  "n_cash": 4,
  "wf_mean_cagr": 0.5501988753034615,
  "wf_median_cagr": 0.5371320626584345,
  "wf_min_cagr": 0.14178427172176633,
  "wf_max_cagr": 0.8463318257511683,
  "wf_mean_sharpe": 1.2168146389169774,
  "wf_min_sharpe": 0.5708097978284784,
  "wf_mean_dd": -0.34078126739839515,
  "wf_min_dd": -0.47425500527619685,
  "wf_mean_edge_pp": 40.213867796402695,
  "wf_n_pos": 10,
  "wf_n_beats_spy": 10,
  "wf_n_splits": 10
}