{
  "n_months": 248,
  "cagr": 0.12687289698793136,
  "sharpe": 0.9895322331878998,
  "sortino": 1.8085333552195655,
  "max_dd": -0.25625084913587104,
  "best_m": 0.12267543297785105,
  "worst_m": -0.10954572662135112,
  "positive_months": 159,
  "total_months": 248,
  "cash_months": 4,
  "sub_sharpes": [
    1.1466919918543546,
    1.8463594614439822,
    0.47822618535083905
  ],
  "sub_sharpe_min": 0.47822618535083905,
  "exp_name": "ra_rank_blend_K10",
  "K": 10,
  "wall_time_s": 0.25
}