{
  "n_months": 248,
  "cagr": 0.15809071457820645,
  "sharpe": 0.9967220335795911,
  "sortino": 1.7678847846795747,
  "max_dd": -0.27319178151249374,
  "best_m": 0.13432762153332178,
  "worst_m": -0.14970080367176297,
  "positive_months": 166,
  "total_months": 248,
  "cash_months": 4,
  "sub_sharpes": [
    1.022292746955452,
    1.3603089500737506,
    0.8109199817258215
  ],
  "sub_sharpe_min": 0.8109199817258215,
  "exp_name": "invvol_port_K15_vc0.5_vtNone",
  "K": 15,
  "hold": 6,
  "vol_target": null,
  "wall_time_s": 0.32
}