{
  "n_months": 248,
  "cagr": 0.21648407775298972,
  "sharpe": 0.7997921514000039,
  "sortino": 1.5377075675143088,
  "max_dd": -0.5960136365049464,
  "best_m": 0.4104257813246879,
  "worst_m": -0.257604866642104,
  "positive_months": 152,
  "total_months": 248,
  "cash_months": 4,
  "sub_sharpes": [
    0.5904015196451348,
    1.1138885906490983,
    0.8831232532817159
  ],
  "sub_sharpe_min": 0.5904015196451348,
  "exp_name": "dq_vc0.55_K3",
  "K": 3,
  "wall_time_s": 0.22
}