{
  "n_months": 248,
  "cagr": 0.2065080611467658,
  "sharpe": 0.8418533220174798,
  "sortino": 1.5829300787630916,
  "max_dd": -0.4698951006797307,
  "best_m": 0.3833698821204381,
  "worst_m": -0.2516998271654581,
  "positive_months": 155,
  "total_months": 248,
  "cash_months": 4,
  "sub_sharpes": [
    0.732454531599826,
    0.9195688354505644,
    0.9697063683686477
  ],
  "sub_sharpe_min": 0.732454531599826,
  "exp_name": "dq_vc0.60_K5",
  "K": 5,
  "wall_time_s": 0.24
}