{
  "n_months": 248,
  "cagr": 0.13178482668259361,
  "sharpe": 1.0014933395224819,
  "sortino": 1.7640735410519583,
  "max_dd": -0.30911475797199134,
  "best_m": 0.10826314219497643,
  "worst_m": -0.1353516028520449,
  "positive_months": 162,
  "total_months": 248,
  "cash_months": 4,
  "sub_sharpes": [
    1.410665293718793,
    1.6629958919045937,
    0.39857307351588234
  ],
  "sub_sharpe_min": 0.39857307351588234,
  "exp_name": "ra_rank_blend_K5",
  "K": 5,
  "wall_time_s": 0.24
}