{
  "n_months": 248,
  "cagr": 0.17711111022324744,
  "sharpe": 0.7249743886931007,
  "sortino": 1.453155768740637,
  "max_dd": -0.6561417769067526,
  "best_m": 0.5130489357853042,
  "worst_m": -0.29513031067265655,
  "positive_months": 159,
  "total_months": 248,
  "cash_months": 4,
  "sub_sharpes": [
    0.4648083588212793,
    1.0870228023952093,
    0.9356208047076529
  ],
  "sub_sharpe_min": 0.4648083588212793,
  "exp_name": "don_invvol_K7_vc1.0",
  "K": 7,
  "wall_time_s": 0.44
}