{
  "corr_splits": [
    0.21526588631008425,
    0.41127490016989376,
    0.3120892710779109,
    0.4400376862413851,
    0.3653849432999689,
    0.28563575367107297
  ],
  "blends": {
    "w=0.00": {
      "full_ge2011": {
        "cagr": 0.3499632951276095,
        "sharpe": 1.1186742968336512,
        "max_dd": -0.559025239008484
      },
      "holdout": {
        "12": {
          "n": 113,
          "win_spy": 0.7522123893805309,
          "win_qqq": 0.7168141592920354,
          "win_both": 0.6902654867256637,
          "worst_vs_spy": 0.6520832568912754,
          "worst_vs_qqq": 0.7101092879694016
        },
        "36": {
          "n": 89,
          "win_spy": 0.9550561797752809,
          "win_qqq": 0.898876404494382,
          "win_both": 0.8876404494382022,
          "worst_vs_spy": 0.8459622189482248,
          "worst_vs_qqq": 0.8585850450664538
        },
        "60": {
          "n": 65,
          "win_spy": 1.0,
          "win_qqq": 1.0,
          "win_both": 1.0,
          "worst_vs_spy": 1.0863489441429495,
          "worst_vs_qqq": 1.0763847050350523
        },
        "120": {
          "n": 5,
          "win_spy": 1.0,
          "win_qqq": 1.0,
          "win_both": 1.0,
          "worst_vs_spy": 2.5432617884508297,
          "worst_vs_qqq": 1.920896604649463
        }
      }
    },
    "w=0.10": {
      "full_ge2011": {
        "cagr": 0.33465722489385175,
        "sharpe": 1.153091974068396,
        "max_dd": -0.5247652702023295
      },
      "holdout": {
        "12": {
          "n": 113,
          "win_spy": 0.7433628318584071,
          "win_qqq": 0.7079646017699115,
          "win_both": 0.672566371681416,
          "worst_vs_spy": 0.6808465941010802,
          "worst_vs_qqq": 0.7453757747501228
        },
        "36": {
          "n": 89,
          "win_spy": 0.9438202247191011,
          "win_qqq": 0.8764044943820225,
          "win_both": 0.8651685393258427,
          "worst_vs_spy": 0.8668960055773213,
          "worst_vs_qqq": 0.8681972271240671
        },
        "60": {
          "n": 65,
          "win_spy": 1.0,
          "win_qqq": 1.0,
          "win_both": 1.0,
          "worst_vs_spy": 1.1018102297395538,
          "worst_vs_qqq": 1.0810163347338542
        },
        "120": {
          "n": 5,
          "win_spy": 1.0,
          "win_qqq": 1.0,
          "win_both": 1.0,
          "worst_vs_spy": 2.2848955366975945,
          "worst_vs_qqq": 1.7257555232230384
        }
      }
    },
    "w=0.15": {
      "full_ge2011": {
        "cagr": 0.3266576033591819,
        "sharpe": 1.1709333440847791,
        "max_dd": -0.5068616555917316
      },
      "holdout": {
        "12": {
          "n": 113,
          "win_spy": 0.7256637168141593,
          "win_qqq": 0.6991150442477876,
          "win_both": 0.6548672566371682,
          "worst_vs_spy": 0.6957260415607407,
          "worst_vs_qqq": 0.7616654643427414
        },
        "36": {
          "n": 89,
          "win_spy": 0.9438202247191011,
          "win_qqq": 0.8426966292134831,
          "win_both": 0.8202247191011236,
          "worst_vs_spy": 0.8759523798123421,
          "worst_vs_qqq": 0.8727551466060729
        },
        "60": {
          "n": 65,
          "win_spy": 1.0,
          "win_qqq": 1.0,
          "win_both": 1.0,
          "worst_vs_spy": 1.108280606051827,
          "worst_vs_qqq": 1.0518933093898648
        },
        "120": {
          "n": 5,
          "win_spy": 1.0,
          "win_qqq": 1.0,
          "win_both": 1.0,
          "worst_vs_spy": 2.161148629097391,
          "worst_vs_qqq": 1.632290896134887
        }
      }
    },
    "w=0.20": {
      "full_ge2011": {
        "cagr": 0.318431703977049,
        "sharpe": 1.188966476884934,
        "max_dd": -0.48842642727073526
      },
      "holdout": {
        "12": {
          "n": 113,
          "win_spy": 0.7168141592920354,
          "win_qqq": 0.6902654867256637,
          "win_both": 0.6548672566371682,
          "worst_vs_spy": 0.7109462644026346,
          "worst_vs_qqq": 0.7783282272777969
        },
        "36": {
          "n": 89,
          "win_spy": 0.9438202247191011,
          "win_qqq": 0.8314606741573034,
          "win_both": 0.797752808988764,
          "worst_vs_spy": 0.8847109054503545,
          "worst_vs_qqq": 0.8710268800877637
        },
        "60": {
          "n": 65,
          "win_spy": 1.0,
          "win_qqq": 1.0,
          "win_both": 1.0,
          "worst_vs_spy": 1.1139002250515073,
          "worst_vs_qqq": 1.0232978932710959
        },
        "120": {
          "n": 5,
          "win_spy": 1.0,
          "win_qqq": 1.0,
          "win_both": 1.0,
          "worst_vs_spy": 2.041283741356815,
          "worst_vs_qqq": 1.5417583143443936
        }
      }
    },
    "w=0.30": {
      "full_ge2011": {
        "cagr": 0.3013155597168642,
        "sharpe": 1.2244299831514964,
        "max_dd": -0.4499123354873279
      },
      "holdout": {
        "12": {
          "n": 113,
          "win_spy": 0.7433628318584071,
          "win_qqq": 0.6637168141592921,
          "win_both": 0.6548672566371682,
          "worst_vs_spy": 0.7424364785397338,
          "worst_vs_qqq": 0.8128030164048213
        },
        "36": {
          "n": 89,
          "win_spy": 0.8876404494382022,
          "win_qqq": 0.7303370786516854,
          "win_both": 0.7078651685393258,
          "worst_vs_spy": 0.9013256887865542,
          "worst_vs_qqq": 0.8442646346279888
        },
        "60": {
          "n": 65,
          "win_spy": 1.0,
          "win_qqq": 0.9692307692307692,
          "win_both": 0.9692307692307692,
          "worst_vs_spy": 1.0689663056783463,
          "worst_vs_qqq": 0.9677165123782174
        },
        "120": {
          "n": 5,
          "win_spy": 1.0,
          "win_qqq": 1.0,
          "win_both": 1.0,
          "worst_vs_spy": 1.8137947534386856,
          "worst_vs_qqq": 1.369938477915657
        }
      }
    }
  }
}