{
  "E2 baseline (fixed)": {
    "full": {
      "cagr": 0.5595125608103735,
      "sharpe": 1.096064464006276,
      "max_dd": -0.559025239008484
    },
    "all": {
      "12": {
        "n": 267,
        "win_spy": 0.8052434456928839,
        "win_qqq": 0.7902621722846442,
        "win_both": 0.7677902621722846,
        "worst_vs_spy": 0.5682578945026847,
        "worst_vs_qqq": 0.5467539551929753
      },
      "36": {
        "n": 243,
        "win_spy": 0.9629629629629629,
        "win_qqq": 0.9218106995884774,
        "win_both": 0.9176954732510288,
        "worst_vs_spy": 0.6386364392219658,
        "worst_vs_qqq": 0.5938461560165064
      },
      "60": {
        "n": 219,
        "win_spy": 0.9954337899543378,
        "win_qqq": 0.9908675799086758,
        "win_both": 0.9908675799086758,
        "worst_vs_spy": 0.8319710914615512,
        "worst_vs_qqq": 0.7853867687370549
      },
      "120": {
        "n": 159,
        "win_spy": 1.0,
        "win_qqq": 1.0,
        "win_both": 1.0,
        "worst_vs_spy": 2.5432617884508297,
        "worst_vs_qqq": 1.920896604649463
      }
    },
    "design": {
      "12": {
        "n": 154,
        "win_spy": 0.8441558441558441,
        "win_qqq": 0.8441558441558441,
        "win_both": 0.8246753246753247,
        "worst_vs_spy": 0.5682578945026847,
        "worst_vs_qqq": 0.5467539551929753
      },
      "36": {
        "n": 154,
        "win_spy": 0.9675324675324676,
        "win_qqq": 0.935064935064935,
        "win_both": 0.935064935064935,
        "worst_vs_spy": 0.6386364392219658,
        "worst_vs_qqq": 0.5938461560165064
      },
      "60": {
        "n": 154,
        "win_spy": 0.9935064935064936,
        "win_qqq": 0.987012987012987,
        "win_both": 0.987012987012987,
        "worst_vs_spy": 0.8319710914615512,
        "worst_vs_qqq": 0.7853867687370549
      },
      "120": {
        "n": 154,
        "win_spy": 1.0,
        "win_qqq": 1.0,
        "win_both": 1.0,
        "worst_vs_spy": 3.0870807644270095,
        "worst_vs_qqq": 2.4022422715014358
      }
    },
    "holdout": {
      "12": {
        "n": 113,
        "win_spy": 0.7522123893805309,
        "win_qqq": 0.7168141592920354,
        "win_both": 0.6902654867256637,
        "worst_vs_spy": 0.6520832568912754,
        "worst_vs_qqq": 0.7101092879694016
      },
      "36": {
        "n": 89,
        "win_spy": 0.9550561797752809,
        "win_qqq": 0.898876404494382,
        "win_both": 0.8876404494382022,
        "worst_vs_spy": 0.8459622189482248,
        "worst_vs_qqq": 0.8585850450664538
      },
      "60": {
        "n": 65,
        "win_spy": 1.0,
        "win_qqq": 1.0,
        "win_both": 1.0,
        "worst_vs_spy": 1.0863489441429495,
        "worst_vs_qqq": 1.0763847050350523
      },
      "120": {
        "n": 5,
        "win_spy": 1.0,
        "win_qqq": 1.0,
        "win_both": 1.0,
        "worst_vs_spy": 2.5432617884508297,
        "worst_vs_qqq": 1.920896604649463
      }
    }
  },
  "E2 staggered N=3": {
    "full": {
      "cagr": 0.36048833081692266,
      "sharpe": 0.9451505977634295,
      "max_dd": -0.6687379520677115
    },
    "all": {
      "12": {
        "n": 267,
        "win_spy": 0.7565543071161048,
        "win_qqq": 0.7303370786516854,
        "win_both": 0.6966292134831461,
        "worst_vs_spy": 0.4654635710865051,
        "worst_vs_qqq": 0.44784956082751076
      },
      "36": {
        "n": 243,
        "win_spy": 0.8271604938271605,
        "win_qqq": 0.7695473251028807,
        "win_both": 0.7654320987654321,
        "worst_vs_spy": 0.6152403593652929,
        "worst_vs_qqq": 0.5720909425093241
      },
      "60": {
        "n": 219,
        "win_spy": 0.9406392694063926,
        "win_qqq": 0.8447488584474886,
        "win_both": 0.8447488584474886,
        "worst_vs_spy": 0.815720743811862,
        "worst_vs_qqq": 0.6028152424316289
      },
      "120": {
        "n": 159,
        "win_spy": 1.0,
        "win_qqq": 0.9685534591194969,
        "win_both": 0.9685534591194969,
        "worst_vs_spy": 1.2837349737658141,
        "worst_vs_qqq": 0.8827148780477759
      }
    },
    "design": {
      "12": {
        "n": 154,
        "win_spy": 0.8571428571428571,
        "win_qqq": 0.8636363636363636,
        "win_both": 0.8116883116883117,
        "worst_vs_spy": 0.4654635710865051,
        "worst_vs_qqq": 0.44784956082751076
      },
      "36": {
        "n": 154,
        "win_spy": 0.9675324675324676,
        "win_qqq": 0.948051948051948,
        "win_both": 0.948051948051948,
        "worst_vs_spy": 0.6152403593652929,
        "worst_vs_qqq": 0.5720909425093241
      },
      "60": {
        "n": 154,
        "win_spy": 0.974025974025974,
        "win_qqq": 0.922077922077922,
        "win_both": 0.922077922077922,
        "worst_vs_spy": 0.815720743811862,
        "worst_vs_qqq": 0.6028152424316289
      },
      "120": {
        "n": 154,
        "win_spy": 1.0,
        "win_qqq": 0.974025974025974,
        "win_both": 0.974025974025974,
        "worst_vs_spy": 1.2837349737658141,
        "worst_vs_qqq": 0.8827148780477759
      }
    },
    "holdout": {
      "12": {
        "n": 113,
        "win_spy": 0.6194690265486725,
        "win_qqq": 0.5486725663716814,
        "win_both": 0.5398230088495575,
        "worst_vs_spy": 0.7560339064090621,
        "worst_vs_qqq": 0.6778519088996663
      },
      "36": {
        "n": 89,
        "win_spy": 0.5842696629213483,
        "win_qqq": 0.4606741573033708,
        "win_both": 0.449438202247191,
        "worst_vs_spy": 0.7278136275751337,
        "worst_vs_qqq": 0.5780936176624926
      },
      "60": {
        "n": 65,
        "win_spy": 0.8615384615384616,
        "win_qqq": 0.6615384615384615,
        "win_both": 0.6615384615384615,
        "worst_vs_spy": 0.8404706221532743,
        "worst_vs_qqq": 0.8327616348270102
      },
      "120": {
        "n": 5,
        "win_spy": 1.0,
        "win_qqq": 0.8,
        "win_both": 0.8,
        "worst_vs_spy": 1.3237334270662175,
        "worst_vs_qqq": 0.999800750775781
      }
    }
  },
  "E2 staggered N=6": {
    "full": {
      "cagr": 0.3484269276202878,
      "sharpe": 0.9566639724729341,
      "max_dd": -0.5791442240152685
    },
    "all": {
      "12": {
        "n": 267,
        "win_spy": 0.7528089887640449,
        "win_qqq": 0.704119850187266,
        "win_both": 0.6816479400749064,
        "worst_vs_spy": 0.5742747628264675,
        "worst_vs_qqq": 0.5525431339896599
      },
      "36": {
        "n": 243,
        "win_spy": 0.8600823045267489,
        "win_qqq": 0.8148148148148148,
        "win_both": 0.7942386831275721,
        "worst_vs_spy": 0.7156546037203497,
        "worst_vs_qqq": 0.6082730677796833
      },
      "60": {
        "n": 219,
        "win_spy": 0.958904109589041,
        "win_qqq": 0.8949771689497716,
        "win_both": 0.8949771689497716,
        "worst_vs_spy": 0.8598808106964497,
        "worst_vs_qqq": 0.6424815364878973
      },
      "120": {
        "n": 159,
        "win_spy": 1.0,
        "win_qqq": 0.9811320754716981,
        "win_both": 0.9811320754716981,
        "worst_vs_spy": 1.3164772203530646,
        "worst_vs_qqq": 0.8612788396867761
      }
    },
    "design": {
      "12": {
        "n": 154,
        "win_spy": 0.8571428571428571,
        "win_qqq": 0.8311688311688312,
        "win_both": 0.7987012987012987,
        "worst_vs_spy": 0.5742747628264675,
        "worst_vs_qqq": 0.5525431339896599
      },
      "36": {
        "n": 154,
        "win_spy": 0.987012987012987,
        "win_qqq": 0.974025974025974,
        "win_both": 0.974025974025974,
        "worst_vs_spy": 0.7156546037203497,
        "worst_vs_qqq": 0.6654627098519441
      },
      "60": {
        "n": 154,
        "win_spy": 0.9675324675324676,
        "win_qqq": 0.9285714285714286,
        "win_both": 0.9285714285714286,
        "worst_vs_spy": 0.8598808106964497,
        "worst_vs_qqq": 0.6424815364878973
      },
      "120": {
        "n": 154,