,ml_pred,idio_mom,momentum,low_risk,quality,lt_rev,trend_q,earn_drift
ml_pred,1.0,-0.35910098784493627,-0.3778368511435666,-0.3239966908119648,-0.24749618720376645,0.25689618742228304,-0.186142814167732,-0.026808763813453314
idio_mom,-0.35910098784493627,1.0,0.9864401231055354,0.43603897299586825,0.7644777577477391,-0.7527290184492474,0.702028038297216,0.22028376306602537
momentum,-0.3778368511435666,0.9864401231055354,1.0,0.49323402073960704,0.7546423005132206,-0.7447487885787172,0.6860604775381041,0.21307379359167478
low_risk,-0.3239966908119648,0.43603897299586825,0.49323402073960704,1.0,0.5877871422210756,-0.4839947306477246,0.5349769700304181,0.051040545537200915
quality,-0.24749618720376645,0.7644777577477391,0.7546423005132206,0.5877871422210756,1.0,-0.9173283083992742,0.9637115363586287,0.140012869281361
lt_rev,0.25689618742228304,-0.7527290184492474,-0.7447487885787172,-0.4839947306477246,-0.9173283083992742,1.0,-0.8976042585893454,-0.10261145311357374
trend_q,-0.186142814167732,0.702028038297216,0.6860604775381041,0.5349769700304181,0.9637115363586287,-0.8976042585893454,1.0,0.08640753139170568
earn_drift,-0.026808763813453314,0.22028376306602537,0.21307379359167478,0.051040545537200915,0.140012869281361,-0.10261145311357374,0.08640753139170568,1.0
