{
  "E2 (deployed)": {
    "cagr": 0.5659,
    "sharpe": 1.104,
    "max_dd": -0.5601,
    "wf_beats": 10,
    "wf_n": 10,
    "dca_H36": 0.962,
    "dca_H60": 0.995,
    "dca_H120": 1.0,
    "eras_beat": 4,
    "era_detail": {
      "03-09": true,
      "10-15": true,
      "16-20": true,
      "21-26": true
    },
    "yearly_std": 2.7904,
    "worst_yr": -0.3569,
    "roll36_min": -0.0834,
    "roll60_min": 0.1363,
    "roll36_beat": 0.9163,
    "cagr_ex0309": 0.3822,
    "era_spread": 0.8192,
    "dca_maxdd": -0.5601
  },
  "E2 + lead->MN full": {
    "cagr": 0.472,
    "sharpe": 1.27,
    "max_dd": -0.3123,
    "wf_beats": 10,
    "wf_n": 10,
    "dca_H36": 0.996,
    "dca_H60": 1.0,
    "dca_H120": 1.0,
    "eras_beat": 4,
    "era_detail": {
      "03-09": true,
      "10-15": true,
      "16-20": true,
      "21-26": true
    },
    "yearly_std": 1.7427,
    "worst_yr": -0.245,
    "roll36_min": 0.0679,
    "roll60_min": 0.1723,
    "roll36_beat": 0.9833,
    "cagr_ex0309": 0.3676,
    "era_spread": 0.4572,
    "dca_maxdd": -0.311
  },
  "E2 + lead->MN 0.6": {
    "cagr": 0.5148,
    "sharpe": 1.25,
    "max_dd": -0.4188,
    "wf_beats": 10,
    "wf_n": 10,
    "dca_H36": 0.992,
    "dca_H60": 1.0,
    "dca_H120": 1.0,
    "eras_beat": 4,
    "era_detail": {
      "03-09": true,
      "10-15": true,
      "16-20": true,
      "21-26": true
    },
    "yearly_std": 2.1669,
    "worst_yr": -0.245,
    "roll36_min": 0.0179,
    "roll60_min": 0.1711,
    "roll36_beat": 0.9749,
    "cagr_ex0309": 0.3741,
    "era_spread": 0.6085,
    "dca_maxdd": -0.4188
  },
  "reactive -25%DD->MN": {
    "cagr": 0.4062,
    "sharpe": 1.065,
    "max_dd": -0.3931,
    "wf_beats": 9,
    "wf_n": 10,
    "dca_H36": 0.728,
    "dca_H60": 0.874,
    "dca_H120": 1.0,
    "eras_beat": 3,
    "era_detail": {
      "03-09": true,
      "10-15": false,
      "16-20": true,
      "21-26": true
    },
    "yearly_std": 2.8113,
    "worst_yr": -0.2434,
    "roll36_min": -0.0995,
    "roll60_min": -0.0281,
    "roll36_beat": 0.7531,
    "cagr_ex0309": 0.2449,
    "era_spread": 0.7677,
    "dca_maxdd": -0.393
  },
  "plateau": [
    {
      "lb": 10,
      "c21": -0.03,
      "route": 0.4,
      "cagr": 0.5245,
      "sharpe": 1.194,
      "dd": -0.3972485844401029,
      "wf": 10,
      "era": 4
    },
    {
      "lb": 10,
      "c21": -0.03,
      "route": 0.6,
      "cagr": 0.5095,
      "sharpe": 1.239,
      "dd": -0.34390448716188293,
      "wf": 10,
      "era": 4
    },
    {
      "lb": 10,
      "c21": -0.03,
      "route": 0.8,
      "cagr": 0.4913,
      "sharpe": 1.264,
      "dd": -0.31303475940962766,
      "wf": 10,
      "era": 4
    },
    {
      "lb": 10,
      "c21": -0.03,
      "route": 1.0,
      "cagr": 0.4697,
      "sharpe": 1.261,
      "dd": -0.31061701847279966,
      "wf": 10,
      "era": 4
    },
    {
      "lb": 10,
      "c21": -0.05,
      "route": 0.4,
      "cagr": 0.5315,
      "sharpe": 1.203,
      "dd": -0.4690283621756931,
      "wf": 10,
      "era": 4
    },
    {
      "lb": 10,
      "c21": -0.05,
      "route": 0.6,
      "cagr": 0.5163,
      "sharpe": 1.248,
      "dd": -0.4187831042607887,
      "wf": 10,
      "era": 4
    },
    {
      "lb": 10,
      "c21": -0.05,
      "route": 0.8,
      "cagr": 0.4977,
      "sharpe": 1.275,
      "dd": -0.36577034899020255,
      "wf": 10,
      "era": 4
    },
    {
      "lb": 10,
      "c21": -0.05,
      "route": 1.0,
      "cagr": 0.4755,
      "sharpe": 1.27,
      "dd": -0.3108174941529862,
      "wf": 10,
      "era": 4
    },
    {
      "lb": 10,
      "c21": -0.08,
      "route": 0.4,
      "cagr": 0.5269,
      "sharpe": 1.194,
      "dd": -0.4536647169972131,
      "wf": 10,
      "era": 4
    },
    {
      "lb": 10,
      "c21": -0.08,
      "route": 0.6,
      "cagr": 0.513,
      "sharpe": 1.241,
      "dd": -0.3944592237492297,
      "wf": 10,
      "era": 4
    },
    {
      "lb": 10,
      "c21": -0.08,
      "route": 0.8,
      "cagr": 0.4958,
      "sharpe": 1.269,
      "dd": -0.34626557942285785,
      "wf": 10,
      "era": 4
    },
    {
      "lb": 10,
      "c21": -0.08,
      "route": 1.0,
      "cagr": 0.4748,
      "sharpe": 1.266,
      "dd": -0.31067764735010994,
      "wf": 10,
      "era": 4
    },
    {
      "lb": 21,
      "c21": -0.03,
      "route": 0.4,
      "cagr": 0.5305,
      "sharpe": 1.206,
      "dd": -0.3972485844401029,
      "wf": 10,
      "era": 4
    },
    {
      "lb": 21,
      "c21": -0.03,
      "route": 0.6,
      "cagr": 0.5126,
      "sharpe": 1.249,
      "dd": -0.3439067134614108,
      "wf": 10,
      "era": 4
    },
    {
      "lb": 21,
      "c21": -0.03,
      "route": 0.8,
      "cagr": 0.4917,
      "sharpe": 1.271,
      "dd": -0.31303489468021706,
      "wf": 10,
      "era": 4
    },
    {
      "lb": 21,
      "c21": -0.03,
      "route": 1.0,
      "cagr": 0.4672,
      "sharpe": 1.263,
      "dd": -0.31084398809486835,
      "wf": 10,
      "era": 4
    },
    {
      "lb": 21,
      "c21": -0.05,
      "route": 0.4,
      "cagr": 0.531,
      "sharpe": 1.204,
      "dd": -0.46902809679386925,
      "wf": 10,
      "era": 4
    },
    {
      "lb": 21,
      "c21": -0.05,
      "route": 0.6,
      "cagr": 0.5148,
      "sharpe": 1.25,
      "dd": -0.4187821350774307,
      "wf": 10,
      "era": 4
    },
    {
      "lb": 21,
      "c21": -0.05,
      "route": 0.8,
      "cagr": 0.4953,
      "sharpe": 1.276,
      "dd": -0.3657680994411848,
      "wf": 10,
      "era": 4
    },
    {
      "lb": 21,
      "c21": -0.05,
      "route": 1.0,
      "cagr": 0.472,
      "sharpe": 1.27,
      "dd": -0.3109987199759545,
      "wf": 10,
      "era": 4
    },
    {
      "lb": 21,
      "c21": -0.08,
      "route": 0.4,
      "cagr": 0.5249,
      "sharpe": 1.193,
      "dd": -0.4536637731010633,
      "wf": 10,
      "era": 4
    },
    {
      "lb": 21,
      "c21": -0.08,
      "route": 0.6,
      "cagr": 0.5102,
      "sharpe": 1.24,
      "dd": -0.3944574494257618,
      "wf": 10,
      "era": 4
    },
    {
      "lb": 21,
      "c21": -0.08,
      "route": 0.8,
      "cagr": 0.4922,
      "sharpe": 1.268,
      "dd": -0.34626557942285785,
      "wf": 10,
      "era": 4
    },
    {
      "lb": 21,
      "c21": -0.08,
      "route": 1.0,
      "cagr": 0.4703,
      "sharpe": 1.264,
      "dd": -0.3108763776487581,
      "wf": 10,
      "era": 4
    },
    {
      "lb": 42,
      "c21": -0.03,
      "route": 0.4,
      "cagr": 0.524,
      "sharpe": 1.194,
      "dd": -0.45391746011753,
      "wf": 9,
      "era": 4
    },
    {
      "lb": 42,
      "c21": -0.03,
      "route": 0.6,
      "cagr": 0.5077,
      "sharpe": 1.237,
      "dd": -0.39699082592987434,
      "wf": 9,
      "era": 4
    },
    {
      "lb": 42,
      "c21": -0.03,
      "route": 0.8,
      "cagr": 0.4883,
      "sharpe": 1.261,
      "dd": -0.3382383294317567,
      "wf": 9,
      "era": 4
    },
    {
      "lb": 42,
      "c21": -0.03,
      "route": 1.0,
      "cagr": 0.4653,
      "sharpe": 1.255,
      "dd": -0.3106525188288931,
      "wf": 9,
      "era": 4
    },
    {
      "lb": 42,
      "c21": -0.05,
      "route": 0.4,
      "cagr": 0.5246,
      "sharpe": 1.192,
      "dd": -0.4690238932342863,
      "wf": 10,
      "era": 4
    },
    {
      "lb": 42,
      "c21": -0.05,
      "route": 0.6,
      "cagr": 0.5099,
      "sharpe": 1.239,
      "dd": -0.41877651793407533,
      "wf": 10,
      "era": 4
    },
    {
      "lb": 42,
      "c21": -0.05,
      "route": 0.8,
      "cagr": 0.4919,
      "sharpe": 1.266,
      "dd": -0.3657603217924158,
      "wf": 10,
      "era": 4
    },
    {
      "lb": 42,
      "c21": -0.05,
      "route": 1.0,
      "cagr": 0.4702,
      "sharpe": 1.263,
      "dd": -0.3108282284093843,
      "wf": 10,
      "era": 4
    },
    {
      "lb": 42,
      "c21": -0.08,
      "route": 0.4,
      "cagr": 0.5271,
      "sharpe": 1.196,
      "dd": -0.4536633802927529,
      "wf": 10,