{
  "config": "static w=0.3 A + 0.7 SPY",
  "full_cagr": 0.20274636090789055,
  "full_vol": 0.19619773529280685,
  "full_sharpe": 1.0405414681697591,
  "full_mdd": -0.43206037754944904,
  "wf_mean_sharpe": 1.212307265221856,
  "wf_min_sharpe": 0.7232937707348086,
  "wf_max_sharpe": 1.861483156828855,
  "wf_mean_cagr": 0.18744628497416094,
  "wf_n_splits": 10,
  "target_vol": NaN
}