{
  "n_months": 274,
  "final_equity": 78.4225730145914,
  "cagr_full": 0.21050955767627322,
  "sharpe": 0.7828743757660892,
  "max_dd": -0.6012003517569618,
  "n_cash_months": 12,
  "wf_mean_cagr": 0.24628112866996812,
  "wf_median_cagr": 0.15644406563035573,
  "wf_min_cagr": -0.1350394731930431,
  "wf_max_cagr": 1.1983701979430847,
  "wf_mean_edge_pp": 9.822093133053347,
  "wf_n_positive": 9,
  "wf_n_beats_spy": 7,
  "wf_n_splits": 10,
  "panel_coverage_2003_first": 0.5242914979757085,
  "panel_coverage_2025_last": 0.0
}