{
  "variant_name": "ml_3plus6|k3_3_3|ew|tight|h6|cap1.0",
  "n_months": 250,
  "final_equity": 302.81765112248735,
  "cagr_full": 0.3181104893998514,
  "spy_cagr_full": 0.12078485455382593,
  "edge_full_pp": 19.73256348460255,
  "sharpe": 0.7840494741442691,
  "max_dd": -0.6135274943030478,
  "n_cash_months": 4,
  "wf_mean_cagr": 0.2578261375930607,
  "wf_median_cagr": 0.14179268332618555,
  "wf_min_cagr": -0.07207735283350902,
  "wf_max_cagr": 1.3162340289458672,
  "wf_mean_edge_pp": 12.377726114684773,
  "wf_n_positive": 8,
  "wf_n_beats_spy": 6
}