{
  "variant_name": "ml_3plus6|k3_3_3|ew|tight|h6|cap1.0",
  "n_months": 250,
  "final_equity": 86.36174589254074,
  "cagr_full": 0.24107648504390156,
  "spy_cagr_full": 0.12078485455382593,
  "edge_full_pp": 12.029163049007563,
  "sharpe": 0.6546978151640995,
  "max_dd": -0.812081786095579,
  "n_cash_months": 4,
  "wf_mean_cagr": 0.20016574896088185,
  "wf_median_cagr": 0.10418983640559232,
  "wf_min_cagr": -0.3906161612380661,
  "wf_max_cagr": 1.3162340289458672,
  "wf_mean_edge_pp": 6.611687251466888,
  "wf_n_positive": 7,
  "wf_n_beats_spy": 5
}