{
  "variant_name": "v5_K2_staggered_ca",
  "panel": "augmented_PIT",
  "n_months": 254,
  "cagr_full": 0.30873386367247724,
  "spy_cagr_full": 0.1248673490229737,
  "edge_full_pp": 18.386651464950354,
  "sharpe": 0.7978365998950306,
  "max_dd": -0.6817318400440153,
  "n_tranches_closed": 171,
  "wf_mean_cagr": 0.29681083457150503,
  "wf_median_cagr": 0.21471418097113004,
  "wf_min_cagr": -0.18952779759692795,
  "wf_mean_edge_pp": 17.290256184012758,
  "wf_n_positive": 8,
  "wf_n_beats_spy": 7,
  "wf_n_splits": 10
}