{
  "deployed_k3_lump": {
    "variant_name": "v5_chr_p70_q0.45_k3_invvol_cap0.4_h6_tight",
    "n_months": 254,
    "final_equity": 413.1638254771045,
    "cagr_full": 0.3292183516135059,
    "spy_cagr_full": 0.11848430125079767,
    "edge_full_pp": 21.07340503627082,
    "sharpe": 0.917911027302647,
    "max_dd": -0.5125394081258634,
    "n_cash_months": 11,
    "wf_mean_cagr": 0.32679419598894127,
    "wf_median_cagr": 0.3159928480665568,
    "wf_min_cagr": 0.1235021136329928,
    "wf_max_cagr": 0.6345038266925997,
    "wf_mean_edge_pp": 19.274531954272835,
    "wf_n_positive": 10,
    "wf_n_beats_spy": 8,
    "wf_n_splits": 10
  },
  "deployed_k3_stag_ca": {
    "variant_name": "v5_staggered_6tranche_crash_aware",
    "panel": "augmented_PIT",
    "n_months": 254,
    "cagr_full": 0.29800667977287043,
    "spy_cagr_full": 0.1248673490229737,
    "edge_full_pp": 17.313933074989674,
    "sharpe": 0.8551786647246242,
    "max_dd": -0.5097557722743941,
    "n_crash_months": 11,
    "n_tranches_closed": 171,
    "wf_mean_cagr": 0.2819106390739691,
    "wf_median_cagr": 0.20902286301634387,
    "wf_min_cagr": -0.06001133365279265,
    "wf_max_cagr": 1.1136298499649522,
    "wf_mean_edge_pp": 15.80023663425917,
    "wf_n_positive": 9,
    "wf_n_beats_spy": 6,
    "wf_n_splits": 10
  },
  "new_k2_lump": {
    "k": 2,
    "chr_q": 0.45,
    "hold": 6,
    "cap": 0.4,
    "scorer": "ml_3plus6",
    "n_months": 254,
    "cagr_full": 0.49206984788796704,
    "spy_cagr_full": 0.1248673490229737,
    "edge_full_pp": 36.72024988649933,
    "sharpe": 1.0404828594627589,
    "max_dd": -0.524989443700016,
    "wf_mean_cagr": 0.49390220416101877,
    "wf_median_cagr": 0.37919170435136496,
    "wf_min_cagr": 0.18818646641949233,
    "wf_n_beats_spy": 10,
    "wf_n_positive": 10,
    "wf_n_splits": 10
  },
  "new_k2_stag_ca": {
    "variant_name": "v5_K2_staggered_ca",
    "panel": "augmented_PIT",
    "n_months": 254,
    "cagr_full": 0.30873386367247724,
    "spy_cagr_full": 0.1248673490229737,
    "edge_full_pp": 18.386651464950354,
    "sharpe": 0.7978365998950306,
    "max_dd": -0.6817318400440153,
    "n_tranches_closed": 171,
    "wf_mean_cagr": 0.29681083457150503,
    "wf_median_cagr": 0.21471418097113004,
    "wf_min_cagr": -0.18952779759692795,
    "wf_mean_edge_pp": 17.290256184012758,
    "wf_n_positive": 8,
    "wf_n_beats_spy": 7,
    "wf_n_splits": 10
  }
}