k,alpha_yr,p10,median,p90,mean,n_iters
2,0.0,49.2069847887967,49.2069847887967,49.2069847887967,49.2069847887967,30
2,0.02,40.143944550369966,47.6132792160827,49.2069847887967,45.65546251333679,30
2,0.04,33.451434568661504,41.621383379761696,49.2069847887967,41.509110318657,30
2,0.06,28.146760711973123,37.94147290781511,49.2069847887967,38.13865776504302,30
2,0.08,21.266336964568858,35.75124888317886,46.00386578087426,34.43853804092449,30
2,0.12,14.912662832865141,29.592864748576286,40.39576773174626,28.34977852557801,30
2,0.16,7.135668671615403,24.206032323639104,33.078016769724776,18.274655185050392,30
2,0.2,1.291779800481671,13.298579362922148,23.548251259614528,6.224331680607778,30
