k,alpha_yr,p10,median,p90,mean,n_iters
3,0.0,32.921835161350586,32.921835161350586,32.921835161350586,32.921835161350586,30
3,0.02,26.053264111431787,30.77227159593079,32.921835161350586,30.094718902019302,30
3,0.04,21.94357869208331,28.103896505551305,32.921835161350586,27.413511124666552,30
3,0.06,16.307022754764823,25.707354051198017,31.479949146691602,24.79224239251683,30
3,0.08,14.091197015010096,22.489134600984315,29.929763215741147,21.525164862921105,30
3,0.12,10.91184644808234,14.49735139396713,23.433304661675496,16.27670984397803,30
3,0.16,1.6879384995053797,9.803354791994966,18.934297931130445,10.076055585430996,30
3,0.2,-1.9176445606468981,4.11665117790232,13.395970807806151,4.159111069080233,30
