{
  "scorer": "ml_3plus6",
  "k": 2,
  "chr_q": 0.45,
  "hold": 6,
  "cap": 0.4,
  "cagr_full": 0.49206984788796704,
  "spy_cagr_full": 0.1248673490229737,
  "edge_full_pp": 36.72024988649933,
  "sharpe": 1.0404828594627589,
  "max_dd": -0.524989443700016,
  "wf_mean_cagr": 0.49390220416101877,
  "wf_median_cagr": 0.37919170435136496,
  "wf_min_cagr": 0.18818646641949233,
  "wf_n_beats_spy": 10,
  "wf_n_positive": 10,
  "wf_n_splits": 10
}