{
  "k": 1,
  "chr_q": 0.3,
  "hold": 9,
  "cap": 0.5,
  "scorer": "ml_3plus6",
  "n_months": 254,
  "cagr_full": 0.4906402279461346,
  "spy_cagr_full": 0.1248673490229737,
  "edge_full_pp": 36.57728789231609,
  "sharpe": 0.8931126562732561,
  "max_dd": -0.8004219749096274,
  "wf_mean_cagr": 0.6325684396469292,
  "wf_median_cagr": 0.7237229420336123,
  "wf_min_cagr": 0.0623116524317735,
  "wf_n_beats_spy": 9,
  "wf_n_positive": 10,
  "wf_n_splits": 10
}