{
  "variant_name": "v5_staggered_6tranche_crash_aware",
  "panel": "augmented_PIT",
  "n_months": 254,
  "cagr_full": 0.29800667977287043,
  "spy_cagr_full": 0.1248673490229737,
  "edge_full_pp": 17.313933074989674,
  "sharpe": 0.8551786647246242,
  "max_dd": -0.5097557722743941,
  "n_crash_months": 11,
  "n_tranches_closed": 171,
  "wf_mean_cagr": 0.2819106390739691,
  "wf_median_cagr": 0.20902286301634387,
  "wf_min_cagr": -0.06001133365279265,
  "wf_max_cagr": 1.1136298499649522,
  "wf_mean_edge_pp": 15.80023663425917,
  "wf_n_positive": 9,
  "wf_n_beats_spy": 6,
  "wf_n_splits": 10
}