{
  "panel": "augmented_PIT",
  "lump_sum_v5": {
    "cagr_full": 0.3292183516135059,
    "wf_mean_cagr": 0.32679419598894127,
    "sharpe": 0.917911027302647,
    "max_dd": -0.5125394081258634,
    "wf_n_beats_spy": 8,
    "wf_n_splits": 10
  },
  "staggered_v5": {
    "cagr_full": 0.27769458825141924,
    "wf_mean_cagr": 0.2770252242857059,
    "sharpe": 0.8444350703676634,
    "max_dd": -0.5363796186117888,
    "wf_n_beats_spy": 8,
    "wf_n_splits": 10
  }
}