{
  "variant_name": "v5_staggered_6tranche_winner",
  "panel": "augmented_PIT",
  "n_months": 254,
  "cagr_full": 0.27769458825141924,
  "spy_cagr_full": 0.1248673490229737,
  "edge_full_pp": 15.282723922844553,
  "sharpe": 0.8444350703676634,
  "max_dd": -0.5363796186117888,
  "n_cash_months": 11,
  "n_tranches_closed": 171,
  "wf_mean_cagr": 0.2770252242857059,
  "wf_median_cagr": 0.27769329300604795,
  "wf_min_cagr": 0.08386347336558897,
  "wf_max_cagr": 0.5679822918032646,
  "wf_mean_edge_pp": 15.311695155432838,
  "wf_n_positive": 10,
  "wf_n_beats_spy": 8,
  "wf_n_splits": 10
}