{
  "variant_name": "v5_chr_p70_q0.45_k3_invvol_cap0.4_h6_tight",
  "n_months": 254,
  "final_equity": 413.1638254771045,
  "cagr_full": 0.3292183516135059,
  "spy_cagr_full": 0.11848430125079767,
  "edge_full_pp": 21.07340503627082,
  "sharpe": 0.917911027302647,
  "max_dd": -0.5125394081258634,
  "n_cash_months": 11,
  "wf_mean_cagr": 0.32679419598894127,
  "wf_median_cagr": 0.3159928480665568,
  "wf_min_cagr": 0.1235021136329928,
  "wf_max_cagr": 0.6345038266925997,
  "wf_mean_edge_pp": 19.274531954272835,
  "wf_n_positive": 10,
  "wf_n_beats_spy": 8,
  "wf_n_splits": 10
}