{
  "variant_name": "v5_chr_p70_q0.45_k2_invvol_cap0.4_h6_tight",
  "panel": "augmented_PIT",
  "n_months": 254,
  "final_equity": 1122.385471028462,
  "cagr_full": 0.3934814718017412,
  "wf_mean_cagr": 0.4897893644126189,
  "wf_median_cagr": 0.4573073060965417,
  "wf_min_cagr": 0.21231376823853343,
  "wf_max_cagr": 1.086383565127203,
  "wf_mean_edge_pp": 35.5740487966406,
  "wf_n_positive": 10,
  "wf_n_beats_spy": 10
}