{
  "variant_name": "v5_chr_p70_q0.45_k2_invvol_cap0.4_h6_tight",
  "panel": "augmented_PIT",
  "n_months": 254,
  "final_equity": 4770.205576298059,
  "cagr_full": 0.49206984788796704,
  "wf_mean_cagr": 0.49390220416101877,
  "wf_median_cagr": 0.37919170435136496,
  "wf_min_cagr": 0.18818646641949233,
  "wf_max_cagr": 1.3441877288303243,
  "wf_mean_edge_pp": 35.98533277148057,
  "wf_n_positive": 10,
  "wf_n_beats_spy": 10
}