universe,n_picks_universe,cagr_full,sharpe,max_dd,wf_mean_cagr,wf_min_cagr,wf_max_cagr,wf_mean_edge_pp,wf_n_pos,wf_n_beats
PIT_SP500_augmented,229,0.492069847887967,1.0404828594627589,-0.524989443700016,0.4939022041610187,0.1881864664194923,1.3441877288303243,35.98533277148057,10,10
NDX_PIT,153,0.1973667136481445,0.770975504946054,-0.31424661069358195,0.4419681659149513,0.29373768963948943,0.6963669577443372,24.78919342018367,8,8
broader_augmented,815,0.3812842980152511,0.7387700823730603,-0.8872785829032248,0.3148496112376146,-0.4609204377616026,1.168560957682243,18.08007347914017,8,5
non_sp500_augmented,586,0.312776128042137,0.6934637321680966,-0.8872785829032249,0.2576855018865157,-0.4609204377616026,0.977829453281865,12.363662544030266,8,5
random_500_seed1,199,0.3389572167887569,0.7232345751209089,-0.6915531325054307,0.3380619027940951,-0.1585410058542765,0.9064133972476324,20.40130263478822,8,6
random_500_seed2,201,0.4051671294321328,0.8191744074879524,-0.731514923165428,0.7381106961970879,-0.2621395947292576,3.994175579263026,60.40618197508751,9,8
random_500_seed3,210,0.3049382285997823,0.6858919289022946,-0.8872785829032248,0.3892681573297113,-0.2620643300672355,1.9232130713786064,25.52192808834983,8,6
