{
  "n_months": 248,
  "cagr": 0.155853768950043,
  "sharpe": 0.8265375712290238,
  "sortino": 1.5723241300124577,
  "max_dd": -0.3075414723146485,
  "best_m": 0.19849357880493917,
  "worst_m": -0.17438916653841918,
  "positive_months": 153,
  "total_months": 248,
  "cash_months": 4,
  "sub_sharpes": [
    1.1766593071801463,
    0.9784042250306171,
    0.4944717307315415
  ],
  "sub_sharpe_min": 0.4944717307315415,
  "exp_name": "lgbm_fixed_K7",
  "K": 7,
  "wall_time_s": 0.13
}