{
  "cfg": {
    "name": "exp_18_K1_h12",
    "K": 1,
    "hold_months": 12,
    "weighting": "ew",
    "cost_bps_per_leg": 5.0,
    "cash_yield_apr": 0.0,
    "crash_gate": true,
    "soft_cash": false,
    "score_fn_name": "ml_3plus6",
    "pick_filter": "none",
    "conv_lambda": 0.0,
    "cash_score_floor": 0.0
  },
  "metrics": {
    "n_months": 248,
    "cagr": 0.19155000760297325,
    "sharpe": 0.5880510396411878,
    "sortino": 1.1411031961426652,
    "max_dd": -0.8647724361824034,
    "best_m": 0.7347384799643766,
    "worst_m": -0.5180205160282181,
    "positive_months": 140,
    "total_months": 248,
    "cash_months": 4,
    "window": "research",
    "wall_time_s": 0.1
  },
  "run_id": "20260510_133109_exp_18_K1_h12_e0e2f76659_research",
  "git_sha": "ed52fb1deb6ade154808a7aea1fa9884423831fd"
}