{
  "K2": {
    "n_months": 96,
    "cagr_full": 0.1973667136481445,
    "sharpe": 0.770975504946054,
    "max_dd": -0.31424661069358195,
    "wf_mean_cagr": 0.4419681659149513,
    "wf_median_cagr": 0.40834326654422115,
    "wf_min_cagr": 0.29373768963948943,
    "wf_max_cagr": 0.6963669577443372,
    "wf_mean_edge_pp_vs_qqq": 24.78919342018367,
    "wf_mean_edge_pp_vs_spy": 27.65864662816858,
    "wf_n_beats_qqq": 8,
    "wf_n_beats_spy": 8,
    "wf_n_positive": 8,
    "wf_n_splits": 8,
    "n_picks_total": 30
  },
  "K3": {
    "n_months": 96,
    "cagr_full": 0.198727408049298,
    "sharpe": 0.8651178098987979,
    "max_dd": -0.2757940882973685,
    "wf_mean_cagr": 0.383420862154129,
    "wf_median_cagr": 0.3741786619386607,
    "wf_min_cagr": 0.33615552258112746,
    "wf_max_cagr": 0.44868819529155557,
    "wf_mean_edge_pp_vs_qqq": 18.934463044101435,
    "wf_mean_edge_pp_vs_spy": 21.80391625208635,
    "wf_n_beats_qqq": 7,
    "wf_n_beats_spy": 8,
    "wf_n_positive": 8,
    "wf_n_splits": 8,
    "n_picks_total": 45
  }
}