{
  "n_months": 248,
  "cagr": 0.15763697941520038,
  "sharpe": 0.7907921228935123,
  "sortino": 1.3545529430186498,
  "max_dd": -0.40721824055023753,
  "best_m": 0.18986182873733393,
  "worst_m": -0.20943933515966298,
  "positive_months": 152,
  "total_months": 248,
  "cash_months": 4,
  "sub_sharpes": [
    0.7388392742531418,
    1.0785739559840828,
    0.7513416668263609
  ],
  "sub_sharpe_min": 0.7388392742531418,
  "exp_name": "invvol_port_K3_vc0.5_vtNone",
  "K": 3,
  "hold": 6,
  "vol_target": null,
  "wall_time_s": 0.22
}