{
  "cfg": {
    "name": "exp_07_softcash_combo",
    "K": 3,
    "hold_months": 6,
    "weighting": "conv",
    "cost_bps_per_leg": 5.0,
    "cash_yield_apr": 0.03,
    "crash_gate": false,
    "soft_cash": true,
    "score_fn_name": "ml_3plus6",
    "pick_filter": "none",
    "conv_lambda": 0.5,
    "cash_score_floor": 0.0
  },
  "metrics": {
    "n_months": 248,
    "cagr": 0.21237193296621393,
    "sharpe": 0.6997609522500278,
    "sortino": 1.542468303999303,
    "max_dd": -0.6151003582536428,
    "best_m": 0.9185047435893133,
    "worst_m": -0.3789975097329532,
    "positive_months": 150,
    "total_months": 248,
    "cash_months": 0,
    "window": "research",
    "wall_time_s": 0.16
  },
  "run_id": "20260510_132934_exp_07_softcash_combo_5514670d10_research",
  "git_sha": "ed52fb1deb6ade154808a7aea1fa9884423831fd"
}