{
  "cfg": {
    "name": "exp_15_K2_h3",
    "K": 2,
    "hold_months": 3,
    "weighting": "ew",
    "cost_bps_per_leg": 5.0,
    "cash_yield_apr": 0.0,
    "crash_gate": true,
    "soft_cash": false,
    "score_fn_name": "ml_3plus6",
    "pick_filter": "none",
    "conv_lambda": 0.0,
    "cash_score_floor": 0.0
  },
  "metrics": {
    "n_months": 248,
    "cagr": 0.3372778757969599,
    "sharpe": 0.8038010668766825,
    "sortino": 1.9111901562178248,
    "max_dd": -0.6906744930515392,
    "best_m": 1.0267104282292647,
    "worst_m": -0.43046682431967015,
    "positive_months": 149,
    "total_months": 248,
    "cash_months": 5,
    "window": "research",
    "wall_time_s": 0.25
  },
  "run_id": "20260510_133108_exp_15_K2_h3_1df82efb4a_research",
  "git_sha": "ed52fb1deb6ade154808a7aea1fa9884423831fd"
}