{
  "n_months": 248,
  "cagr": 0.23800940582971952,
  "sharpe": 0.825595716940225,
  "sortino": 1.7039682310844964,
  "max_dd": -0.5873656844635362,
  "best_m": 0.6199921113503655,
  "worst_m": -0.2598756166654499,
  "positive_months": 158,
  "total_months": 248,
  "cash_months": 4,
  "sub_sharpes": [
    0.4494679172435385,
    1.1208888093478009,
    1.0805989273262975
  ],
  "sub_sharpe_min": 0.4494679172435385,
  "exp_name": "dq_vc0.80_K5",
  "K": 5,
  "wall_time_s": 0.24
}