{
  "n_months": 248,
  "cagr": 0.2541350163968932,
  "sharpe": 0.9302675826587044,
  "sortino": 2.2249558701248904,
  "max_dd": -0.512241068314274,
  "best_m": 0.7332533123468217,
  "worst_m": -0.27185543628711284,
  "positive_months": 155,
  "total_months": 248,
  "cash_months": 4,
  "sub_sharpes": [
    0.7626661770542877,
    1.265331299833324,
    0.9547112546550268
  ],
  "sub_sharpe_min": 0.7626661770542877,
  "wall_time_s": 0.17,
  "window": "research",
  "exp_name": "voltgt0.15",
  "K": 3,
  "hold": 6,
  "vol_target": 0.15
}