{
  "n_months": 248,
  "cagr": 0.15090435924329326,
  "sharpe": 0.8462696637446048,
  "sortino": 1.570243520995338,
  "max_dd": -0.30317101654753104,
  "best_m": 0.18670375970857833,
  "worst_m": -0.173662148774935,
  "positive_months": 156,
  "total_months": 248,
  "cash_months": 4,
  "sub_sharpes": [
    1.1114541856896825,
    1.0642313891659578,
    0.5318188910323604
  ],
  "sub_sharpe_min": 0.5318188910323604,
  "exp_name": "lgbm_fixed_K10",
  "K": 10,
  "wall_time_s": 0.17
}