{
  "name": "ml_filter|k3_3_3|ew|tight|h6",
  "cagr_full": 0.35534298850601176,
  "spy_cagr_full": 0.1194382410561079,
  "edge_full_pp": 23.590474744990388,
  "sharpe": 0.8818722816967385,
  "max_dd": -0.49828619285029274,
  "n_cash_months": 4.0,
  "wf_mean_cagr": 0.3776856109903516,
  "wf_median_cagr": 0.3185276668134289,
  "wf_min_cagr": 0.15951182991723978,
  "wf_max_cagr": 0.9141298933883593,
  "wf_mean_edge_pp": 22.962541365091695,
  "wf_n_positive": 10.0,
  "wf_n_beats_spy": 9.0,
  "wf_n_splits": 10.0,
  "scorer": "ml_filter",
  "k_combo": "k3_3_3",
  "weighting": "ew",
  "gate": "tight",
  "hold": 6.0,
  "composite": 70.73110246412685
}