{
  "ic_filter_pearson_mean": 0.035112517869837746,
  "ic_filter_spearman_mean": 0.030681638586910347,
  "ic_filter_ir_annualised": 0.882955090195363,
  "ic_retrain_pearson_mean": 0.019673149897524334,
  "ic_retrain_spearman_mean": 0.018756653622149982,
  "turnover_filter": {
    "n_pairs": 246,
    "mean_overlap_with_prev": 0.4332559039876113,
    "median_overlap_with_prev": 0.42857142857142855,
    "approx_annualised_turnover": 6.8009291521486634
  },
  "turnover_retrain": {
    "n_pairs": 220,
    "mean_overlap_with_prev": 0.49887445887445886,
    "median_overlap_with_prev": 0.5,
    "approx_annualised_turnover": 6.013506493506493
  },
  "spy_dca_filter_window": {
    "n_months": 268,
    "deposits_total": 268.0,
    "final_equity": 1585.121570511847,
    "xirr_cagr": 0.13818286162441906,
    "buyhold_cagr": 0.1194382410561079
  },
  "spy_dca_retrain_window": {
    "n_months": 242,
    "deposits_total": 242.0,
    "final_equity": 1294.6075718318425,
    "xirr_cagr": 0.14601915865803228,
    "buyhold_cagr": 0.1225830832389061
  }
}