cagr_full,sharpe,max_dd,wf_mean_cagr,wf_min_cagr,wf_max_cagr,wf_mean_edge_pp,wf_n_pos,wf_n_beats,n_cash,universe,n_picks_universe
0.509418511805847,0.9117075621694972,-0.6245230993469499,0.5183160715448172,0.1372785194246291,1.2375020707770892,37.02558742053826,10.0,10.0,4,broader_1833,1811
0.482154521099756,0.8956195451276143,-0.6245230993469499,0.510252856252802,0.21374120097888638,0.9994699833695622,36.21926589133674,10.0,10.0,4,non_sp500_pit,1579
0.3977406189318511,0.9553637477926258,-0.49828619285029263,0.42800538003320804,0.14492104439496223,1.0879351638068608,27.994518269377345,10.0,9.0,4,sp500_pit,587
0.47018685687333295,0.8753297007676785,-0.6305054907692131,0.4866920315899752,0.1311124166680071,1.4315818071410535,33.86318342505406,10.0,8.0,4,random_500_seed1,499
0.8258345351057435,1.2411783938496432,-0.6012558468242981,0.8630146270246681,0.17391724276386267,1.7218638436821694,71.49544296852335,10.0,10.0,4,random_500_seed2,497
0.35846452339614165,0.8156854995373687,-0.6087532534939245,0.32633998489654614,-0.08232858696136625,0.5856502602940927,17.82797875571115,9.0,9.0,4,random_500_seed3,497
0.5402478996041178,0.9719214611203749,-0.4988702051918322,0.5930605886739672,0.05428096789804826,1.3103313643036576,44.500039133453264,10.0,8.0,4,random_500_seed4,498
0.561864355755161,0.9831045921447996,-0.6879068438787024,0.549447420309709,0.14324620730490167,1.5860683857280162,40.138722297027435,10.0,8.0,4,random_500_seed5,496
0.5513196341468994,0.9774439294839729,-0.605458328031594,0.5637109304989731,0.0840456495346907,1.3270991322297978,41.56507331595385,9.8,8.6,4,random_500_AVG_5seeds,497
