{
  "variant_name": "ml_3plus6|k3_3_3|ew|tight|h6|cap1.0",
  "n_months": 268,
  "final_equity": 1693.3311810433966,
  "cagr_full": 0.3977406189318511,
  "spy_cagr_full": 0.1194382410561079,
  "edge_full_pp": 27.83023778757432,
  "sharpe": 0.9553637477926258,
  "max_dd": -0.49828619285029263,
  "n_cash_months": 4,
  "wf_mean_cagr": 0.42800538003320804,
  "wf_median_cagr": 0.39897919814733074,
  "wf_min_cagr": 0.14492104439496223,
  "wf_max_cagr": 1.0879351638068608,
  "wf_mean_edge_pp": 27.994518269377345,
  "wf_n_positive": 10,
  "wf_n_beats_spy": 9,
  "n_positive_years": 21,
  "n_beats_spy_years": 18,
  "cy_cagr_full": 0.38423977048821456,
  "cy_cagr_ex_best": 0.28384069719901595,
  "cy_cagr_ex_worst": 0.4179230768063986,
  "turnover": {
    "n_pairs": 261,
    "mean_overlap": 0.8786717752234994,
    "approx_annl_turnover": 1.4559386973180075
  }
}