alpha_yr,p10,median,p90,mean,n_iters
0.0,38.13071754791994,38.13071754791994,38.13071754791994,38.130717547919936,30
0.02,30.57048207796646,35.526916244853865,38.13071754791994,34.61640032647211,30
0.04,25.396122340473436,32.040388306339906,36.05414436845912,30.746352068561826,30
0.06,20.009901094948987,26.354564080791555,32.01661735561515,26.177005411217124,30
0.08,17.672238550386474,22.176665500471138,30.968204019599238,23.45493700084434,30
0.12,10.397180915976028,17.179485503781343,24.89395128704998,17.828856044210404,30
0.16,4.52852603336834,13.198199271288747,22.311909386460986,13.117263881570304,30
0.2,-5.425910860701394,5.38162215713438,15.223522562610892,5.085925827144042,30
