{
  "variant_name": "ml_filter|k3_3_3|ew|tight|h6|cap1.0",
  "n_months": 268,
  "final_equity": 889.4040435611396,
  "cagr_full": 0.35801718722557196,
  "spy_cagr_full": 0.1194382410561079,
  "edge_full_pp": 23.857894616946407,
  "sharpe": 0.8818722816967385,
  "max_dd": -0.49828619285029274,
  "n_cash_months": 4,
  "wf_mean_cagr": 0.3776856109903516,
  "wf_median_cagr": 0.3185276668134289,
  "wf_min_cagr": 0.15951182991723978,
  "wf_max_cagr": 0.9141298933883593,
  "wf_mean_edge_pp": 22.962541365091695,
  "wf_n_positive": 10,
  "wf_n_beats_spy": 9,
  "n_positive_years": 18,
  "n_beats_spy_years": 18,
  "cy_cagr_full": 0.346024422573298,
  "cy_cagr_ex_best": 0.2552978893130309,
  "cy_cagr_ex_worst": 0.37627359319230025,
  "turnover": {
    "n_pairs": 261,
    "mean_overlap": 0.876117496807152,
    "approx_annl_turnover": 1.486590038314176
  }
}