name,cagr_full,spy_cagr_full,edge_full_pp,sharpe,max_dd,n_cash,wf_mean_cagr,wf_median_cagr,wf_min_cagr,wf_max_cagr,wf_mean_edge_pp,wf_n_pos,wf_n_beats,wf_n_splits
v3_baseline,0.3977406189318511,0.12725478443785376,27.048583449399732,0.9553637477926258,-0.49828619285029263,4,0.42800538003320804,0.39897919814733074,0.14492104439496223,1.0879351638068608,27.994518269377345,10,9,10
v5_chr_p70_q0.4,0.4481362715456887,0.12725478443785376,32.08814871078349,1.03558644651507,-0.4982861928502925,4,0.45860399893579257,0.43832658350017706,0.17006813149774525,1.0879351638068608,31.054380159635805,10,10,10
v5_chr_AND_mr_q0.4,0.4304741789437436,0.12725478443785376,30.321939450588985,1.02935432259952,-0.45638710580594116,4,0.44395373121266646,0.4123386868582952,0.19108661109047187,1.117151897962159,29.58935338732319,10,10,10
v5_moirai_p70_q0.4,0.4381665959660197,0.12725478443785376,31.091181152816596,1.039668268816922,-0.45638710580594116,4,0.442072248773588,0.3979757400557462,0.1843345227525579,1.117151897962159,29.401205143415346,10,10,10
