{
  "variant_name": "v5_chr_p70_q0.45_k3_invvol_cap0.4",
  "n_months": 268,
  "final_equity": 3224.9392203427337,
  "cagr_full": 0.43864629694883184,
  "spy_cagr_full": 0.12725478443785376,
  "edge_full_pp": 31.139151251097807,
  "sharpe": 1.0627352046927585,
  "max_dd": -0.4841335600608197,
  "n_cash_months": 4,
  "wf_mean_cagr": 0.4715628096454572,
  "wf_median_cagr": 0.4348503729834512,
  "wf_min_cagr": 0.2308054868545717,
  "wf_max_cagr": 1.0458558656075327,
  "wf_mean_edge_pp": 32.35026123060226,
  "wf_n_positive": 10,
  "wf_n_beats_spy": 10,
  "n_positive_years": 20,
  "n_beats_spy_years": 18,
  "cy_cagr_full": 0.4235596000608062,
  "turnover": {
    "n_pairs": 261,
    "mean_overlap": 0.8773946360153256,
    "approx_annl_turnover": 1.4712643678160924
  }
}