{
  "name": "v8_winner",
  "cagr_full": 0.4147905119871267,
  "spy_cagr_full": 0.1194382410561079,
  "edge_full_pp": 29.53522709310188,
  "sharpe": 1.0154453949381477,
  "max_dd": -0.46382559899278303,
  "n_cash": 4,
  "wf_mean_cagr": 0.46078957203929116,
  "wf_median_cagr": 0.3697980880874061,
  "wf_min_cagr": 0.2405666232279975,
  "wf_max_cagr": 1.0558463428565679,
  "wf_mean_sharpe": 1.1442888076125661,
  "wf_min_sharpe": 0.8199610717053246,
  "wf_mean_dd": -0.33060854042504,
  "wf_min_dd": -0.4584918406598708,
  "wf_mean_edge_pp": 31.272937469985642,
  "wf_n_pos": 10,
  "wf_n_beats_spy": 10,
  "wf_n_splits": 10
}