{
  "n_months": 248,
  "cagr": 0.2201973559024064,
  "sharpe": 0.8536488460919469,
  "sortino": 1.6501309033952596,
  "max_dd": -0.5115137469950877,
  "best_m": 0.45237976195212914,
  "worst_m": -0.2516998271654581,
  "positive_months": 156,
  "total_months": 248,
  "cash_months": 4,
  "sub_sharpes": [
    0.5218498434492397,
    0.9195688354505644,
    1.2346759775131224
  ],
  "sub_sharpe_min": 0.5218498434492397,
  "exp_name": "dq_vc0.65_K5",
  "K": 5,
  "wall_time_s": 0.24
}