{
  "n_months": 248,
  "cagr": 0.13153139301513783,
  "sharpe": 0.7790939342151676,
  "sortino": 1.410836987966558,
  "max_dd": -0.36707215321197506,
  "best_m": 0.17936049913070035,
  "worst_m": -0.17044874159967374,
  "positive_months": 151,
  "total_months": 248,
  "cash_months": 4,
  "sub_sharpes": [
    0.8852607654380723,
    1.0186700158729494,
    0.560561056301743
  ],
  "sub_sharpe_min": 0.560561056301743,
  "exp_name": "lgbm_fixed_K15",
  "K": 15,
  "wall_time_s": 0.22
}