{
  "n_months": 248,
  "cagr": 0.16453878960743218,
  "sharpe": 0.9698103257825282,
  "sortino": 1.6912771058644733,
  "max_dd": -0.3065770661069458,
  "best_m": 0.14422386478713725,
  "worst_m": -0.16421702583010162,
  "positive_months": 160,
  "total_months": 248,
  "cash_months": 4,
  "sub_sharpes": [
    1.0278421884646771,
    1.3203263189469827,
    0.8002596702107377
  ],
  "sub_sharpe_min": 0.8002596702107377,
  "wall_time_s": 0.27,
  "window": "research",
  "exp_name": "qualK15",
  "K": 15,
  "hold": 6,
  "vol_target": null
}