{
  "cfg": {
    "name": "exp_23_ens_36_12wt",
    "K": 3,
    "hold_months": 6,
    "weighting": "ew",
    "cost_bps_per_leg": 5.0,
    "cash_yield_apr": 0.0,
    "crash_gate": true,
    "soft_cash": false,
    "score_fn_name": "ens_36_12wt",
    "pick_filter": "none",
    "conv_lambda": 0.0,
    "cash_score_floor": 0.0
  },
  "metrics": {
    "n_months": 248,
    "cagr": 0.33395628551275247,
    "sharpe": 0.8458745960389418,
    "sortino": 2.2400001320670744,
    "max_dd": -0.4923343520732819,
    "best_m": 0.8495509234283266,
    "worst_m": -0.3357942381205953,
    "positive_months": 152,
    "total_months": 248,
    "cash_months": 4,
    "window": "research",
    "wall_time_s": 0.2
  },
  "run_id": "20260510_134923_exp_23_ens_36_12wt_46318c836a_research",
  "git_sha": "f72377ada312ac4fc7d916b26315abf2a3bed1e4"
}