{
  "best_config": "pred_K1_h6",
  "cagr": 0.3571088466587964,
  "sharpe": 0.8656431155578715,
  "max_dd": -0.614934311013337,
  "bb_p5": 0.5096739519045903,
  "bb_p50": 0.8693651551043591,
  "bb_p95": 1.1943086694934235,
  "dsr": 0.8882556758061468,
  "n_trials_total": 194
}