H,N,year,i,p_last,p_zero
30,1,1991,302,0.6866666666666666,0.6866666666666666
30,5,1991,302,0.9433333333333334,0.9433333333333334
30,10,1991,302,0.9633333333333334,0.9633333333333334
30,20,1991,302,1.0,1.0
30,50,1991,302,1.0,1.0
30,1,1991,323,0.4866666666666667,0.4866666666666667
30,5,1991,323,0.6633333333333333,0.6633333333333333
30,10,1991,323,0.6766666666666666,0.6766666666666666
30,20,1991,323,0.67,0.67
30,50,1991,323,0.6566666666666666,0.6566666666666666
30,1,1991,344,0.39666666666666667,0.39666666666666667
30,5,1991,344,0.33,0.33
30,10,1991,344,0.26,0.26
30,20,1991,344,0.23666666666666666,0.23666666666666666
30,50,1991,344,0.07333333333333333,0.07333333333333333
30,1,1991,365,0.6133333333333333,0.6133333333333333
30,5,1991,365,0.6166666666666667,0.6166666666666667
30,10,1991,365,0.65,0.65
30,20,1991,365,0.66,0.66
30,50,1991,365,0.7066666666666667,0.7066666666666667
30,1,1991,386,0.7133333333333334,0.7133333333333334
30,5,1991,386,0.9233333333333333,0.9233333333333333
30,10,1991,386,0.9833333333333333,0.9833333333333333
30,20,1991,386,1.0,1.0
30,50,1991,386,1.0,1.0
30,1,1991,407,0.68,0.68
30,5,1991,407,0.8833333333333333,0.8833333333333333
30,10,1991,407,0.9633333333333334,0.9633333333333334
30,20,1991,407,0.99,0.99
30,50,1991,407,1.0,1.0
30,1,1991,428,0.7766666666666666,0.7766666666666666
30,5,1991,428,0.9066666666666666,0.9066666666666666
30,10,1991,428,0.9366666666666666,0.9366666666666666
30,20,1991,428,0.9933333333333333,0.9933333333333333
30,50,1991,428,1.0,1.0
30,1,1991,449,0.69,0.69
30,5,1991,449,0.8533333333333334,0.8533333333333334
30,10,1991,449,0.9266666666666666,0.9266666666666666
30,20,1991,449,0.9766666666666667,0.9766666666666667
30,50,1991,449,1.0,1.0
30,1,1991,470,0.5666666666666667,0.5666666666666667
30,5,1991,470,0.6433333333333333,0.6433333333333333
30,10,1991,470,0.7566666666666667,0.7566666666666667
30,20,1991,470,0.8133333333333334,0.8133333333333334
30,50,1991,470,0.9166666666666666,0.9166666666666666
30,1,1991,491,0.6633333333333333,0.6633333333333333
30,5,1991,491,0.93,0.93
30,10,1991,491,0.9933333333333333,0.9933333333333333
30,20,1991,491,1.0,1.0
30,50,1991,491,1.0,1.0
30,1,1992,512,0.48,0.48
30,5,1992,512,0.52,0.52
30,10,1992,512,0.48333333333333334,0.48333333333333334
30,20,1992,512,0.46,0.46
30,50,1992,512,0.45,0.45
30,1,1992,533,0.2733333333333333,0.2733333333333333
30,5,1992,533,0.14333333333333334,0.14333333333333334
30,10,1992,533,0.06,0.06
30,20,1992,533,0.02,0.02
30,50,1992,533,0.0,0.0
30,1,1992,554,0.5233333333333333,0.5233333333333333
30,5,1992,554,0.52,0.52
30,10,1992,554,0.5666666666666667,0.5666666666666667
30,20,1992,554,0.53,0.53
30,50,1992,554,0.51,0.51
30,1,1992,575,0.84,0.84
30,5,1992,575,0.9233333333333333,0.9233333333333333
30,10,1992,575,0.9633333333333334,0.9633333333333334
30,20,1992,575,0.9933333333333333,0.9933333333333333
30,50,1992,575,1.0,1.0
30,1,1992,596,0.4766666666666667,0.4766666666666667
30,5,1992,596,0.41,0.41
30,10,1992,596,0.45666666666666667,0.45666666666666667
30,20,1992,596,0.28,0.28
30,50,1992,596,0.17333333333333334,0.17333333333333334
30,1,1992,617,0.6833333333333333,0.6833333333333333
30,5,1992,617,0.8933333333333333,0.8933333333333333
30,10,1992,617,0.9533333333333334,0.9533333333333334
30,20,1992,617,0.9966666666666667,0.9966666666666667
30,50,1992,617,1.0,1.0
30,1,1992,638,0.6966666666666667,0.6966666666666667
30,5,1992,638,0.9133333333333333,0.9133333333333333
30,10,1992,638,0.95,0.95
30,20,1992,638,1.0,1.0
30,50,1992,638,1.0,1.0
30,1,1992,659,0.41,0.41
30,5,1992,659,0.49,0.49
30,10,1992,659,0.4666666666666667,0.4666666666666667
30,20,1992,659,0.49,0.49
30,50,1992,659,0.5266666666666666,0.5266666666666666
30,1,1992,680,0.49333333333333335,0.49333333333333335
30,5,1992,680,0.6033333333333334,0.6033333333333334
30,10,1992,680,0.5966666666666667,0.5966666666666667
30,20,1992,680,0.7266666666666667,0.7266666666666667
30,50,1992,680,0.8166666666666667,0.8166666666666667
30,1,1992,722,0.8233333333333334,0.8233333333333334
30,5,1992,722,0.9333333333333333,0.9333333333333333
30,10,1992,722,0.96,0.96
30,20,1992,722,0.9866666666666667,0.9866666666666667
30,50,1992,722,1.0,1.0
30,1,1992,743,0.6766666666666666,0.6766666666666666
30,5,1992,743,0.8066666666666666,0.8066666666666666
30,10,1992,743,0.8533333333333334,0.8533333333333334
30,20,1992,743,0.88,0.88
30,50,1992,743,0.9633333333333334,0.9633333333333334
30,1,1993,764,0.7733333333333333,0.7733333333333333
30,5,1993,764,0.86,0.86
30,10,1993,764,0.96,0.96
30,20,1993,764,0.9933333333333333,0.9933333333333333
30,50,1993,764,1.0,1.0
30,1,1993,785,0.69,0.69
30,5,1993,785,0.9033333333333333,0.9033333333333333
30,10,1993,785,0.9566666666666667,0.9566666666666667
30,20,1993,785,0.9933333333333333,0.9933333333333333
30,50,1993,785,1.0,1.0
30,1,1993,806,0.5366666666666666,0.5366666666666666
30,5,1993,806,0.5166666666666667,0.5166666666666667
30,10,1993,806,0.5966666666666667,0.5966666666666667
30,20,1993,806,0.5866666666666667,0.5866666666666667
30,50,1993,806,0.7133333333333334,0.7133333333333334
30,1,1993,827,0.3566666666666667,0.3566666666666667
30,5,1993,827,0.29333333333333333,0.29333333333333333
30,10,1993,827,0.21666666666666667,0.21666666666666667
30,20,1993,827,0.11,0.11
30,50,1993,827,0.02666666666666667,0.02666666666666667
30,1,1993,848,0.39,0.39
30,5,1993,848,0.4033333333333333,0.4033333333333333
30,10,1993,848,0.3933333333333333,0.3933333333333333
30,20,1993,848,0.33,0.33
30,50,1993,848,0.32,0.32
30,1,1993,869,0.5966666666666667,0.5966666666666667
30,5,1993,869,0.77,0.77
30,10,1993,869,0.8466666666666667,0.8466666666666667
30,20,1993,869,0.96,0.96
30,50,1993,869,0.9966666666666667,0.9966666666666667
30,1,1993,890,0.6733333333333333,0.6733333333333333
30,5,1993,890,0.92,0.92
30,10,1993,890,0.9533333333333334,0.9533333333333334
30,20,1993,890,1.0,1.0
30,50,1993,890,1.0,1.0
30,1,1993,911,0.7033333333333334,0.7033333333333334
30,5,1993,911,0.8233333333333334,0.8233333333333334
30,10,1993,911,0.92,0.92
30,20,1993,911,0.9733333333333334,0.9733333333333334
30,50,1993,911,1.0,1.0
30,1,1993,932,0.58,0.58
30,5,1993,932,0.7066666666666667,0.7066666666666667
30,10,1993,932,0.75,0.75
30,20,1993,932,0.8566666666666667,0.8566666666666667
30,50,1993,932,0.9566666666666667,0.9566666666666667
30,1,1993,953,0.29333333333333333,0.29333333333333333
30,5,1993,953,0.15,0.15
30,10,1993,953,0.08333333333333333,0.08333333333333333
30,20,1993,953,0.03333333333333333,0.03333333333333333
30,50,1993,953,0.006666666666666667,0.006666666666666667
30,1,1993,974,0.47,0.47
30,5,1993,974,0.45,0.45
30,10,1993,974,0.37333333333333335,0.37333333333333335
30,20,1993,974,0.4,0.4
30,50,1993,974,0.29,0.29
30,1,1993,995,0.6166666666666667,0.6166666666666667
30,5,1993,995,0.7566666666666667,0.7566666666666667
30,10,1993,995,0.8633333333333333,0.8633333333333333
30,20,1993,995,0.93,0.93
30,50,1993,995,0.9966666666666667,0.9966666666666667
30,1,1994,1016,0.6466666666666666,0.6466666666666666
30,5,1994,1016,0.75,0.75
30,10,1994,1016,0.8933333333333333,0.8933333333333333
30,20,1994,1016,0.9566666666666667,0.9566666666666667
30,50,1994,1016,0.9966666666666667,0.9966666666666667
30,1,1994,1037,0.5833333333333334,0.5833333333333334
30,5,1994,1037,0.6966666666666667,0.6966666666666667
30,10,1994,1037,0.7133333333333334,0.7133333333333334
30,20,1994,1037,0.8033333333333333,0.8033333333333333
30,50,1994,1037,0.9233333333333333,0.9233333333333333
30,1,1994,1058,0.2733333333333333,0.2733333333333333
30,5,1994,1058,0.04666666666666667,0.04666666666666667
30,10,1994,1058,0.01,0.01
30,20,1994,1058,0.0033333333333333335,0.0033333333333333335
30,50,1994,1058,0.0,0.0
30,1,1994,1079,0.48333333333333334,0.48333333333333334
30,5,1994,1079,0.30666666666666664,0.30666666666666664
30,10,1994,1079,0.29,0.29
30,20,1994,1079,0.12333333333333334,0.12333333333333334
30,50,1994,1079,0.07,0.07
30,1,1994,1184,0.45,0.45
30,5,1994,1184,0.42333333333333334,0.42333333333333334
30,10,1994,1184,0.39666666666666667,0.39666666666666667
30,20,1994,1184,0.3466666666666667,0.3466666666666667
30,50,1994,1184,0.31666666666666665,0.31666666666666665
30,1,1994,1226,0.38333333333333336,0.38333333333333336
30,5,1994,1226,0.27,0.27
30,10,1994,1226,0.16,0.16
30,20,1994,1226,0.10666666666666667,0.10666666666666667
30,50,1994,1226,0.023333333333333334,0.023333333333333334
30,1,1995,1289,0.6166666666666667,0.6166666666666667
30,5,1995,1289,0.6966666666666667,0.6966666666666667
30,10,1995,1289,0.7433333333333333,0.7433333333333333
30,20,1995,1289,0.85,0.85
30,50,1995,1289,0.9166666666666666,0.9166666666666666
30,1,1995,1310,0.7966666666666666,0.7966666666666666
30,5,1995,1310,0.9566666666666667,0.9566666666666667
30,10,1995,1310,0.9766666666666667,0.9766666666666667
30,20,1995,1310,1.0,1.0
30,50,1995,1310,1.0,1.0
30,1,1995,1331,0.5933333333333334,0.5933333333333334
30,5,1995,1331,0.77,0.77
30,10,1995,1331,0.8733333333333333,0.8733333333333333
30,20,1995,1331,0.9033333333333333,0.9033333333333333
30,50,1995,1331,0.9933333333333333,0.9933333333333333
30,1,1995,1352,0.7133333333333334,0.7133333333333334
30,5,1995,1352,0.8833333333333333,0.8833333333333333
30,10,1995,1352,0.8966666666666666,0.8966666666666666
30,20,1995,1352,0.9433333333333334,0.9433333333333334
30,50,1995,1352,0.9966666666666667,0.9966666666666667
30,1,1995,1373,0.6233333333333333,0.6233333333333333
30,5,1995,1373,0.7833333333333333,0.7833333333333333
30,10,1995,1373,0.87,0.87
30,20,1995,1373,0.96,0.96
30,50,1995,1373,1.0,1.0
30,1,1995,1394,0.6166666666666667,0.6166666666666667
30,5,1995,1394,0.8166666666666667,0.8166666666666667
30,10,1995,1394,0.9133333333333333,0.9133333333333333
30,20,1995,1394,0.9666666666666667,0.9666666666666667
30,50,1995,1394,0.9966666666666667,0.9966666666666667
30,1,1995,1415,0.8,0.8
30,5,1995,1415,0.9433333333333334,0.9433333333333334
30,10,1995,1415,0.9933333333333333,0.9933333333333333
30,20,1995,1415,1.0,1.0
30,50,1995,1415,1.0,1.0
30,1,1995,1436,0.7066666666666667,0.7066666666666667
30,5,1995,1436,0.9066666666666666,0.9066666666666666
30,10,1995,1436,0.96,0.96
30,20,1995,1436,0.99,0.99
30,50,1995,1436,1.0,1.0
30,1,1995,1457,0.53,0.53
30,5,1995,1457,0.6166666666666667,0.6166666666666667
30,10,1995,1457,0.7333333333333333,0.7333333333333333
30,20,1995,1457,0.76,0.76
30,50,1995,1457,0.89,0.89
30,1,1995,1478,0.72,0.72
30,5,1995,1478,0.8833333333333333,0.8833333333333333
30,10,1995,1478,0.8366666666666667,0.8366666666666667
30,20,1995,1478,0.9433333333333334,0.9433333333333334
30,50,1995,1478,0.98,0.98
30,1,1995,1499,0.6066666666666667,0.6066666666666667
30,5,1995,1499,0.63,0.63
30,10,1995,1499,0.7266666666666667,0.7266666666666667
30,20,1995,1499,0.6733333333333333,0.6733333333333333
30,50,1995,1499,0.85,0.85
30,1,1996,1520,0.7266666666666667,0.7266666666666667
30,5,1996,1520,0.89,0.89
30,10,1996,1520,0.9166666666666666,0.9166666666666666
30,20,1996,1520,0.9566666666666667,0.9566666666666667
30,50,1996,1520,0.9966666666666667,0.9966666666666667
30,1,1996,1541,0.4766666666666667,0.4766666666666667
30,5,1996,1541,0.47333333333333333,0.47333333333333333
30,10,1996,1541,0.5366666666666666,0.5366666666666666
30,20,1996,1541,0.49,0.49
30,50,1996,1541,0.5966666666666667,0.5966666666666667
30,1,1996,1562,0.43,0.43
30,5,1996,1562,0.4633333333333333,0.4633333333333333
30,10,1996,1562,0.37,0.37
30,20,1996,1562,0.36666666666666664,0.36666666666666664
30,50,1996,1562,0.25,0.25
30,1,1996,1583,0.47333333333333333,0.47333333333333333
30,5,1996,1583,0.4533333333333333,0.4533333333333333
30,10,1996,1583,0.47,0.47
30,20,1996,1583,0.43666666666666665,0.43666666666666665
30,50,1996,1583,0.3933333333333333,0.3933333333333333
30,1,1996,1604,0.6533333333333333,0.6533333333333333
30,5,1996,1604,0.8166666666666667,0.8166666666666667
30,10,1996,1604,0.9066666666666666,0.9066666666666666
30,20,1996,1604,0.9733333333333334,0.9733333333333334
30,50,1996,1604,1.0,1.0
30,1,1996,1625,0.5266666666666666,0.5266666666666666
30,5,1996,1625,0.5666666666666667,0.5666666666666667
30,10,1996,1625,0.5766666666666667,0.5766666666666667
30,20,1996,1625,0.6033333333333334,0.6033333333333334
30,50,1996,1625,0.5666666666666667,0.5666666666666667
30,1,1996,1646,0.37666666666666665,0.37666666666666665
30,5,1996,1646,0.14,0.14
30,10,1996,1646,0.07333333333333333,0.07333333333333333
30,20,1996,1646,0.04,0.04
30,50,1996,1646,0.0,0.0
30,1,1996,1730,0.7133333333333334,0.7133333333333334
30,5,1996,1730,0.9433333333333334,0.9433333333333334
30,10,1996,1730,0.9766666666666667,0.9766666666666667
30,20,1996,1730,1.0,1.0
30,50,1996,1730,1.0,1.0
30,1,1996,1772,0.56,0.56
30,5,1996,1772,0.7433333333333333,0.7433333333333333
30,10,1996,1772,0.7366666666666667,0.7366666666666667
30,20,1996,1772,0.8566666666666667,0.8566666666666667
30,50,1996,1772,0.97,0.97
30,1,1996,1793,0.66,0.66
30,5,1996,1793,0.8566666666666667,0.8566666666666667
30,10,1996,1793,0.9533333333333334,0.9533333333333334
30,20,1996,1793,0.9933333333333333,0.9933333333333333
30,50,1996,1793,1.0,1.0
30,1,1997,1814,0.6766666666666666,0.6766666666666666
30,5,1997,1814,0.9233333333333333,0.9233333333333333
30,10,1997,1814,0.9833333333333333,0.9833333333333333
30,20,1997,1814,1.0,1.0
30,50,1997,1814,1.0,1.0
30,1,1997,1835,0.5966666666666667,0.5966666666666667
30,5,1997,1835,0.7066666666666667,0.7066666666666667
30,10,1997,1835,0.8333333333333334,0.8333333333333334
30,20,1997,1835,0.92,0.92
30,50,1997,1835,0.9933333333333333,0.9933333333333333
30,1,1997,1856,0.2833333333333333,0.2833333333333333
30,5,1997,1856,0.26666666666666666,0.26666666666666666
30,10,1997,1856,0.13,0.13
30,20,1997,1856,0.07666666666666666,0.07666666666666666
30,50,1997,1856,0.013333333333333334,0.013333333333333334
30,1,1997,1877,0.8166666666666667,0.8166666666666667
30,5,1997,1877,0.9633333333333334,0.9633333333333334
30,10,1997,1877,0.9933333333333333,0.9933333333333333
30,20,1997,1877,1.0,1.0
30,50,1997,1877,1.0,1.0
30,1,1997,1898,0.8633333333333333,0.8633333333333333
30,5,1997,1898,0.9666666666666667,0.9666666666666667
30,10,1997,1898,0.9333333333333333,0.9333333333333333
30,20,1997,1898,0.9966666666666667,0.9966666666666667
30,50,1997,1898,1.0,1.0
30,1,1997,1919,0.8833333333333333,0.8833333333333333
30,5,1997,1919,1.0,1.0
30,10,1997,1919,1.0,1.0
30,20,1997,1919,1.0,1.0
30,50,1997,1919,1.0,1.0
30,1,1997,1940,0.6366666666666667,0.6366666666666667
30,5,1997,1940,0.7733333333333333,0.7733333333333333
30,10,1997,1940,0.8666666666666667,0.8666666666666667
30,20,1997,1940,0.96,0.96
30,50,1997,1940,0.99,0.99
30,1,1997,1961,0.8166666666666667,0.8166666666666667
30,5,1997,1961,0.92,0.92
30,10,1997,1961,0.9433333333333334,0.9433333333333334
30,20,1997,1961,0.9533333333333334,0.9533333333333334
30,50,1997,1961,0.9966666666666667,0.9966666666666667
30,1,1997,1982,0.8833333333333333,0.8833333333333333
30,5,1997,1982,0.9966666666666667,0.9966666666666667
30,10,1997,1982,1.0,1.0
30,20,1997,1982,1.0,1.0
30,50,1997,1982,1.0,1.0
30,1,1997,2003,0.33666666666666667,0.33666666666666667
30,5,1997,2003,0.27,0.27
30,10,1997,2003,0.21,0.21
30,20,1997,2003,0.13666666666666666,0.13666666666666666
30,50,1997,2003,0.03,0.03
30,1,1997,2024,0.7933333333333333,0.7933333333333333
30,5,1997,2024,0.9666666666666667,0.9666666666666667
30,10,1997,2024,0.9933333333333333,0.9933333333333333
30,20,1997,2024,0.9966666666666667,0.9966666666666667
30,50,1997,2024,1.0,1.0
30,1,1997,2045,0.67,0.67
30,5,1997,2045,0.74,0.74
30,10,1997,2045,0.7966666666666666,0.7966666666666666
30,20,1997,2045,0.93,0.93
30,50,1997,2045,0.9933333333333333,0.9933333333333333
30,1,1998,2066,0.48333333333333334,0.48333333333333334
30,5,1998,2066,0.43666666666666665,0.43666666666666665
30,10,1998,2066,0.48,0.48
30,20,1998,2066,0.48333333333333334,0.48333333333333334
30,50,1998,2066,0.5766666666666667,0.5766666666666667
30,1,1998,2087,0.6233333333333333,0.6233333333333333
30,5,1998,2087,0.85,0.85
30,10,1998,2087,0.9166666666666666,0.9166666666666666
30,20,1998,2087,0.9833333333333333,0.9833333333333333
30,50,1998,2087,1.0,1.0
30,1,1998,2108,0.8,0.8
30,5,1998,2108,0.9566666666666667,0.9566666666666667
30,10,1998,2108,0.9866666666666667,0.9866666666666667
30,20,1998,2108,1.0,1.0
30,50,1998,2108,1.0,1.0
30,1,1998,2129,0.2733333333333333,0.2733333333333333
30,5,1998,2129,0.10333333333333333,0.10333333333333333
30,10,1998,2129,0.10666666666666667,0.10666666666666667
30,20,1998,2129,0.02666666666666667,0.02666666666666667
30,50,1998,2129,0.006666666666666667,0.006666666666666667
30,1,1998,2150,0.36,0.36
30,5,1998,2150,0.22666666666666666,0.22666666666666666
30,10,1998,2150,0.1,0.1
30,20,1998,2150,0.04666666666666667,0.04666666666666667
30,50,1998,2150,0.0033333333333333335,0.0033333333333333335
30,1,1998,2171,0.55,0.55
30,5,1998,2171,0.6233333333333333,0.6233333333333333
30,10,1998,2171,0.6466666666666666,0.6466666666666666
30,20,1998,2171,0.77,0.77
30,50,1998,2171,0.8466666666666667,0.8466666666666667
30,1,1998,2192,0.18333333333333332,0.18333333333333332
30,5,1998,2192,0.03,0.03
30,10,1998,2192,0.0033333333333333335,0.0033333333333333335
30,20,1998,2192,0.0,0.0
30,50,1998,2192,0.0,0.0
30,1,1999,2444,0.3566666666666667,0.3566666666666667
30,5,1999,2444,0.32,0.32
30,10,1999,2444,0.25,0.25
30,20,1999,2444,0.19666666666666666,0.19666666666666666
30,50,1999,2444,0.07,0.07
30,1,1999,2465,0.34,0.34
30,5,1999,2465,0.18666666666666668,0.18666666666666668
30,10,1999,2465,0.14666666666666667,0.14666666666666667
30,20,1999,2465,0.08666666666666667,0.08666666666666667
30,50,1999,2465,0.016666666666666666,0.016666666666666666
30,1,1999,2486,0.21,0.21
30,5,1999,2486,0.08666666666666667,0.08666666666666667
30,10,1999,2486,0.02666666666666667,0.02666666666666667
30,20,1999,2486,0.01,0.01
30,50,1999,2486,0.0,0.0
30,1,1999,2507,0.38666666666666666,0.38666666666666666
30,5,1999,2507,0.37333333333333335,0.37333333333333335
30,10,1999,2507,0.26,0.26
30,20,1999,2507,0.13666666666666666,0.13666666666666666
30,50,1999,2507,0.07333333333333333,0.07333333333333333
30,1,2000,2717,0.51,0.51
30,5,2000,2717,0.7466666666666667,0.7466666666666667
30,10,2000,2717,0.76,0.76
30,20,2000,2717,0.7933333333333333,0.7933333333333333
30,50,2000,2717,0.94,0.94
30,1,2000,2738,0.4533333333333333,0.4533333333333333
30,5,2000,2738,0.5566666666666666,0.5566666666666666
30,10,2000,2738,0.65,0.65
30,20,2000,2738,0.6466666666666666,0.6466666666666666
30,50,2000,2738,0.7666666666666667,0.7666666666666667
30,1,2000,2759,0.42333333333333334,0.42333333333333334
30,5,2000,2759,0.37333333333333335,0.37333333333333335
30,10,2000,2759,0.3,0.3
30,20,2000,2759,0.21666666666666667,0.21666666666666667
30,50,2000,2759,0.11666666666666667,0.11666666666666667
30,1,2001,2843,0.4766666666666667,0.4766666666666667
30,5,2001,2843,0.55,0.55
30,10,2001,2843,0.5966666666666667,0.5966666666666667
30,20,2001,2843,0.57,0.57
30,50,2001,2843,0.65,0.65
30,1,2001,2906,0.87,0.87
30,5,2001,2906,0.9733333333333334,0.9733333333333334
30,10,2001,2906,0.9966666666666667,0.9966666666666667
30,20,2001,2906,1.0,1.0
30,50,2001,2906,1.0,1.0
30,1,2001,2927,0.82,0.82
30,5,2001,2927,0.9533333333333334,0.9533333333333334
30,10,2001,2927,0.9966666666666667,0.9966666666666667
30,20,2001,2927,1.0,1.0
30,50,2001,2927,1.0,1.0
30,1,2001,2948,0.6966666666666667,0.6966666666666667
30,5,2001,2948,0.8533333333333334,0.8533333333333334
30,10,2001,2948,0.92,0.92
30,20,2001,2948,0.9833333333333333,0.9833333333333333
30,50,2001,2948,1.0,1.0
30,1,2001,2969,0.24333333333333335,0.24333333333333335
30,5,2001,2969,0.03666666666666667,0.03666666666666667
30,10,2001,2969,0.03,0.03
30,20,2001,2969,0.0,0.0
30,50,2001,2969,0.0,0.0
30,1,2001,2990,0.31666666666666665,0.31666666666666665
30,5,2001,2990,0.15666666666666668,0.15666666666666668
30,10,2001,2990,0.07,0.07
30,20,2001,2990,0.013333333333333334,0.013333333333333334
30,50,2001,2990,0.0033333333333333335,0.0033333333333333335
30,1,2001,3053,0.7866666666666666,0.7866666666666666
30,5,2001,3053,0.91,0.91
30,10,2001,3053,0.8666666666666667,0.8666666666666667
30,20,2001,3053,0.7933333333333333,0.7933333333333333
30,50,2001,3053,0.9166666666666666,0.9166666666666666
30,1,2002,3074,0.67,0.67
30,5,2002,3074,0.83,0.83
30,10,2002,3074,0.9,0.9
30,20,2002,3074,0.9766666666666667,0.9766666666666667
30,50,2002,3074,0.9966666666666667,0.9966666666666667
30,1,2002,3095,0.8233333333333334,0.8233333333333334
30,5,2002,3095,0.9833333333333333,0.9833333333333333
30,10,2002,3095,0.9966666666666667,0.9966666666666667
30,20,2002,3095,1.0,1.0
30,50,2002,3095,1.0,1.0
30,1,2002,3116,0.81,0.81
30,5,2002,3116,0.94,0.94
30,10,2002,3116,0.9866666666666667,0.9866666666666667
30,20,2002,3116,1.0,1.0
30,50,2002,3116,1.0,1.0
30,1,2002,3137,0.5633333333333334,0.5633333333333334
30,5,2002,3137,0.6366666666666667,0.6366666666666667
30,10,2002,3137,0.7366666666666667,0.7366666666666667
30,20,2002,3137,0.8,0.8
30,50,2002,3137,0.9266666666666666,0.9266666666666666
30,1,2002,3158,0.4633333333333333,0.4633333333333333
30,5,2002,3158,0.49,0.49
30,10,2002,3158,0.43,0.43
30,20,2002,3158,0.43333333333333335,0.43333333333333335
30,50,2002,3158,0.3466666666666667,0.3466666666666667
30,1,2002,3179,0.12,0.12
30,5,2002,3179,0.006666666666666667,0.006666666666666667
30,10,2002,3179,0.0,0.0
30,20,2002,3179,0.0,0.0
30,50,2002,3179,0.0,0.0
30,1,2003,3389,0.9033333333333333,0.9033333333333333
30,5,2003,3389,0.9966666666666667,0.9966666666666667
30,10,2003,3389,1.0,1.0
30,20,2003,3389,1.0,1.0
30,50,2003,3389,1.0,1.0
30,1,2003,3410,0.8733333333333333,0.8733333333333333
30,5,2003,3410,0.9633333333333334,0.9633333333333334
30,10,2003,3410,0.9666666666666667,0.9666666666666667
30,20,2003,3410,0.9966666666666667,0.9966666666666667
30,50,2003,3410,1.0,1.0
30,1,2003,3431,0.61,0.61
30,5,2003,3431,0.7633333333333333,0.7633333333333333
30,10,2003,3431,0.8266666666666667,0.8266666666666667
30,20,2003,3431,0.93,0.93
30,50,2003,3431,0.9966666666666667,0.9966666666666667
30,1,2003,3452,0.6833333333333333,0.6833333333333333
30,5,2003,3452,0.8,0.8
30,10,2003,3452,0.9033333333333333,0.9033333333333333
30,20,2003,3452,0.9633333333333334,0.9633333333333334
30,50,2003,3452,1.0,1.0
30,1,2003,3473,0.85,0.85
30,5,2003,3473,0.99,0.99
30,10,2003,3473,0.9966666666666667,0.9966666666666667
30,20,2003,3473,1.0,1.0
30,50,2003,3473,1.0,1.0
30,1,2003,3494,0.8066666666666666,0.8066666666666666
30,5,2003,3494,0.93,0.93
30,10,2003,3494,0.9866666666666667,0.9866666666666667
30,20,2003,3494,1.0,1.0
30,50,2003,3494,1.0,1.0
30,1,2003,3515,0.6733333333333333,0.6733333333333333
30,5,2003,3515,0.9166666666666666,0.9166666666666666
30,10,2003,3515,0.9866666666666667,0.9866666666666667
30,20,2003,3515,0.9966666666666667,0.9966666666666667
30,50,2003,3515,1.0,1.0
30,1,2003,3536,0.7633333333333333,0.7633333333333333
30,5,2003,3536,0.93,0.93
30,10,2003,3536,0.9933333333333333,0.9933333333333333
30,20,2003,3536,1.0,1.0
30,50,2003,3536,1.0,1.0
30,1,2003,3557,0.7866666666666666,0.7866666666666666
30,5,2003,3557,0.94,0.94
30,10,2003,3557,0.97,0.97
30,20,2003,3557,0.9933333333333333,0.9933333333333333
30,50,2003,3557,1.0,1.0
30,1,2004,3578,0.68,0.68
30,5,2004,3578,0.8866666666666667,0.8866666666666667
30,10,2004,3578,0.93,0.93
30,20,2004,3578,0.99,0.99
30,50,2004,3578,1.0,1.0
30,1,2004,3599,0.47,0.47
30,5,2004,3599,0.5733333333333334,0.5733333333333334
30,10,2004,3599,0.6533333333333333,0.6533333333333333
30,20,2004,3599,0.6766666666666666,0.6766666666666666
30,50,2004,3599,0.7566666666666667,0.7566666666666667
30,1,2004,3620,0.3933333333333333,0.3933333333333333
30,5,2004,3620,0.38,0.38
30,10,2004,3620,0.39,0.39
30,20,2004,3620,0.2733333333333333,0.2733333333333333
30,50,2004,3620,0.21666666666666667,0.21666666666666667
30,1,2004,3641,0.2,0.2
30,5,2004,3641,0.1,0.1
30,10,2004,3641,0.03666666666666667,0.03666666666666667
30,20,2004,3641,0.0033333333333333335,0.0033333333333333335
30,50,2004,3641,0.0,0.0
30,1,2004,3662,0.77,0.77
30,5,2004,3662,0.9066666666666666,0.9066666666666666
30,10,2004,3662,0.8633333333333333,0.8633333333333333
30,20,2004,3662,0.89,0.89
30,50,2004,3662,0.96,0.96
30,1,2004,3683,0.48,0.48
30,5,2004,3683,0.38666666666666666,0.38666666666666666
30,10,2004,3683,0.25666666666666665,0.25666666666666665
30,20,2004,3683,0.24666666666666667,0.24666666666666667
30,50,2004,3683,0.09666666666666666,0.09666666666666666
30,1,2004,3704,0.43666666666666665,0.43666666666666665
30,5,2004,3704,0.48,0.48
30,10,2004,3704,0.44,0.44
30,20,2004,3704,0.41333333333333333,0.41333333333333333
30,50,2004,3704,0.36333333333333334,0.36333333333333334
30,1,2004,3767,0.8233333333333334,0.8233333333333334
30,5,2004,3767,0.9466666666666667,0.9466666666666667
30,10,2004,3767,0.97,0.97
30,20,2004,3767,0.9966666666666667,0.9966666666666667
30,50,2004,3767,1.0,1.0
30,1,2004,3788,0.8233333333333334,0.8233333333333334
30,5,2004,3788,0.9633333333333334,0.9633333333333334
30,10,2004,3788,0.9766666666666667,0.9766666666666667
30,20,2004,3788,0.99,0.99
30,50,2004,3788,0.9966666666666667,0.9966666666666667
30,1,2004,3809,0.48,0.48
30,5,2004,3809,0.6066666666666667,0.6066666666666667
30,10,2004,3809,0.52,0.52
30,20,2004,3809,0.62,0.62
30,50,2004,3809,0.6266666666666667,0.6266666666666667
30,1,2005,3830,0.6366666666666667,0.6366666666666667
30,5,2005,3830,0.7466666666666667,0.7466666666666667
30,10,2005,3830,0.8233333333333334,0.8233333333333334
30,20,2005,3830,0.9,0.9
30,50,2005,3830,0.99,0.99
30,1,2005,3851,0.3333333333333333,0.3333333333333333
30,5,2005,3851,0.19333333333333333,0.19333333333333333
30,10,2005,3851,0.21333333333333335,0.21333333333333335
30,20,2005,3851,0.14,0.14
30,50,2005,3851,0.06333333333333334,0.06333333333333334
30,1,2005,3872,0.22,0.22
30,5,2005,3872,0.04,0.04
30,10,2005,3872,0.02,0.02
30,20,2005,3872,0.0,0.0
30,50,2005,3872,0.0,0.0
30,1,2005,3893,0.67,0.67
30,5,2005,3893,0.7133333333333334,0.7133333333333334
30,10,2005,3893,0.8,0.8
30,20,2005,3893,0.88,0.88
30,50,2005,3893,0.94,0.94
30,1,2005,3914,0.79,0.79
30,5,2005,3914,0.94,0.94
30,10,2005,3914,0.9533333333333334,0.9533333333333334
30,20,2005,3914,0.9833333333333333,0.9833333333333333
30,50,2005,3914,1.0,1.0
30,1,2005,3935,0.8,0.8
30,5,2005,3935,0.98,0.98
30,10,2005,3935,1.0,1.0
30,20,2005,3935,0.9966666666666667,0.9966666666666667
30,50,2005,3935,1.0,1.0
30,1,2005,3956,0.5233333333333333,0.5233333333333333
30,5,2005,3956,0.47,0.47
30,10,2005,3956,0.39,0.39
30,20,2005,3956,0.41333333333333333,0.41333333333333333
30,50,2005,3956,0.33,0.33
30,1,2005,3977,0.4166666666666667,0.4166666666666667
30,5,2005,3977,0.45,0.45
30,10,2005,3977,0.48,0.48
30,20,2005,3977,0.47333333333333333,0.47333333333333333
30,50,2005,3977,0.51,0.51
30,1,2005,3998,0.26,0.26
30,5,2005,3998,0.07,0.07
30,10,2005,3998,0.02,0.02
30,20,2005,3998,0.006666666666666667,0.006666666666666667
30,50,2005,3998,0.0,0.0
30,1,2005,4019,0.5666666666666667,0.5666666666666667
30,5,2005,4019,0.8366666666666667,0.8366666666666667
30,10,2005,4019,0.9,0.9
30,20,2005,4019,0.9833333333333333,0.9833333333333333
30,50,2005,4019,1.0,1.0
30,1,2005,4040,0.7033333333333334,0.7033333333333334
30,5,2005,4040,0.9133333333333333,0.9133333333333333
30,10,2005,4040,0.97,0.97
30,20,2005,4040,1.0,1.0
30,50,2005,4040,1.0,1.0
30,1,2005,4061,0.6333333333333333,0.6333333333333333
30,5,2005,4061,0.7933333333333333,0.7933333333333333
30,10,2005,4061,0.88,0.88
30,20,2005,4061,0.9433333333333334,0.9433333333333334
30,50,2005,4061,0.9966666666666667,0.9966666666666667
30,1,2006,4082,0.6433333333333333,0.6433333333333333
30,5,2006,4082,0.92,0.92
30,10,2006,4082,0.9566666666666667,0.9566666666666667
30,20,2006,4082,0.9966666666666667,0.9966666666666667
30,50,2006,4082,1.0,1.0
30,1,2006,4103,0.74,0.74
30,5,2006,4103,0.94,0.94
30,10,2006,4103,0.99,0.99
30,20,2006,4103,1.0,1.0
30,50,2006,4103,1.0,1.0
30,1,2006,4124,0.5933333333333334,0.5933333333333334
30,5,2006,4124,0.7566666666666667,0.7566666666666667
30,10,2006,4124,0.8066666666666666,0.8066666666666666
30,20,2006,4124,0.9,0.9
30,50,2006,4124,0.97,0.97
30,1,2006,4145,0.4166666666666667,0.4166666666666667
30,5,2006,4145,0.2733333333333333,0.2733333333333333
30,10,2006,4145,0.22666666666666666,0.22666666666666666
30,20,2006,4145,0.13,0.13
30,50,2006,4145,0.056666666666666664,0.056666666666666664
30,1,2006,4166,0.21,0.21
30,5,2006,4166,0.043333333333333335,0.043333333333333335
30,10,2006,4166,0.013333333333333334,0.013333333333333334
30,20,2006,4166,0.0033333333333333335,0.0033333333333333335
30,50,2006,4166,0.0,0.0
30,1,2006,4187,0.58,0.58
30,5,2006,4187,0.65,0.65
30,10,2006,4187,0.79,0.79
30,20,2006,4187,0.7966666666666666,0.7966666666666666
30,50,2006,4187,0.9066666666666666,0.9066666666666666
30,1,2006,4208,0.6233333333333333,0.6233333333333333
30,5,2006,4208,0.7633333333333333,0.7633333333333333
30,10,2006,4208,0.7733333333333333,0.7733333333333333
30,20,2006,4208,0.81,0.81
30,50,2006,4208,0.9,0.9
30,1,2006,4271,0.7933333333333333,0.7933333333333333
30,5,2006,4271,0.9533333333333334,0.9533333333333334
30,10,2006,4271,0.9766666666666667,0.9766666666666667
30,20,2006,4271,1.0,1.0
30,50,2006,4271,1.0,1.0
30,1,2006,4292,0.7566666666666667,0.7566666666666667
30,5,2006,4292,0.93,0.93
30,10,2006,4292,0.98,0.98
30,20,2006,4292,0.9966666666666667,0.9966666666666667
30,50,2006,4292,1.0,1.0
30,1,2006,4313,0.6766666666666666,0.6766666666666666
30,5,2006,4313,0.81,0.81
30,10,2006,4313,0.9,0.9
30,20,2006,4313,0.95,0.95
30,50,2006,4313,1.0,1.0
30,1,2007,4334,0.7633333333333333,0.7633333333333333
30,5,2007,4334,0.9366666666666666,0.9366666666666666
30,10,2007,4334,0.9866666666666667,0.9866666666666667
30,20,2007,4334,1.0,1.0
30,50,2007,4334,1.0,1.0
30,1,2007,4355,0.49,0.49
30,5,2007,4355,0.6,0.6
30,10,2007,4355,0.54,0.54
30,20,2007,4355,0.64,0.64
30,50,2007,4355,0.6766666666666666,0.6766666666666666
30,1,2007,4376,0.8333333333333334,0.8333333333333334
30,5,2007,4376,0.98,0.98
30,10,2007,4376,1.0,1.0
30,20,2007,4376,1.0,1.0
30,50,2007,4376,1.0,1.0
30,1,2007,4397,0.5733333333333334,0.5733333333333334
30,5,2007,4397,0.8033333333333333,0.8033333333333333
30,10,2007,4397,0.8466666666666667,0.8466666666666667
30,20,2007,4397,0.92,0.92
30,50,2007,4397,0.9866666666666667,0.9866666666666667
30,1,2007,4418,0.37333333333333335,0.37333333333333335
30,5,2007,4418,0.24,0.24
30,10,2007,4418,0.16333333333333333,0.16333333333333333
30,20,2007,4418,0.15666666666666668,0.15666666666666668
30,50,2007,4418,0.04666666666666667,0.04666666666666667
30,1,2007,4439,0.5166666666666667,0.5166666666666667
30,5,2007,4439,0.6033333333333334,0.6033333333333334
30,10,2007,4439,0.62,0.62
30,20,2007,4439,0.6166666666666667,0.6166666666666667
30,50,2007,4439,0.7333333333333333,0.7333333333333333
30,1,2007,4460,0.16666666666666666,0.16666666666666666
30,5,2007,4460,0.03666666666666667,0.03666666666666667
30,10,2007,4460,0.01,0.01
30,20,2007,4460,0.0,0.0
30,50,2007,4460,0.0,0.0
30,1,2007,4523,0.48,0.48
30,5,2007,4523,0.39,0.39
30,10,2007,4523,0.3566666666666667,0.3566666666666667
30,20,2007,4523,0.42333333333333334,0.42333333333333334
30,50,2007,4523,0.47,0.47
30,1,2009,4985,0.7233333333333334,0.7233333333333334
30,5,2009,4985,0.8166666666666667,0.7466666666666667
30,10,2009,4985,0.8466666666666667,0.6833333333333333
30,20,2009,4985,0.6666666666666666,0.47333333333333333
30,50,2009,4985,0.55,0.31666666666666665
30,1,2009,5006,0.74,0.74
30,5,2009,5006,0.9466666666666667,0.9466666666666667
30,10,2009,5006,1.0,1.0
30,20,2009,5006,1.0,1.0
30,50,2009,5006,1.0,1.0
30,1,2009,5027,0.5866666666666667,0.5866666666666667
30,5,2009,5027,0.6866666666666666,0.6866666666666666
30,10,2009,5027,0.7133333333333334,0.7133333333333334
30,20,2009,5027,0.7833333333333333,0.7833333333333333
30,50,2009,5027,0.7866666666666666,0.7866666666666666
30,1,2009,5048,0.7533333333333333,0.7533333333333333
30,5,2009,5048,0.9033333333333333,0.8933333333333333
30,10,2009,5048,0.9366666666666666,0.88
30,20,2009,5048,0.9933333333333333,0.9066666666666666
30,50,2009,5048,1.0,0.9633333333333334
30,1,2009,5069,0.62,0.6166666666666667
30,5,2009,5069,0.7533333333333333,0.7333333333333333
30,10,2009,5069,0.8466666666666667,0.81
30,20,2009,5069,0.8833333333333333,0.8
30,50,2009,5069,0.98,0.84
30,1,2010,5090,0.49666666666666665,0.49666666666666665
30,5,2010,5090,0.58,0.58
30,10,2010,5090,0.5566666666666666,0.5566666666666666
30,20,2010,5090,0.61,0.61
30,50,2010,5090,0.6466666666666666,0.6466666666666666
30,1,2010,5111,0.9166666666666666,0.9166666666666666
30,5,2010,5111,0.99,0.99
30,10,2010,5111,1.0,1.0
30,20,2010,5111,1.0,1.0
30,50,2010,5111,1.0,1.0
30,1,2010,5132,0.83,0.83
30,5,2010,5132,0.9633333333333334,0.95
30,10,2010,5132,0.9933333333333333,0.9766666666666667
30,20,2010,5132,1.0,0.9433333333333334
30,50,2010,5132,1.0,0.9966666666666667
30,1,2010,5153,0.09666666666666666,0.09666666666666666
30,5,2010,5153,0.0033333333333333335,0.0033333333333333335
30,10,2010,5153,0.0,0.0
30,20,2010,5153,0.0,0.0
30,50,2010,5153,0.0,0.0
30,1,2010,5174,0.24333333333333335,0.24333333333333335
30,5,2010,5174,0.11,0.11
30,10,2010,5174,0.04666666666666667,0.043333333333333335
30,20,2010,5174,0.0033333333333333335,0.0033333333333333335
30,50,2010,5174,0.0,0.0
30,1,2010,5195,0.5233333333333333,0.5233333333333333
30,5,2010,5195,0.8033333333333333,0.8033333333333333
30,10,2010,5195,0.95,0.95
30,20,2010,5195,0.9666666666666667,0.9666666666666667
30,50,2010,5195,1.0,1.0
30,1,2010,5216,0.5,0.5
30,5,2010,5216,0.7,0.7
30,10,2010,5216,0.6866666666666666,0.6866666666666666
30,20,2010,5216,0.6766666666666666,0.6766666666666666
30,50,2010,5216,0.67,0.67
30,1,2010,5279,0.4866666666666667,0.48333333333333334
30,5,2010,5279,0.7566666666666667,0.7266666666666667
30,10,2010,5279,0.8266666666666667,0.7966666666666666
30,20,2010,5279,0.89,0.81
30,50,2010,5279,0.99,0.8033333333333333
30,1,2010,5300,0.55,0.55
30,5,2010,5300,0.6966666666666667,0.6966666666666667
30,10,2010,5300,0.71,0.71
30,20,2010,5300,0.84,0.84
30,50,2010,5300,0.9033333333333333,0.9033333333333333
30,1,2010,5321,0.7166666666666667,0.7166666666666667
30,5,2010,5321,0.9,0.9
30,10,2010,5321,0.9566666666666667,0.9566666666666667
30,20,2010,5321,0.9833333333333333,0.9833333333333333
30,50,2010,5321,1.0,1.0
30,1,2011,5342,0.75,0.75
30,5,2011,5342,0.8666666666666667,0.8566666666666667
30,10,2011,5342,0.9333333333333333,0.9233333333333333
30,20,2011,5342,0.9866666666666667,0.9633333333333334
30,50,2011,5342,1.0,0.98
30,1,2011,5363,0.5533333333333333,0.55
30,5,2011,5363,0.6333333333333333,0.6233333333333333
30,10,2011,5363,0.69,0.6766666666666666
30,20,2011,5363,0.7933333333333333,0.75
30,50,2011,5363,0.9266666666666666,0.7966666666666666
30,1,2011,5384,0.7533333333333333,0.7533333333333333
30,5,2011,5384,0.93,0.93
30,10,2011,5384,0.9766666666666667,0.9766666666666667
30,20,2011,5384,1.0,1.0
30,50,2011,5384,1.0,1.0
30,1,2011,5405,0.6166666666666667,0.6166666666666667
30,5,2011,5405,0.7266666666666667,0.7266666666666667
30,10,2011,5405,0.83,0.83
30,20,2011,5405,0.8666666666666667,0.8666666666666667
30,50,2011,5405,0.91,0.91
30,1,2011,5426,0.2866666666666667,0.2866666666666667
30,5,2011,5426,0.10666666666666667,0.10333333333333333
30,10,2011,5426,0.07666666666666666,0.07666666666666666
30,20,2011,5426,0.03,0.02666666666666667
30,50,2011,5426,0.0,0.0
30,1,2011,5447,0.7133333333333334,0.7133333333333334
30,5,2011,5447,0.9233333333333333,0.9133333333333333
30,10,2011,5447,0.9766666666666667,0.9533333333333334
30,20,2011,5447,0.9966666666666667,0.9433333333333334
30,50,2011,5447,1.0,0.9933333333333333
30,1,2011,5468,0.14,0.14
30,5,2011,5468,0.01,0.01
30,10,2011,5468,0.0,0.0
30,20,2011,5468,0.0,0.0
30,50,2011,5468,0.0,0.0
30,1,2012,5615,0.6366666666666667,0.63
30,5,2012,5615,0.7833333333333333,0.7666666666666667
30,10,2012,5615,0.86,0.8166666666666667
30,20,2012,5615,0.9366666666666666,0.8733333333333333
30,50,2012,5615,0.9833333333333333,0.8533333333333334
30,1,2012,5636,0.5666666666666667,0.5666666666666667
30,5,2012,5636,0.7633333333333333,0.75
30,10,2012,5636,0.8066666666666666,0.7933333333333333
30,20,2012,5636,0.9066666666666666,0.8533333333333334
30,50,2012,5636,0.9566666666666667,0.8566666666666667
30,1,2012,5657,0.5233333333333333,0.5233333333333333
30,5,2012,5657,0.4666666666666667,0.4666666666666667
30,10,2012,5657,0.48,0.48
30,20,2012,5657,0.4166666666666667,0.4166666666666667
30,50,2012,5657,0.36666666666666664,0.36666666666666664
30,1,2012,5678,0.5533333333333333,0.5533333333333333
30,5,2012,5678,0.39666666666666667,0.39666666666666667
30,10,2012,5678,0.39,0.39
30,20,2012,5678,0.38,0.38
30,50,2012,5678,0.33666666666666667,0.33666666666666667
30,1,2012,5720,0.57,0.57
30,5,2012,5720,0.7033333333333334,0.6933333333333334
30,10,2012,5720,0.7933333333333333,0.76
30,20,2012,5720,0.9,0.8066666666666666
30,50,2012,5720,0.9666666666666667,0.7433333333333333
30,1,2012,5741,0.6866666666666666,0.6866666666666666
30,5,2012,5741,0.92,0.92
30,10,2012,5741,0.9666666666666667,0.9666666666666667
30,20,2012,5741,0.9966666666666667,0.9966666666666667
30,50,2012,5741,1.0,1.0
30,1,2012,5762,0.5866666666666667,0.5866666666666667
30,5,2012,5762,0.7166666666666667,0.7166666666666667
30,10,2012,5762,0.81,0.81
30,20,2012,5762,0.87,0.87
30,50,2012,5762,0.9666666666666667,0.9666666666666667
30,1,2012,5783,0.4766666666666667,0.4766666666666667
30,5,2012,5783,0.27666666666666667,0.27666666666666667
30,10,2012,5783,0.25666666666666665,0.25666666666666665
30,20,2012,5783,0.20666666666666667,0.20666666666666667
30,50,2012,5783,0.14,0.14
30,1,2012,5825,0.8733333333333333,0.8733333333333333
30,5,2012,5825,0.9633333333333334,0.9533333333333334
30,10,2012,5825,0.9966666666666667,0.97
30,20,2012,5825,1.0,0.94
30,50,2012,5825,1.0,0.9966666666666667
30,1,2013,5846,0.78,0.7733333333333333
30,5,2013,5846,0.9366666666666666,0.9133333333333333
30,10,2013,5846,0.9833333333333333,0.9266666666666666
30,20,2013,5846,1.0,0.9033333333333333
30,50,2013,5846,1.0,0.9833333333333333
30,1,2013,5867,0.7066666666666667,0.7066666666666667
30,5,2013,5867,0.9233333333333333,0.9133333333333333
30,10,2013,5867,0.9733333333333334,0.9433333333333334
30,20,2013,5867,0.9733333333333334,0.93
30,50,2013,5867,0.9933333333333333,0.9866666666666667
30,1,2013,5888,0.5966666666666667,0.5966666666666667
30,5,2013,5888,0.7066666666666667,0.6866666666666666
30,10,2013,5888,0.8066666666666666,0.7466666666666667
30,20,2013,5888,0.8466666666666667,0.7533333333333333
30,50,2013,5888,0.9833333333333333,0.76
30,1,2013,5909,0.8,0.8
30,5,2013,5909,0.95,0.95
30,10,2013,5909,1.0,1.0
30,20,2013,5909,1.0,1.0
30,50,2013,5909,1.0,1.0
30,1,2013,5930,0.24666666666666667,0.24666666666666667
30,5,2013,5930,0.13,0.12666666666666668
30,10,2013,5930,0.05,0.05
30,20,2013,5930,0.013333333333333334,0.006666666666666667
30,50,2013,5930,0.0,0.0
30,1,2013,5951,0.7833333333333333,0.78
30,5,2013,5951,0.9766666666666667,0.94
30,10,2013,5951,0.9866666666666667,0.9233333333333333
30,20,2013,5951,0.9966666666666667,0.9066666666666666
30,50,2013,5951,1.0,0.97
30,1,2013,5972,0.4033333333333333,0.4033333333333333
30,5,2013,5972,0.43333333333333335,0.43333333333333335
30,10,2013,5972,0.36333333333333334,0.36333333333333334
30,20,2013,5972,0.3566666666666667,0.3566666666666667
30,50,2013,5972,0.32,0.32
30,1,2013,5993,0.5133333333333333,0.5133333333333333
30,5,2013,5993,0.5633333333333334,0.5633333333333334
30,10,2013,5993,0.59,0.57
30,20,2013,5993,0.7133333333333334,0.6933333333333334
30,50,2013,5993,0.6833333333333333,0.63
30,1,2013,6014,0.8,0.7933333333333333
30,5,2013,6014,0.9533333333333334,0.7833333333333333
30,10,2013,6014,0.99,0.6833333333333333
30,20,2013,6014,0.9966666666666667,0.6033333333333334
30,50,2013,6014,1.0,0.66
30,1,2013,6035,0.8266666666666667,0.8266666666666667
30,5,2013,6035,0.9533333333333334,0.8066666666666666
30,10,2013,6035,0.9933333333333333,0.7033333333333334
30,20,2013,6035,0.9966666666666667,0.6066666666666667
30,50,2013,6035,1.0,0.71
30,1,2013,6056,0.7766666666666666,0.7766666666666666
30,5,2013,6056,0.88,0.8666666666666667
30,10,2013,6056,0.92,0.8933333333333333
30,20,2013,6056,0.9933333333333333,0.96
30,50,2013,6056,1.0,0.9833333333333333
30,1,2013,6077,0.5533333333333333,0.55
30,5,2013,6077,0.6366666666666667,0.6233333333333333
30,10,2013,6077,0.6966666666666667,0.66
30,20,2013,6077,0.7633333333333333,0.7266666666666667
30,50,2013,6077,0.8233333333333334,0.6966666666666667
30,1,2014,6098,0.59,0.59
30,5,2014,6098,0.7,0.69
30,10,2014,6098,0.7733333333333333,0.77
30,20,2014,6098,0.8566666666666667,0.8266666666666667
30,50,2014,6098,0.9366666666666666,0.8966666666666666
30,1,2014,6119,0.7366666666666667,0.7366666666666667
30,5,2014,6119,0.8633333333333333,0.8633333333333333
30,10,2014,6119,0.9466666666666667,0.9466666666666667
30,20,2014,6119,0.9833333333333333,0.9833333333333333
30,50,2014,6119,1.0,1.0
30,1,2014,6140,0.65,0.6466666666666666
30,5,2014,6140,0.6666666666666666,0.6466666666666666
30,10,2014,6140,0.7266666666666667,0.69
30,20,2014,6140,0.81,0.6933333333333334
30,50,2014,6140,0.9366666666666666,0.62
30,1,2014,6161,0.8233333333333334,0.8166666666666667
30,5,2014,6161,0.9733333333333334,0.9533333333333334
30,10,2014,6161,0.99,0.97
30,20,2014,6161,1.0,0.98
30,50,2014,6161,1.0,0.9933333333333333
30,1,2014,6182,0.82,0.8166666666666667
30,5,2014,6182,0.9866666666666667,0.9866666666666667
30,10,2014,6182,0.9966666666666667,0.9766666666666667
30,20,2014,6182,1.0,0.9733333333333334
30,50,2014,6182,1.0,1.0
30,1,2014,6203,0.6866666666666666,0.68
30,5,2014,6203,0.7966666666666666,0.7733333333333333
30,10,2014,6203,0.8366666666666667,0.8
30,20,2014,6203,0.9066666666666666,0.82
30,50,2014,6203,0.9866666666666667,0.77
30,1,2014,6224,0.62,0.6166666666666667
30,5,2014,6224,0.68,0.6666666666666666
30,10,2014,6224,0.7166666666666667,0.7
30,20,2014,6224,0.7966666666666666,0.72
30,50,2014,6224,0.91,0.7033333333333334
30,1,2014,6245,0.41,0.4
30,5,2014,6245,0.32666666666666666,0.3233333333333333
30,10,2014,6245,0.2966666666666667,0.2833333333333333
30,20,2014,6245,0.28,0.25666666666666665
30,50,2014,6245,0.23,0.20333333333333334
30,1,2014,6266,0.4766666666666667,0.47
30,5,2014,6266,0.43,0.4266666666666667
30,10,2014,6266,0.37666666666666665,0.36333333333333334
30,20,2014,6266,0.42333333333333334,0.4166666666666667
30,50,2014,6266,0.32666666666666666,0.29333333333333333
30,1,2015,6371,0.61,0.61
30,5,2015,6371,0.6966666666666667,0.65
30,10,2015,6371,0.76,0.6933333333333334
30,20,2015,6371,0.8133333333333334,0.6433333333333333
30,50,2015,6371,0.8766666666666667,0.5333333333333333
30,1,2015,6392,0.68,0.67
30,5,2015,6392,0.7966666666666666,0.76
30,10,2015,6392,0.8566666666666667,0.76
30,20,2015,6392,0.9166666666666666,0.7166666666666667
30,50,2015,6392,0.9966666666666667,0.5833333333333334
30,1,2015,6413,0.5266666666666666,0.52
30,5,2015,6413,0.51,0.48333333333333334
30,10,2015,6413,0.6,0.56
30,20,2015,6413,0.5733333333333334,0.5033333333333333
30,50,2015,6413,0.6766666666666666,0.4633333333333333
30,1,2015,6434,0.58,0.58
30,5,2015,6434,0.7333333333333333,0.69
30,10,2015,6434,0.7866666666666666,0.6833333333333333
30,20,2015,6434,0.88,0.6633333333333333
30,50,2015,6434,0.9866666666666667,0.63
30,1,2015,6455,0.5866666666666667,0.5733333333333334
30,5,2015,6455,0.54,0.5033333333333333
30,10,2015,6455,0.54,0.49666666666666665
30,20,2015,6455,0.5233333333333333,0.42
30,50,2015,6455,0.52,0.3333333333333333
30,1,2015,6476,0.24333333333333335,0.23666666666666666
30,5,2015,6476,0.06666666666666667,0.056666666666666664
30,10,2015,6476,0.05333333333333334,0.05333333333333334
30,20,2015,6476,0.03,0.02666666666666667
30,50,2015,6476,0.03666666666666667,0.03666666666666667
30,1,2016,6707,0.8033333333333333,0.7966666666666666
30,5,2016,6707,0.99,0.9633333333333334
30,10,2016,6707,0.99,0.9433333333333334
30,20,2016,6707,1.0,0.92
30,50,2016,6707,1.0,0.9833333333333333
30,1,2016,6728,0.6866666666666666,0.6833333333333333
30,5,2016,6728,0.7533333333333333,0.7166666666666667
30,10,2016,6728,0.7933333333333333,0.7533333333333333
30,20,2016,6728,0.85,0.7366666666666667
30,50,2016,6728,0.92,0.6233333333333333
30,1,2016,6749,0.52,0.52
30,5,2016,6749,0.52,0.5166666666666667
30,10,2016,6749,0.5366666666666666,0.52
30,20,2016,6749,0.5333333333333333,0.49666666666666665
30,50,2016,6749,0.5233333333333333,0.44333333333333336
30,1,2016,6770,0.71,0.7066666666666667
30,5,2016,6770,0.7133333333333334,0.7033333333333334
30,10,2016,6770,0.7566666666666667,0.7433333333333333
30,20,2016,6770,0.8566666666666667,0.79
30,50,2016,6770,0.9566666666666667,0.79
30,1,2016,6791,0.5933333333333334,0.5933333333333334
30,5,2016,6791,0.79,0.7866666666666666
30,10,2016,6791,0.89,0.86
30,20,2016,6791,0.9333333333333333,0.86
30,50,2016,6791,0.9966666666666667,0.96
30,1,2016,6812,0.7466666666666667,0.7466666666666667
30,5,2016,6812,0.93,0.9266666666666666
30,10,2016,6812,0.9766666666666667,0.9566666666666667
30,20,2016,6812,0.9733333333333334,0.9566666666666667
30,50,2016,6812,1.0,1.0
30,1,2016,6833,0.7133333333333334,0.71
30,5,2016,6833,0.8733333333333333,0.8433333333333334
30,10,2016,6833,0.9666666666666667,0.8866666666666667
30,20,2016,6833,1.0,0.8633333333333333
30,50,2016,6833,1.0,0.84
30,1,2017,6854,0.8,0.8
30,5,2017,6854,0.9633333333333334,0.95
30,10,2017,6854,0.9966666666666667,0.9566666666666667
30,20,2017,6854,1.0,0.8933333333333333
30,50,2017,6854,1.0,0.9466666666666667
30,1,2017,6875,0.6533333333333333,0.65
30,5,2017,6875,0.7166666666666667,0.6966666666666667
30,10,2017,6875,0.7666666666666667,0.7366666666666667
30,20,2017,6875,0.8733333333333333,0.7866666666666666
30,50,2017,6875,0.94,0.73
30,1,2017,6896,0.71,0.7066666666666667
30,5,2017,6896,0.8433333333333334,0.82
30,10,2017,6896,0.9433333333333334,0.91
30,20,2017,6896,0.97,0.9066666666666666
30,50,2017,6896,1.0,0.9266666666666666
30,1,2017,6917,0.7,0.6966666666666667
30,5,2017,6917,0.7933333333333333,0.7766666666666666
30,10,2017,6917,0.91,0.8533333333333334
30,20,2017,6917,0.95,0.8566666666666667
30,50,2017,6917,0.99,0.8566666666666667
30,1,2017,6938,0.73,0.7266666666666667
30,5,2017,6938,0.8233333333333334,0.79
30,10,2017,6938,0.8966666666666666,0.8466666666666667
30,20,2017,6938,0.9866666666666667,0.84
30,50,2017,6938,0.9966666666666667,0.7233333333333334
30,1,2017,6959,0.67,0.66
30,5,2017,6959,0.7666666666666667,0.7166666666666667
30,10,2017,6959,0.8033333333333333,0.7133333333333334
30,20,2017,6959,0.8866666666666667,0.6566666666666666
30,50,2017,6959,0.9733333333333334,0.5266666666666666
30,1,2017,6980,0.5933333333333334,0.5766666666666667
30,5,2017,6980,0.5133333333333333,0.4866666666666667
30,10,2017,6980,0.5533333333333333,0.47
30,20,2017,6980,0.5033333333333333,0.36666666666666664
30,50,2017,6980,0.5266666666666666,0.21666666666666667
30,1,2017,7001,0.7,0.7
30,5,2017,7001,0.8233333333333334,0.7966666666666666
30,10,2017,7001,0.8833333333333333,0.7333333333333333
30,20,2017,7001,0.9033333333333333,0.65
30,50,2017,7001,0.9433333333333334,0.4166666666666667
30,1,2017,7022,0.68,0.6666666666666666
30,5,2017,7022,0.8433333333333334,0.6966666666666667
30,10,2017,7022,0.89,0.61
30,20,2017,7022,0.9933333333333333,0.5566666666666666
30,50,2017,7022,1.0,0.37
30,1,2017,7043,0.6266666666666667,0.61
30,5,2017,7043,0.7133333333333334,0.6233333333333333
30,10,2017,7043,0.7466666666666667,0.6133333333333333
30,20,2017,7043,0.82,0.5033333333333333
30,50,2017,7043,0.9033333333333333,0.29333333333333333
30,1,2017,7064,0.7233333333333334,0.7166666666666667
30,5,2017,7064,0.8266666666666667,0.77
30,10,2017,7064,0.87,0.7433333333333333
30,20,2017,7064,0.9166666666666666,0.73
30,50,2017,7064,1.0,0.66
30,1,2017,7085,0.6566666666666666,0.6433333333333333
30,5,2017,7085,0.7466666666666667,0.6666666666666666
30,10,2017,7085,0.89,0.7433333333333333
30,20,2017,7085,0.9533333333333334,0.6566666666666666
30,50,2017,7085,0.9966666666666667,0.64
30,1,2018,7106,0.35,0.35
30,5,2018,7106,0.24,0.23666666666666666
30,10,2018,7106,0.10333333333333333,0.09666666666666666
30,20,2018,7106,0.06666666666666667,0.05
30,50,2018,7106,0.0,0.0
30,1,2018,7127,0.6966666666666667,0.67
30,5,2018,7127,0.7833333333333333,0.7033333333333334
30,10,2018,7127,0.8366666666666667,0.6633333333333333
30,20,2018,7127,0.8533333333333334,0.6033333333333334
30,50,2018,7127,0.9866666666666667,0.42333333333333334
30,1,2018,7148,0.42333333333333334,0.41
30,5,2018,7148,0.4166666666666667,0.37333333333333335
30,10,2018,7148,0.4533333333333333,0.38
30,20,2018,7148,0.45,0.3333333333333333
30,50,2018,7148,0.44333333333333336,0.18666666666666668
30,1,2018,7169,0.6833333333333333,0.6766666666666666
30,5,2018,7169,0.8066666666666666,0.74
30,10,2018,7169,0.8833333333333333,0.7333333333333333
30,20,2018,7169,0.9233333333333333,0.6533333333333333
30,50,2018,7169,0.9133333333333333,0.41333333333333333
30,1,2018,7190,0.7033333333333334,0.6766666666666666
30,5,2018,7190,0.7933333333333333,0.7066666666666667
30,10,2018,7190,0.8233333333333334,0.6066666666666667
30,20,2018,7190,0.9466666666666667,0.5833333333333334
30,50,2018,7190,0.9866666666666667,0.25333333333333335
30,1,2018,7211,0.66,0.6533333333333333
30,5,2018,7211,0.74,0.7
30,10,2018,7211,0.7833333333333333,0.6866666666666666
30,20,2018,7211,0.8633333333333333,0.6966666666666667
30,50,2018,7211,0.9666666666666667,0.5666666666666667
30,1,2018,7232,0.6733333333333333,0.6666666666666666
30,5,2018,7232,0.7633333333333333,0.75
30,10,2018,7232,0.8366666666666667,0.7733333333333333
30,20,2018,7232,0.89,0.8233333333333334
30,50,2018,7232,0.98,0.8066666666666666
30,1,2018,7253,0.5166666666666667,0.5066666666666667
30,5,2018,7253,0.42,0.37
30,10,2018,7253,0.45666666666666667,0.37666666666666665
30,20,2018,7253,0.38666666666666666,0.26
30,50,2018,7253,0.39666666666666667,0.18
30,1,2018,7274,0.17666666666666667,0.16666666666666666
30,5,2018,7274,0.013333333333333334,0.006666666666666667
30,10,2018,7274,0.01,0.0
30,20,2018,7274,0.016666666666666666,0.0
30,50,2018,7274,0.0,0.0
30,1,2019,7484,0.6766666666666666,0.6666666666666666
30,5,2019,7484,0.66,0.6033333333333334
30,10,2019,7484,0.6766666666666666,0.62
30,20,2019,7484,0.7633333333333333,0.6266666666666667
30,50,2019,7484,0.8166666666666667,0.47333333333333333
30,1,2019,7526,0.7266666666666667,0.7166666666666667
30,5,2019,7526,0.83,0.7033333333333334
30,10,2019,7526,0.8933333333333333,0.6566666666666666
30,20,2019,7526,0.94,0.5333333333333333
30,50,2019,7526,0.9966666666666667,0.26666666666666666
30,1,2019,7589,0.7333333333333333,0.71
30,5,2019,7589,0.8033333333333333,0.7233333333333334
30,10,2019,7589,0.88,0.7333333333333333
30,20,2019,7589,0.9133333333333333,0.6333333333333333
30,50,2019,7589,0.9966666666666667,0.48
30,1,2020,7610,0.1,0.1
30,5,2020,7610,0.0,0.0
30,10,2020,7610,0.0,0.0
30,20,2020,7610,0.0,0.0
30,50,2020,7610,0.0,0.0
30,1,2020,7631,0.03,0.023333333333333334
30,5,2020,7631,0.0,0.0
30,10,2020,7631,0.0,0.0
30,20,2020,7631,0.0,0.0
30,50,2020,7631,0.0,0.0
30,1,2020,7736,0.77,0.7666666666666667
30,5,2020,7736,0.94,0.9033333333333333
30,10,2020,7736,0.9966666666666667,0.8866666666666667
30,20,2020,7736,0.9966666666666667,0.7666666666666667
30,50,2020,7736,1.0,0.78
30,1,2020,7757,0.7466666666666667,0.7433333333333333
30,5,2020,7757,0.8966666666666666,0.7766666666666666
30,10,2020,7757,0.96,0.7333333333333333
30,20,2020,7757,0.9933333333333333,0.5133333333333333
30,50,2020,7757,1.0,0.26
30,1,2020,7778,0.6066666666666667,0.5833333333333334
30,5,2020,7778,0.5966666666666667,0.5
30,10,2020,7778,0.6633333333333333,0.43333333333333335
30,20,2020,7778,0.7,0.3933333333333333
30,50,2020,7778,0.8466666666666667,0.13333333333333333
30,1,2020,7799,0.7533333333333333,0.75
30,5,2020,7799,0.86,0.77
30,10,2020,7799,0.89,0.67
30,20,2020,7799,0.9266666666666666,0.5
30,50,2020,7799,0.9366666666666666,0.23666666666666666
30,1,2020,7820,0.8533333333333334,0.8433333333333334
30,5,2020,7820,0.97,0.8533333333333334
30,10,2020,7820,0.9866666666666667,0.7466666666666667
30,20,2020,7820,0.9933333333333333,0.6766666666666666
30,50,2020,7820,1.0,0.6133333333333333
30,1,2020,7841,0.53,0.5133333333333333
30,5,2020,7841,0.57,0.48333333333333334
30,10,2020,7841,0.5766666666666667,0.43666666666666665
30,20,2020,7841,0.72,0.38333333333333336
30,50,2020,7841,0.8533333333333334,0.22
30,1,2021,7862,0.41,0.4033333333333333
30,5,2021,7862,0.5133333333333333,0.45666666666666667
30,10,2021,7862,0.49333333333333335,0.37333333333333335
30,20,2021,7862,0.64,0.3566666666666667
30,50,2021,7862,0.6266666666666667,0.11333333333333333
30,1,2021,7883,0.8133333333333334,0.7766666666666666
30,5,2021,7883,0.9533333333333334,0.8266666666666667
30,10,2021,7883,0.9533333333333334,0.7066666666666667
30,20,2021,7883,0.9633333333333334,0.4666666666666667
30,50,2021,7883,0.9966666666666667,0.41333333333333333
30,1,2021,7904,0.8366666666666667,0.8166666666666667
30,5,2021,7904,0.9766666666666667,0.77
30,10,2021,7904,0.99,0.66
30,20,2021,7904,0.9666666666666667,0.43
30,50,2021,7904,0.9766666666666667,0.2866666666666667
30,1,2021,7925,0.65,0.64
30,5,2021,7925,0.8,0.7133333333333334
30,10,2021,7925,0.9,0.68
30,20,2021,7925,0.9433333333333334,0.49666666666666665
30,50,2021,7925,0.9366666666666666,0.18666666666666668
30,1,2021,7946,0.8133333333333334,0.7833333333333333
30,5,2021,7946,0.93,0.7866666666666666
30,10,2021,7946,0.9533333333333334,0.6633333333333333
30,20,2021,7946,0.9633333333333334,0.44666666666666666
30,50,2021,7946,0.9366666666666666,0.25333333333333335
30,1,2021,7967,0.61,0.59
30,5,2021,7967,0.6633333333333333,0.5533333333333333
30,10,2021,7967,0.6933333333333334,0.48333333333333334
30,20,2021,7967,0.7733333333333333,0.3933333333333333
30,50,2021,7967,0.8533333333333334,0.16333333333333333
30,1,2021,7988,0.68,0.6766666666666666
30,5,2021,7988,0.8,0.73
30,10,2021,7988,0.8333333333333334,0.69
30,20,2021,7988,0.8866666666666667,0.61
30,50,2021,7988,0.9133333333333333,0.4533333333333333
30,1,2021,8009,0.32666666666666666,0.31333333333333335
30,5,2021,8009,0.18333333333333332,0.14666666666666667
30,10,2021,8009,0.12666666666666668,0.1
30,20,2021,8009,0.056666666666666664,0.02666666666666667
30,50,2021,8009,0.0033333333333333335,0.0
30,1,2021,8030,0.56,0.5533333333333333
30,5,2021,8030,0.6433333333333333,0.6
30,10,2021,8030,0.6966666666666667,0.6233333333333333
30,20,2021,8030,0.7766666666666666,0.5933333333333334
30,50,2021,8030,0.86,0.36333333333333334
30,1,2021,8072,0.5466666666666666,0.5266666666666666
30,5,2021,8072,0.6433333333333333,0.57
30,10,2021,8072,0.67,0.5466666666666666
30,20,2021,8072,0.7266666666666667,0.43666666666666665
30,50,2021,8072,0.8166666666666667,0.24333333333333335
30,1,2023,8387,0.5666666666666667,0.5133333333333333
30,5,2023,8387,0.2866666666666667,0.18333333333333332
30,10,2023,8387,0.24666666666666667,0.05
30,20,2023,8387,0.17666666666666667,0.013333333333333334
30,50,2023,8387,0.15333333333333332,0.01
30,1,2023,8492,0.5933333333333334,0.5666666666666667
30,5,2023,8492,0.5633333333333334,0.49
30,10,2023,8492,0.56,0.3933333333333333
30,20,2023,8492,0.56,0.23666666666666666
30,50,2023,8492,0.55,0.09
30,1,2024,8639,0.73,0.7166666666666667
30,5,2024,8639,0.86,0.7233333333333334
30,10,2024,8639,0.8866666666666667,0.67
30,20,2024,8639,0.8833333333333333,0.44333333333333336
30,50,2024,8639,0.9733333333333334,0.33666666666666667
30,1,2024,8660,0.3933333333333333,0.37333333333333335
30,5,2024,8660,0.23333333333333334,0.23
30,10,2024,8660,0.18666666666666668,0.16
30,20,2024,8660,0.10333333333333333,0.07
30,50,2024,8660,0.03333333333333333,0.016666666666666666
30,1,2024,8702,0.5733333333333334,0.55
30,5,2024,8702,0.5133333333333333,0.45666666666666667
30,10,2024,8702,0.5833333333333334,0.4266666666666667
30,20,2024,8702,0.5633333333333334,0.38
30,50,2024,8702,0.6066666666666667,0.19333333333333333
30,1,2024,8744,0.7466666666666667,0.74
30,5,2024,8744,0.9233333333333333,0.9
30,10,2024,8744,0.95,0.9
30,20,2024,8744,0.9766666666666667,0.85
30,50,2024,8744,0.9966666666666667,0.8866666666666667
30,1,2024,8807,0.44333333333333336,0.4266666666666667
30,5,2024,8807,0.41333333333333333,0.3933333333333333
30,10,2024,8807,0.37333333333333335,0.31
30,20,2024,8807,0.29,0.23333333333333334
30,50,2024,8807,0.3,0.09
30,1,2024,8828,0.35,0.32
30,5,2024,8828,0.22333333333333333,0.18
30,10,2024,8828,0.11,0.06666666666666667
30,20,2024,8828,0.05,0.016666666666666666
30,50,2024,8828,0.006666666666666667,0.0033333333333333335
30,1,2024,8849,0.5666666666666667,0.56
30,5,2024,8849,0.6366666666666667,0.5933333333333334
30,10,2024,8849,0.6233333333333333,0.5466666666666666
30,20,2024,8849,0.5666666666666667,0.4033333333333333
30,50,2024,8849,0.5766666666666667,0.2866666666666667
30,1,2025,8870,0.7966666666666666,0.78
30,5,2025,8870,0.9033333333333333,0.8433333333333334
30,10,2025,8870,0.9,0.7333333333333333
30,20,2025,8870,0.97,0.7466666666666667
30,50,2025,8870,0.9633333333333334,0.6066666666666667
30,1,2025,8891,0.4866666666666667,0.4766666666666667
30,5,2025,8891,0.39666666666666667,0.38
30,10,2025,8891,0.46,0.4
30,20,2025,8891,0.41,0.33
30,50,2025,8891,0.36333333333333334,0.20333333333333334
30,1,2025,8996,0.7166666666666667,0.7133333333333334
30,5,2025,8996,0.7866666666666666,0.7566666666666667
30,10,2025,8996,0.8333333333333334,0.7733333333333333
30,20,2025,8996,0.9,0.69
30,50,2025,8996,0.9633333333333334,0.5666666666666667
30,1,2025,9017,0.7366666666666667,0.7333333333333333
30,5,2025,9017,0.7333333333333333,0.69
30,10,2025,9017,0.8533333333333334,0.77
30,20,2025,9017,0.9166666666666666,0.8
30,50,2025,9017,0.99,0.6933333333333334
30,1,2025,9038,0.49,0.49
30,5,2025,9038,0.38333333333333336,0.38
30,10,2025,9038,0.3466666666666667,0.3333333333333333
30,20,2025,9038,0.31666666666666665,0.30333333333333334
30,50,2025,9038,0.16333333333333333,0.14666666666666667
30,1,2025,9059,0.5333333333333333,0.5333333333333333
30,5,2025,9059,0.5,0.48333333333333334
30,10,2025,9059,0.5433333333333333,0.5033333333333333
30,20,2025,9059,0.5833333333333334,0.5033333333333333
30,50,2025,9059,0.6366666666666667,0.43666666666666665
30,1,2025,9101,0.78,0.7666666666666667
30,5,2025,9101,0.9033333333333333,0.79
30,10,2025,9101,0.91,0.65
30,20,2025,9101,0.9533333333333334,0.5433333333333333
30,50,2025,9101,0.9866666666666667,0.35333333333333333
30,1,2026,9122,0.6866666666666666,0.68
30,5,2026,9122,0.8733333333333333,0.8166666666666667
30,10,2026,9122,0.8866666666666667,0.7633333333333333
30,20,2026,9122,0.9666666666666667,0.7033333333333334
30,50,2026,9122,0.9933333333333333,0.6466666666666666
30,1,2026,9143,0.29333333333333333,0.2833333333333333
30,5,2026,9143,0.12333333333333334,0.11666666666666667
30,10,2026,9143,0.06333333333333334,0.06
30,20,2026,9143,0.013333333333333334,0.01
30,50,2026,9143,0.0,0.0
30,1,2026,9185,0.5033333333333333,0.48333333333333334
30,5,2026,9185,0.4533333333333333,0.41
30,10,2026,9185,0.43333333333333335,0.37333333333333335
30,20,2026,9185,0.51,0.33
30,50,2026,9185,0.52,0.19333333333333333
63,1,1991,302,0.7266666666666667,0.7266666666666667
63,5,1991,302,0.85,0.85
63,10,1991,302,0.8666666666666667,0.8666666666666667
63,20,1991,302,0.93,0.93
63,50,1991,302,0.9933333333333333,0.9933333333333333
63,1,1991,323,0.5466666666666666,0.5466666666666666
63,5,1991,323,0.69,0.69
63,10,1991,323,0.73,0.73
63,20,1991,323,0.6933333333333334,0.6933333333333334
63,50,1991,323,0.79,0.79
63,1,1991,344,0.68,0.68
63,5,1991,344,0.86,0.86
63,10,1991,344,0.8966666666666666,0.8966666666666666
63,20,1991,344,0.98,0.98
63,50,1991,344,1.0,1.0
63,1,1991,365,0.8,0.8
63,5,1991,365,0.8466666666666667,0.8466666666666667
63,10,1991,365,0.92,0.92
63,20,1991,365,0.97,0.97
63,50,1991,365,0.9933333333333333,0.9933333333333333
63,1,1991,386,0.7333333333333333,0.7333333333333333
63,5,1991,386,0.94,0.94
63,10,1991,386,0.98,0.98
63,20,1991,386,0.9933333333333333,0.9933333333333333
63,50,1991,386,1.0,1.0
63,1,1991,407,0.7933333333333333,0.7933333333333333
63,5,1991,407,0.9733333333333334,0.9733333333333334
63,10,1991,407,0.9933333333333333,0.9933333333333333
63,20,1991,407,1.0,1.0
63,50,1991,407,1.0,1.0
63,1,1991,428,0.7666666666666667,0.7666666666666667
63,5,1991,428,0.8966666666666666,0.8966666666666666
63,10,1991,428,0.9433333333333334,0.9433333333333334
63,20,1991,428,0.9866666666666667,0.9866666666666667
63,50,1991,428,1.0,1.0
63,1,1991,449,0.8533333333333334,0.8533333333333334
63,5,1991,449,0.95,0.95
63,10,1991,449,0.9833333333333333,0.9833333333333333
63,20,1991,449,1.0,1.0
63,50,1991,449,1.0,1.0
63,1,1991,470,0.7333333333333333,0.7333333333333333
63,5,1991,470,0.94,0.94
63,10,1991,470,0.9633333333333334,0.9633333333333334
63,20,1991,470,1.0,1.0
63,50,1991,470,1.0,1.0
63,1,1991,491,0.5933333333333334,0.5933333333333334
63,5,1991,491,0.85,0.85
63,10,1991,491,0.91,0.91
63,20,1991,491,0.99,0.99
63,50,1991,491,1.0,1.0
63,1,1992,512,0.37666666666666665,0.37666666666666665
63,5,1992,512,0.2833333333333333,0.2833333333333333
63,10,1992,512,0.27,0.27
63,20,1992,512,0.15333333333333332,0.15333333333333332
63,50,1992,512,0.043333333333333335,0.043333333333333335
63,1,1992,533,0.6766666666666666,0.6766666666666666
63,5,1992,533,0.81,0.81
63,10,1992,533,0.83,0.83
63,20,1992,533,0.9466666666666667,0.9466666666666667
63,50,1992,533,0.9966666666666667,0.9966666666666667
63,1,1992,554,0.75,0.75
63,5,1992,554,0.8533333333333334,0.8533333333333334
63,10,1992,554,0.8866666666666667,0.8866666666666667
63,20,1992,554,0.97,0.97
63,50,1992,554,0.9966666666666667,0.9966666666666667
63,1,1992,575,0.7933333333333333,0.7933333333333333
63,5,1992,575,0.88,0.88
63,10,1992,575,0.9333333333333333,0.9333333333333333
63,20,1992,575,0.9733333333333334,0.9733333333333334
63,50,1992,575,0.9966666666666667,0.9966666666666667
63,1,1992,596,0.7033333333333334,0.7033333333333334
63,5,1992,596,0.8533333333333334,0.8533333333333334
63,10,1992,596,0.9066666666666666,0.9066666666666666
63,20,1992,596,0.9133333333333333,0.9133333333333333
63,50,1992,596,1.0,1.0
63,1,1992,617,0.7266666666666667,0.7266666666666667
63,5,1992,617,0.9266666666666666,0.9266666666666666
63,10,1992,617,0.96,0.96
63,20,1992,617,0.9966666666666667,0.9966666666666667
63,50,1992,617,1.0,1.0
63,1,1992,638,0.5666666666666667,0.5666666666666667
63,5,1992,638,0.79,0.79
63,10,1992,638,0.8633333333333333,0.8633333333333333
63,20,1992,638,0.9566666666666667,0.9566666666666667
63,50,1992,638,0.9966666666666667,0.9966666666666667
63,1,1992,659,0.5966666666666667,0.5966666666666667
63,5,1992,659,0.75,0.75
63,10,1992,659,0.8333333333333334,0.8333333333333334
63,20,1992,659,0.8766666666666667,0.8766666666666667
63,50,1992,659,0.9733333333333334,0.9733333333333334
63,1,1992,680,0.6733333333333333,0.6733333333333333
63,5,1992,680,0.8766666666666667,0.8766666666666667
63,10,1992,680,0.9633333333333334,0.9633333333333334
63,20,1992,680,0.9933333333333333,0.9933333333333333
63,50,1992,680,1.0,1.0
63,1,1992,722,0.87,0.87
63,5,1992,722,0.97,0.97
63,10,1992,722,0.9933333333333333,0.9933333333333333
63,20,1992,722,0.9966666666666667,0.9966666666666667
63,50,1992,722,1.0,1.0
63,1,1992,743,0.8766666666666667,0.8766666666666667
63,5,1992,743,0.98,0.98
63,10,1992,743,0.9866666666666667,0.9866666666666667
63,20,1992,743,1.0,1.0
63,50,1992,743,1.0,1.0
63,1,1993,764,0.8833333333333333,0.8833333333333333
63,5,1993,764,0.9866666666666667,0.9866666666666667
63,10,1993,764,0.9966666666666667,0.9966666666666667
63,20,1993,764,1.0,1.0
63,50,1993,764,1.0,1.0
63,1,1993,785,0.65,0.65
63,5,1993,785,0.8233333333333334,0.8233333333333334
63,10,1993,785,0.88,0.88
63,20,1993,785,0.9666666666666667,0.9666666666666667
63,50,1993,785,1.0,1.0
63,1,1993,806,0.4533333333333333,0.4533333333333333
63,5,1993,806,0.5866666666666667,0.5866666666666667
63,10,1993,806,0.6233333333333333,0.6233333333333333
63,20,1993,806,0.6133333333333333,0.6133333333333333
63,50,1993,806,0.6833333333333333,0.6833333333333333
63,1,1993,827,0.55,0.55
63,5,1993,827,0.76,0.76
63,10,1993,827,0.8266666666666667,0.8266666666666667
63,20,1993,827,0.8833333333333333,0.8833333333333333
63,50,1993,827,0.97,0.97
63,1,1993,848,0.7466666666666667,0.7466666666666667
63,5,1993,848,0.81,0.81
63,10,1993,848,0.9066666666666666,0.9066666666666666
63,20,1993,848,0.94,0.94
63,50,1993,848,1.0,1.0
63,1,1993,869,0.7433333333333333,0.7433333333333333
63,5,1993,869,0.9633333333333334,0.9633333333333334
63,10,1993,869,0.98,0.98
63,20,1993,869,1.0,1.0
63,50,1993,869,1.0,1.0
63,1,1993,890,0.6733333333333333,0.6733333333333333
63,5,1993,890,0.88,0.88
63,10,1993,890,0.9333333333333333,0.9333333333333333
63,20,1993,890,1.0,1.0
63,50,1993,890,1.0,1.0
63,1,1993,911,0.4766666666666667,0.4766666666666667
63,5,1993,911,0.5033333333333333,0.5033333333333333
63,10,1993,911,0.5766666666666667,0.5766666666666667
63,20,1993,911,0.64,0.64
63,50,1993,911,0.7166666666666667,0.7166666666666667
63,1,1993,932,0.44666666666666666,0.44666666666666666
63,5,1993,932,0.4633333333333333,0.4633333333333333
63,10,1993,932,0.41333333333333333,0.41333333333333333
63,20,1993,932,0.2833333333333333,0.2833333333333333
63,50,1993,932,0.22,0.22
63,1,1993,953,0.36666666666666664,0.36666666666666664
63,5,1993,953,0.36666666666666664,0.36666666666666664
63,10,1993,953,0.3233333333333333,0.3233333333333333
63,20,1993,953,0.22,0.22
63,50,1993,953,0.14,0.14
63,1,1993,974,0.6,0.6
63,5,1993,974,0.6933333333333334,0.6933333333333334
63,10,1993,974,0.79,0.79
63,20,1993,974,0.8566666666666667,0.8566666666666667
63,50,1993,974,0.9766666666666667,0.9766666666666667
63,1,1993,995,0.58,0.58
63,5,1993,995,0.7,0.7
63,10,1993,995,0.78,0.78
63,20,1993,995,0.8533333333333334,0.8533333333333334
63,50,1993,995,0.9633333333333334,0.9633333333333334
63,1,1994,1016,0.52,0.52
63,5,1994,1016,0.4033333333333333,0.4033333333333333
63,10,1994,1016,0.37,0.37
63,20,1994,1016,0.31333333333333335,0.31333333333333335
63,50,1994,1016,0.20333333333333334,0.20333333333333334
63,1,1994,1037,0.25,0.25
63,5,1994,1037,0.11333333333333333,0.11333333333333333
63,10,1994,1037,0.04666666666666667,0.04666666666666667
63,20,1994,1037,0.0,0.0
63,50,1994,1037,0.0,0.0
63,1,1994,1058,0.35333333333333333,0.35333333333333333
63,5,1994,1058,0.2866666666666667,0.2866666666666667
63,10,1994,1058,0.15666666666666668,0.15666666666666668
63,20,1994,1058,0.11333333333333333,0.11333333333333333
63,50,1994,1058,0.023333333333333334,0.023333333333333334
63,1,1994,1079,0.44,0.44
63,5,1994,1079,0.29,0.29
63,10,1994,1079,0.25333333333333335,0.25333333333333335
63,20,1994,1079,0.14,0.14
63,50,1994,1079,0.05,0.05
63,1,1994,1184,0.28,0.28
63,5,1994,1184,0.12,0.12
63,10,1994,1184,0.04,0.04
63,20,1994,1184,0.006666666666666667,0.006666666666666667
63,50,1994,1184,0.0,0.0
63,1,1994,1226,0.6,0.6
63,5,1994,1226,0.7333333333333333,0.7333333333333333
63,10,1994,1226,0.74,0.74
63,20,1994,1226,0.8033333333333333,0.8033333333333333
63,50,1994,1226,0.8933333333333333,0.8933333333333333
63,1,1995,1289,0.7633333333333333,0.7633333333333333
63,5,1995,1289,0.97,0.97
63,10,1995,1289,0.9966666666666667,0.9966666666666667
63,20,1995,1289,1.0,1.0
63,50,1995,1289,1.0,1.0
63,1,1995,1310,0.84,0.84
63,5,1995,1310,1.0,1.0
63,10,1995,1310,1.0,1.0
63,20,1995,1310,1.0,1.0
63,50,1995,1310,1.0,1.0
63,1,1995,1331,0.8433333333333334,0.8433333333333334
63,5,1995,1331,0.96,0.96
63,10,1995,1331,0.97,0.97
63,20,1995,1331,0.9966666666666667,0.9966666666666667
63,50,1995,1331,1.0,1.0
63,1,1995,1352,0.79,0.79
63,5,1995,1352,0.8766666666666667,0.8766666666666667
63,10,1995,1352,0.9833333333333333,0.9833333333333333
63,20,1995,1352,0.9866666666666667,0.9866666666666667
63,50,1995,1352,1.0,1.0
63,1,1995,1373,0.76,0.76
63,5,1995,1373,0.94,0.94
63,10,1995,1373,0.9833333333333333,0.9833333333333333
63,20,1995,1373,1.0,1.0
63,50,1995,1373,1.0,1.0
63,1,1995,1394,0.7666666666666667,0.7666666666666667
63,5,1995,1394,0.97,0.97
63,10,1995,1394,1.0,1.0
63,20,1995,1394,1.0,1.0
63,50,1995,1394,1.0,1.0
63,1,1995,1415,0.7433333333333333,0.7433333333333333
63,5,1995,1415,0.9633333333333334,0.9633333333333334
63,10,1995,1415,0.98,0.98
63,20,1995,1415,1.0,1.0
63,50,1995,1415,1.0,1.0
63,1,1995,1436,0.7633333333333333,0.7633333333333333
63,5,1995,1436,0.89,0.89
63,10,1995,1436,0.9666666666666667,0.9666666666666667
63,20,1995,1436,0.98,0.98
63,50,1995,1436,1.0,1.0
63,1,1995,1457,0.7966666666666666,0.7966666666666666
63,5,1995,1457,0.8933333333333333,0.8933333333333333
63,10,1995,1457,0.9566666666666667,0.9566666666666667
63,20,1995,1457,0.9866666666666667,0.9866666666666667
63,50,1995,1457,1.0,1.0
63,1,1995,1478,0.78,0.78
63,5,1995,1478,0.9133333333333333,0.9133333333333333
63,10,1995,1478,0.9533333333333334,0.9533333333333334
63,20,1995,1478,0.9966666666666667,0.9966666666666667
63,50,1995,1478,1.0,1.0
63,1,1995,1499,0.7633333333333333,0.7633333333333333
63,5,1995,1499,0.9133333333333333,0.9133333333333333
63,10,1995,1499,0.97,0.97
63,20,1995,1499,0.9933333333333333,0.9933333333333333
63,50,1995,1499,1.0,1.0
63,1,1996,1520,0.6333333333333333,0.6333333333333333
63,5,1996,1520,0.75,0.75
63,10,1996,1520,0.82,0.82
63,20,1996,1520,0.87,0.87
63,50,1996,1520,0.9833333333333333,0.9833333333333333
63,1,1996,1541,0.62,0.62
63,5,1996,1541,0.7133333333333334,0.7133333333333334
63,10,1996,1541,0.7266666666666667,0.7266666666666667
63,20,1996,1541,0.8066666666666666,0.8066666666666666
63,50,1996,1541,0.9266666666666666,0.9266666666666666
63,1,1996,1562,0.6,0.6
63,5,1996,1562,0.6933333333333334,0.6933333333333334
63,10,1996,1562,0.82,0.82
63,20,1996,1562,0.85,0.85
63,50,1996,1562,0.9466666666666667,0.9466666666666667
63,1,1996,1583,0.5833333333333334,0.5833333333333334
63,5,1996,1583,0.6866666666666666,0.6866666666666666
63,10,1996,1583,0.7166666666666667,0.7166666666666667
63,20,1996,1583,0.72,0.72
63,50,1996,1583,0.79,0.79
63,1,1996,1625,0.42,0.42
63,5,1996,1625,0.33666666666666667,0.33666666666666667
63,10,1996,1625,0.25666666666666665,0.25666666666666665
63,20,1996,1625,0.17,0.17
63,50,1996,1625,0.05,0.05
63,1,1996,1730,0.8666666666666667,0.8666666666666667
63,5,1996,1730,0.99,0.99
63,10,1996,1730,1.0,1.0
63,20,1996,1730,1.0,1.0
63,50,1996,1730,1.0,1.0
63,1,1996,1772,0.7533333333333333,0.7533333333333333
63,5,1996,1772,0.9866666666666667,0.9866666666666667
63,10,1996,1772,1.0,1.0
63,20,1996,1772,1.0,1.0
63,50,1996,1772,1.0,1.0
63,1,1996,1793,0.74,0.74
63,5,1996,1793,0.9433333333333334,0.9433333333333334
63,10,1996,1793,0.99,0.99
63,20,1996,1793,1.0,1.0
63,50,1996,1793,1.0,1.0
63,1,1997,1814,0.47333333333333333,0.47333333333333333
63,5,1997,1814,0.48333333333333334,0.48333333333333334
63,10,1997,1814,0.52,0.52
63,20,1997,1814,0.5433333333333333,0.5433333333333333
63,50,1997,1814,0.6566666666666666,0.6566666666666666
63,1,1997,1835,0.7033333333333334,0.7033333333333334
63,5,1997,1835,0.82,0.82
63,10,1997,1835,0.9066666666666666,0.9066666666666666
63,20,1997,1835,0.9866666666666667,0.9866666666666667
63,50,1997,1835,0.9966666666666667,0.9966666666666667
63,1,1997,1856,0.6433333333333333,0.6433333333333333
63,5,1997,1856,0.8666666666666667,0.8666666666666667
63,10,1997,1856,0.9533333333333334,0.9533333333333334
63,20,1997,1856,1.0,1.0
63,50,1997,1856,1.0,1.0
63,1,1997,1877,0.94,0.94
63,5,1997,1877,1.0,1.0
63,10,1997,1877,1.0,1.0
63,20,1997,1877,1.0,1.0
63,50,1997,1877,1.0,1.0
63,1,1997,1898,0.88,0.88
63,5,1997,1898,0.9766666666666667,0.9766666666666667
63,10,1997,1898,0.9966666666666667,0.9966666666666667
63,20,1997,1898,1.0,1.0
63,50,1997,1898,1.0,1.0
63,1,1997,1919,0.8833333333333333,0.8833333333333333
63,5,1997,1919,1.0,1.0
63,10,1997,1919,1.0,1.0
63,20,1997,1919,1.0,1.0
63,50,1997,1919,1.0,1.0
63,1,1997,1940,0.8566666666666667,0.8566666666666667
63,5,1997,1940,0.9966666666666667,0.9966666666666667
63,10,1997,1940,1.0,1.0
63,20,1997,1940,1.0,1.0
63,50,1997,1940,1.0,1.0
63,1,1997,1961,0.7166666666666667,0.7166666666666667
63,5,1997,1961,0.8966666666666666,0.8966666666666666
63,10,1997,1961,0.8933333333333333,0.8933333333333333
63,20,1997,1961,0.9533333333333334,0.9533333333333334
63,50,1997,1961,1.0,1.0
63,1,1997,1982,0.8166666666666667,0.8166666666666667
63,5,1997,1982,0.9433333333333334,0.9433333333333334
63,10,1997,1982,0.9733333333333334,0.9733333333333334
63,20,1997,1982,0.9933333333333333,0.9933333333333333
63,50,1997,1982,1.0,1.0
63,1,1997,2003,0.7,0.7
63,5,1997,2003,0.85,0.85
63,10,1997,2003,0.9133333333333333,0.9133333333333333
63,20,1997,2003,0.9733333333333334,0.9733333333333334
63,50,1997,2003,1.0,1.0
63,1,1997,2024,0.79,0.79
63,5,1997,2024,0.97,0.97
63,10,1997,2024,1.0,1.0
63,20,1997,2024,1.0,1.0
63,50,1997,2024,1.0,1.0
63,1,1997,2045,0.6533333333333333,0.6533333333333333
63,5,1997,2045,0.85,0.85
63,10,1997,2045,0.94,0.94
63,20,1997,2045,0.99,0.99
63,50,1997,2045,1.0,1.0
63,1,1998,2066,0.64,0.64
63,5,1998,2066,0.8133333333333334,0.8133333333333334
63,10,1998,2066,0.9133333333333333,0.9133333333333333
63,20,1998,2066,0.9933333333333333,0.9933333333333333
63,50,1998,2066,0.9966666666666667,0.9966666666666667
63,1,1998,2087,0.68,0.68
63,5,1998,2087,0.8766666666666667,0.8766666666666667
63,10,1998,2087,0.9266666666666666,0.9266666666666666
63,20,1998,2087,0.99,0.99
63,50,1998,2087,1.0,1.0
63,1,1998,2108,0.56,0.56
63,5,1998,2108,0.7866666666666666,0.7866666666666666
63,10,1998,2108,0.8966666666666666,0.8966666666666666
63,20,1998,2108,0.9466666666666667,0.9466666666666667
63,50,1998,2108,0.9933333333333333,0.9933333333333333
63,1,1998,2129,0.31666666666666665,0.31666666666666665
63,5,1998,2129,0.28,0.28
63,10,1998,2129,0.19666666666666666,0.19666666666666666
63,20,1998,2129,0.09333333333333334,0.09333333333333334
63,50,1998,2129,0.03333333333333333,0.03333333333333333
63,1,1998,2150,0.21333333333333335,0.21333333333333335
63,5,1998,2150,0.016666666666666666,0.016666666666666666
63,10,1998,2150,0.0,0.0
63,20,1998,2150,0.0,0.0
63,50,1998,2150,0.0,0.0
63,1,1998,2171,0.22333333333333333,0.22333333333333333
63,5,1998,2171,0.013333333333333334,0.013333333333333334
63,10,1998,2171,0.0,0.0
63,20,1998,2171,0.0,0.0
63,50,1998,2171,0.0,0.0
63,1,1998,2192,0.2833333333333333,0.2833333333333333
63,5,1998,2192,0.10333333333333333,0.10333333333333333
63,10,1998,2192,0.016666666666666666,0.016666666666666666
63,20,1998,2192,0.016666666666666666,0.016666666666666666
63,50,1998,2192,0.0,0.0
63,1,1999,2444,0.24333333333333335,0.24333333333333335
63,5,1999,2444,0.23333333333333334,0.23333333333333334
63,10,1999,2444,0.17666666666666667,0.17666666666666667
63,20,1999,2444,0.08333333333333333,0.08333333333333333
63,50,1999,2444,0.0033333333333333335,0.0033333333333333335
63,1,1999,2465,0.22666666666666666,0.22666666666666666
63,5,1999,2465,0.22666666666666666,0.22666666666666666
63,10,1999,2465,0.10666666666666667,0.10666666666666667
63,20,1999,2465,0.056666666666666664,0.056666666666666664
63,50,1999,2465,0.0033333333333333335,0.0033333333333333335
63,1,1999,2486,0.24,0.24
63,5,1999,2486,0.13333333333333333,0.13333333333333333
63,10,1999,2486,0.04,0.04
63,20,1999,2486,0.02,0.02
63,50,1999,2486,0.0,0.0
63,1,1999,2507,0.37333333333333335,0.37333333333333335
63,5,1999,2507,0.3433333333333333,0.3433333333333333
63,10,1999,2507,0.27666666666666667,0.27666666666666667
63,20,1999,2507,0.16,0.16
63,50,1999,2507,0.04,0.04
63,1,2000,2717,0.43666666666666665,0.43666666666666665
63,5,2000,2717,0.49,0.49
63,10,2000,2717,0.5366666666666666,0.5366666666666666
63,20,2000,2717,0.5733333333333334,0.5733333333333334
63,50,2000,2717,0.6833333333333333,0.6833333333333333
63,1,2000,2738,0.6033333333333334,0.6033333333333334
63,5,2000,2738,0.7333333333333333,0.7333333333333333
63,10,2000,2738,0.78,0.78
63,20,2000,2738,0.82,0.82
63,50,2000,2738,0.9266666666666666,0.9266666666666666
63,1,2000,2759,0.76,0.76
63,5,2000,2759,0.8666666666666667,0.8666666666666667
63,10,2000,2759,0.8866666666666667,0.8866666666666667
63,20,2000,2759,0.9766666666666667,0.9766666666666667
63,50,2000,2759,1.0,1.0
63,1,2001,2843,0.7266666666666667,0.7266666666666667
63,5,2001,2843,0.89,0.89
63,10,2001,2843,0.9633333333333334,0.9633333333333334
63,20,2001,2843,0.9866666666666667,0.9866666666666667
63,50,2001,2843,1.0,1.0
63,1,2001,2906,0.87,0.87
63,5,2001,2906,0.9733333333333334,0.9733333333333334
63,10,2001,2906,0.99,0.99
63,20,2001,2906,1.0,1.0
63,50,2001,2906,1.0,1.0
63,1,2001,2927,0.8233333333333334,0.8233333333333334
63,5,2001,2927,0.9733333333333334,0.9733333333333334
63,10,2001,2927,0.9966666666666667,0.9966666666666667
63,20,2001,2927,1.0,1.0
63,50,2001,2927,1.0,1.0
63,1,2001,2948,0.47333333333333333,0.47333333333333333
63,5,2001,2948,0.3566666666666667,0.3566666666666667
63,10,2001,2948,0.34,0.34
63,20,2001,2948,0.2,0.2
63,50,2001,2948,0.07666666666666666,0.07666666666666666
63,1,2001,2969,0.54,0.54
63,5,2001,2969,0.47,0.47
63,10,2001,2969,0.37666666666666665,0.37666666666666665
63,20,2001,2969,0.4066666666666667,0.4066666666666667
63,50,2001,2969,0.3233333333333333,0.3233333333333333
63,1,2001,2990,0.55,0.55
63,5,2001,2990,0.55,0.55
63,10,2001,2990,0.5533333333333333,0.5533333333333333
63,20,2001,2990,0.5433333333333333,0.5433333333333333
63,50,2001,2990,0.5,0.5
63,1,2001,3053,0.8833333333333333,0.8833333333333333
63,5,2001,3053,0.9233333333333333,0.9233333333333333
63,10,2001,3053,0.9,0.9
63,20,2001,3053,0.96,0.96
63,50,2001,3053,0.9933333333333333,0.9933333333333333
63,1,2002,3074,0.8666666666666667,0.8666666666666667
63,5,2002,3074,0.9966666666666667,0.9966666666666667
63,10,2002,3074,1.0,1.0
63,20,2002,3074,1.0,1.0
63,50,2002,3074,1.0,1.0
63,1,2002,3095,0.9,0.9
63,5,2002,3095,1.0,1.0
63,10,2002,3095,1.0,1.0
63,20,2002,3095,1.0,1.0
63,50,2002,3095,1.0,1.0
63,1,2002,3116,0.76,0.76
63,5,2002,3116,0.9333333333333333,0.9333333333333333
63,10,2002,3116,0.9833333333333333,0.9833333333333333
63,20,2002,3116,0.9933333333333333,0.9933333333333333
63,50,2002,3116,1.0,1.0
63,1,2002,3137,0.37,0.37
63,5,2002,3137,0.3566666666666667,0.3566666666666667
63,10,2002,3137,0.3566666666666667,0.3566666666666667
63,20,2002,3137,0.25333333333333335,0.25333333333333335
63,50,2002,3137,0.20333333333333334,0.20333333333333334
63,1,2002,3158,0.34,0.34
63,5,2002,3158,0.18666666666666668,0.18666666666666668
63,10,2002,3158,0.12333333333333334,0.12333333333333334
63,20,2002,3158,0.04666666666666667,0.04666666666666667
63,50,2002,3158,0.0,0.0
63,1,2002,3179,0.38666666666666666,0.38666666666666666
63,5,2002,3179,0.13666666666666666,0.13666666666666666
63,10,2002,3179,0.09,0.09
63,20,2002,3179,0.03666666666666667,0.03666666666666667
63,50,2002,3179,0.006666666666666667,0.006666666666666667
63,1,2003,3389,0.9733333333333334,0.9733333333333334
63,5,2003,3389,0.9966666666666667,0.9966666666666667
63,10,2003,3389,1.0,1.0
63,20,2003,3389,1.0,1.0
63,50,2003,3389,1.0,1.0
63,1,2003,3410,0.8533333333333334,0.8533333333333334
63,5,2003,3410,0.98,0.98
63,10,2003,3410,0.9966666666666667,0.9966666666666667
63,20,2003,3410,1.0,1.0
63,50,2003,3410,1.0,1.0
63,1,2003,3431,0.7866666666666666,0.7866666666666666
63,5,2003,3431,0.96,0.96
63,10,2003,3431,0.9866666666666667,0.9866666666666667
63,20,2003,3431,0.9966666666666667,0.9966666666666667
63,50,2003,3431,1.0,1.0
63,1,2003,3452,0.8733333333333333,0.8733333333333333
63,5,2003,3452,0.9933333333333333,0.9933333333333333
63,10,2003,3452,1.0,1.0
63,20,2003,3452,1.0,1.0
63,50,2003,3452,1.0,1.0
63,1,2003,3473,0.9066666666666666,0.9066666666666666
63,5,2003,3473,1.0,1.0
63,10,2003,3473,1.0,1.0
63,20,2003,3473,1.0,1.0
63,50,2003,3473,1.0,1.0
63,1,2003,3494,0.85,0.85
63,5,2003,3494,0.9966666666666667,0.9966666666666667
63,10,2003,3494,1.0,1.0
63,20,2003,3494,1.0,1.0
63,50,2003,3494,1.0,1.0
63,1,2003,3515,0.9166666666666666,0.9166666666666666
63,5,2003,3515,0.99,0.99
63,10,2003,3515,1.0,1.0
63,20,2003,3515,1.0,1.0
63,50,2003,3515,1.0,1.0
63,1,2003,3536,0.8766666666666667,0.8766666666666667
63,5,2003,3536,0.9933333333333333,0.9933333333333333
63,10,2003,3536,1.0,1.0
63,20,2003,3536,1.0,1.0
63,50,2003,3536,1.0,1.0
63,1,2003,3557,0.7833333333333333,0.7833333333333333
63,5,2003,3557,0.9466666666666667,0.9466666666666667
63,10,2003,3557,0.99,0.99
63,20,2003,3557,1.0,1.0
63,50,2003,3557,1.0,1.0
63,1,2004,3578,0.7266666666666667,0.7266666666666667
63,5,2004,3578,0.9066666666666666,0.9066666666666666
63,10,2004,3578,0.96,0.96
63,20,2004,3578,0.9966666666666667,0.9966666666666667
63,50,2004,3578,1.0,1.0
63,1,2004,3599,0.22333333333333333,0.22333333333333333
63,5,2004,3599,0.14666666666666667,0.14666666666666667
63,10,2004,3599,0.07,0.07
63,20,2004,3599,0.023333333333333334,0.023333333333333334
63,50,2004,3599,0.006666666666666667,0.006666666666666667
63,1,2004,3620,0.48333333333333334,0.48333333333333334
63,5,2004,3620,0.45,0.45
63,10,2004,3620,0.45,0.45
63,20,2004,3620,0.4166666666666667,0.4166666666666667
63,50,2004,3620,0.33,0.33
63,1,2004,3641,0.4266666666666667,0.4266666666666667
63,5,2004,3641,0.47,0.47
63,10,2004,3641,0.5,0.5
63,20,2004,3641,0.47333333333333333,0.47333333333333333
63,50,2004,3641,0.4266666666666667,0.4266666666666667
63,1,2004,3662,0.5966666666666667,0.5966666666666667
63,5,2004,3662,0.6433333333333333,0.6433333333333333
63,10,2004,3662,0.6266666666666667,0.6266666666666667
63,20,2004,3662,0.6833333333333333,0.6833333333333333
63,50,2004,3662,0.7466666666666667,0.7466666666666667
63,1,2004,3683,0.62,0.62
63,5,2004,3683,0.7,0.7
63,10,2004,3683,0.72,0.72
63,20,2004,3683,0.7333333333333333,0.7333333333333333
63,50,2004,3683,0.81,0.81
63,1,2004,3704,0.6666666666666666,0.6666666666666666
63,5,2004,3704,0.81,0.81
63,10,2004,3704,0.84,0.84
63,20,2004,3704,0.9133333333333333,0.9133333333333333
63,50,2004,3704,0.9633333333333334,0.9633333333333334
63,1,2004,3767,0.8233333333333334,0.8233333333333334
63,5,2004,3767,0.9433333333333334,0.9433333333333334
63,10,2004,3767,0.9966666666666667,0.9966666666666667
63,20,2004,3767,1.0,1.0
63,50,2004,3767,1.0,1.0
63,1,2004,3788,0.7666666666666667,0.7666666666666667
63,5,2004,3788,0.9233333333333333,0.9233333333333333
63,10,2004,3788,0.99,0.99
63,20,2004,3788,1.0,1.0
63,50,2004,3788,1.0,1.0
63,1,2004,3809,0.6633333333333333,0.6633333333333333
63,5,2004,3809,0.79,0.79
63,10,2004,3809,0.9033333333333333,0.9033333333333333
63,20,2004,3809,0.9366666666666666,0.9366666666666666
63,50,2004,3809,0.9966666666666667,0.9966666666666667
63,1,2005,3830,0.6133333333333333,0.6133333333333333
63,5,2005,3830,0.6566666666666666,0.6566666666666666
63,10,2005,3830,0.7033333333333334,0.7033333333333334
63,20,2005,3830,0.77,0.77
63,50,2005,3830,0.85,0.85
63,1,2005,3851,0.43333333333333335,0.43333333333333335
63,5,2005,3851,0.4533333333333333,0.4533333333333333
63,10,2005,3851,0.34,0.34
63,20,2005,3851,0.39,0.39
63,50,2005,3851,0.27666666666666667,0.27666666666666667
63,1,2005,3872,0.57,0.57
63,5,2005,3872,0.5366666666666666,0.5366666666666666
63,10,2005,3872,0.5666666666666667,0.5666666666666667
63,20,2005,3872,0.59,0.59
63,50,2005,3872,0.5066666666666667,0.5066666666666667
63,1,2005,3893,0.72,0.72
63,5,2005,3893,0.9166666666666666,0.9166666666666666
63,10,2005,3893,0.9633333333333334,0.9633333333333334
63,20,2005,3893,0.99,0.99
63,50,2005,3893,1.0,1.0
63,1,2005,3914,0.8233333333333334,0.8233333333333334
63,5,2005,3914,0.9233333333333333,0.9233333333333333
63,10,2005,3914,0.9733333333333334,0.9733333333333334
63,20,2005,3914,0.9933333333333333,0.9933333333333333
63,50,2005,3914,1.0,1.0
63,1,2005,3935,0.73,0.73
63,5,2005,3935,0.8666666666666667,0.8666666666666667
63,10,2005,3935,0.9666666666666667,0.9666666666666667
63,20,2005,3935,0.99,0.99
63,50,2005,3935,1.0,1.0
63,1,2005,3956,0.43,0.43
63,5,2005,3956,0.36,0.36
63,10,2005,3956,0.32,0.32
63,20,2005,3956,0.2833333333333333,0.2833333333333333
63,50,2005,3956,0.15666666666666668,0.15666666666666668
63,1,2005,3977,0.4533333333333333,0.4533333333333333
63,5,2005,3977,0.49666666666666665,0.49666666666666665
63,10,2005,3977,0.5133333333333333,0.5133333333333333
63,20,2005,3977,0.55,0.55
63,50,2005,3977,0.6433333333333333,0.6433333333333333
63,1,2005,3998,0.5233333333333333,0.5233333333333333
63,5,2005,3998,0.6566666666666666,0.6566666666666666
63,10,2005,3998,0.6666666666666666,0.6666666666666666
63,20,2005,3998,0.73,0.73
63,50,2005,3998,0.8866666666666667,0.8866666666666667
63,1,2005,4019,0.7466666666666667,0.7466666666666667
63,5,2005,4019,0.9333333333333333,0.9333333333333333
63,10,2005,4019,0.9833333333333333,0.9833333333333333
63,20,2005,4019,1.0,1.0
63,50,2005,4019,1.0,1.0
63,1,2005,4040,0.72,0.72
63,5,2005,4040,0.9833333333333333,0.9833333333333333
63,10,2005,4040,0.98,0.98
63,20,2005,4040,1.0,1.0
63,50,2005,4040,1.0,1.0
63,1,2005,4061,0.75,0.75
63,5,2005,4061,0.9533333333333334,0.9533333333333334
63,10,2005,4061,0.9966666666666667,0.9966666666666667
63,20,2005,4061,1.0,1.0
63,50,2005,4061,1.0,1.0
63,1,2006,4082,0.6866666666666666,0.6866666666666666
63,5,2006,4082,0.87,0.87
63,10,2006,4082,0.93,0.93
63,20,2006,4082,0.9766666666666667,0.9766666666666667
63,50,2006,4082,1.0,1.0
63,1,2006,4103,0.78,0.78
63,5,2006,4103,0.92,0.92
63,10,2006,4103,0.9766666666666667,0.9766666666666667
63,20,2006,4103,1.0,1.0
63,50,2006,4103,1.0,1.0
63,1,2006,4124,0.4866666666666667,0.4866666666666667
63,5,2006,4124,0.4766666666666667,0.4766666666666667
63,10,2006,4124,0.49666666666666665,0.49666666666666665
63,20,2006,4124,0.5533333333333333,0.5533333333333333
63,50,2006,4124,0.5466666666666666,0.5466666666666666
63,1,2006,4145,0.52,0.52
63,5,2006,4145,0.5966666666666667,0.5966666666666667
63,10,2006,4145,0.6533333333333333,0.6533333333333333
63,20,2006,4145,0.6433333333333333,0.6433333333333333
63,50,2006,4145,0.7333333333333333,0.7333333333333333
63,1,2006,4166,0.43666666666666665,0.43666666666666665
63,5,2006,4166,0.31666666666666665,0.31666666666666665
63,10,2006,4166,0.2866666666666667,0.2866666666666667
63,20,2006,4166,0.19333333333333333,0.19333333333333333
63,50,2006,4166,0.07,0.07
63,1,2006,4187,0.7166666666666667,0.7166666666666667
63,5,2006,4187,0.88,0.88
63,10,2006,4187,0.91,0.91
63,20,2006,4187,0.9766666666666667,0.9766666666666667
63,50,2006,4187,0.9966666666666667,0.9966666666666667
63,1,2006,4208,0.7966666666666666,0.7966666666666666
63,5,2006,4208,0.94,0.94
63,10,2006,4208,0.9533333333333334,0.9533333333333334
63,20,2006,4208,0.9866666666666667,0.9866666666666667
63,50,2006,4208,1.0,1.0
63,1,2006,4271,0.8466666666666667,0.8466666666666667
63,5,2006,4271,0.96,0.96
63,10,2006,4271,0.98,0.98
63,20,2006,4271,1.0,1.0
63,50,2006,4271,1.0,1.0
63,1,2006,4292,0.84,0.84
63,5,2006,4292,0.98,0.98
63,10,2006,4292,0.9933333333333333,0.9933333333333333
63,20,2006,4292,1.0,1.0
63,50,2006,4292,1.0,1.0
63,1,2006,4313,0.49,0.49
63,5,2006,4313,0.5266666666666666,0.5266666666666666
63,10,2006,4313,0.5566666666666666,0.5566666666666666
63,20,2006,4313,0.54,0.54
63,50,2006,4313,0.5233333333333333,0.5233333333333333
63,1,2007,4334,0.67,0.67
63,5,2007,4334,0.8666666666666667,0.8666666666666667
63,10,2007,4334,0.93,0.93
63,20,2007,4334,0.96,0.96
63,50,2007,4334,1.0,1.0
63,1,2007,4355,0.63,0.63
63,5,2007,4355,0.78,0.78
63,10,2007,4355,0.91,0.91
63,20,2007,4355,0.96,0.96
63,50,2007,4355,1.0,1.0
63,1,2007,4376,0.7233333333333334,0.7233333333333334
63,5,2007,4376,0.86,0.86
63,10,2007,4376,0.96,0.96
63,20,2007,4376,0.9733333333333334,0.9733333333333334
63,50,2007,4376,0.9966666666666667,0.9966666666666667
63,1,2007,4397,0.6433333333333333,0.6433333333333333
63,5,2007,4397,0.7033333333333334,0.7033333333333334
63,10,2007,4397,0.79,0.79
63,20,2007,4397,0.8933333333333333,0.8933333333333333
63,50,2007,4397,0.94,0.94
63,1,2007,4418,0.23,0.23
63,5,2007,4418,0.12,0.12
63,10,2007,4418,0.08333333333333333,0.08333333333333333
63,20,2007,4418,0.02,0.02
63,50,2007,4418,0.0,0.0
63,1,2007,4439,0.37333333333333335,0.37333333333333335
63,5,2007,4439,0.24,0.24
63,10,2007,4439,0.16666666666666666,0.16666666666666666
63,20,2007,4439,0.10333333333333333,0.10333333333333333
63,50,2007,4439,0.006666666666666667,0.006666666666666667
63,1,2007,4460,0.4066666666666667,0.4066666666666667
63,5,2007,4460,0.4,0.4
63,10,2007,4460,0.3233333333333333,0.3233333333333333
63,20,2007,4460,0.26666666666666666,0.26666666666666666
63,50,2007,4460,0.2,0.2
63,1,2007,4523,0.4533333333333333,0.4533333333333333
63,5,2007,4523,0.49333333333333335,0.49333333333333335
63,10,2007,4523,0.5,0.5
63,20,2007,4523,0.5233333333333333,0.5233333333333333
63,50,2007,4523,0.6433333333333333,0.6433333333333333
63,1,2009,4985,0.7366666666666667,0.7366666666666667
63,5,2009,4985,0.8133333333333334,0.7533333333333333
63,10,2009,4985,0.7833333333333333,0.6633333333333333
63,20,2009,4985,0.7433333333333333,0.5466666666666666
63,50,2009,4985,0.8066666666666666,0.49
63,1,2009,5006,0.72,0.72
63,5,2009,5006,0.8966666666666666,0.8966666666666666
63,10,2009,5006,0.9466666666666667,0.9466666666666667
63,20,2009,5006,0.99,0.99
63,50,2009,5006,1.0,1.0
63,1,2009,5027,0.72,0.72
63,5,2009,5027,0.91,0.91
63,10,2009,5027,0.92,0.92
63,20,2009,5027,0.9466666666666667,0.9466666666666667
63,50,2009,5027,0.9933333333333333,0.9933333333333333
63,1,2009,5048,0.6366666666666667,0.6366666666666667
63,5,2009,5048,0.7433333333333333,0.73
63,10,2009,5048,0.8033333333333333,0.74
63,20,2009,5048,0.9,0.83
63,50,2009,5048,0.9666666666666667,0.85
63,1,2009,5069,0.8066666666666666,0.8033333333333333
63,5,2009,5069,0.93,0.9266666666666666
63,10,2009,5069,0.97,0.9533333333333334
63,20,2009,5069,1.0,0.97
63,50,2009,5069,1.0,1.0
63,1,2010,5090,0.7433333333333333,0.7433333333333333
63,5,2010,5090,0.9366666666666666,0.9366666666666666
63,10,2010,5090,0.9966666666666667,0.9966666666666667
63,20,2010,5090,1.0,1.0
63,50,2010,5090,1.0,1.0
63,1,2010,5111,0.7966666666666666,0.7966666666666666
63,5,2010,5111,0.9566666666666667,0.9566666666666667
63,10,2010,5111,0.9933333333333333,0.9933333333333333
63,20,2010,5111,1.0,1.0
63,50,2010,5111,1.0,1.0
63,1,2010,5132,0.36333333333333334,0.36
63,5,2010,5132,0.29,0.28
63,10,2010,5132,0.17666666666666667,0.15666666666666668
63,20,2010,5132,0.15666666666666668,0.15
63,50,2010,5132,0.02,0.013333333333333334
63,1,2010,5153,0.39666666666666667,0.3933333333333333
63,5,2010,5153,0.2966666666666667,0.2966666666666667
63,10,2010,5153,0.19,0.18666666666666668
63,20,2010,5153,0.09,0.08333333333333333
63,50,2010,5153,0.02,0.013333333333333334
63,1,2010,5174,0.56,0.56
63,5,2010,5174,0.5566666666666666,0.5366666666666666
63,10,2010,5174,0.49333333333333335,0.4866666666666667
63,20,2010,5174,0.5033333333333333,0.4666666666666667
63,50,2010,5174,0.5133333333333333,0.44333333333333336
63,1,2010,5195,0.6066666666666667,0.6066666666666667
63,5,2010,5195,0.8866666666666667,0.8866666666666667
63,10,2010,5195,0.8666666666666667,0.8666666666666667
63,20,2010,5195,0.9,0.9
63,50,2010,5195,0.9633333333333334,0.9633333333333334
63,1,2010,5216,0.7033333333333334,0.6933333333333334
63,5,2010,5216,0.9133333333333333,0.82
63,10,2010,5216,0.8566666666666667,0.6633333333333333
63,20,2010,5216,0.9066666666666666,0.67
63,50,2010,5216,0.99,0.82
63,1,2010,5279,0.65,0.6433333333333333
63,5,2010,5279,0.8233333333333334,0.7866666666666666
63,10,2010,5279,0.8733333333333333,0.8133333333333334
63,20,2010,5279,0.98,0.8366666666666667
63,50,2010,5279,1.0,0.9166666666666666
63,1,2010,5300,0.7,0.7
63,5,2010,5300,0.9166666666666666,0.9166666666666666
63,10,2010,5300,0.9633333333333334,0.9633333333333334
63,20,2010,5300,0.9933333333333333,0.9933333333333333
63,50,2010,5300,1.0,1.0
63,1,2010,5321,0.7566666666666667,0.7533333333333333
63,5,2010,5321,0.95,0.9233333333333333
63,10,2010,5321,0.9733333333333334,0.9333333333333333
63,20,2010,5321,1.0,0.9466666666666667
63,50,2010,5321,1.0,0.9933333333333333
63,1,2011,5342,0.79,0.7866666666666666
63,5,2011,5342,0.97,0.9533333333333334
63,10,2011,5342,0.9766666666666667,0.9666666666666667
63,20,2011,5342,0.99,0.96
63,50,2011,5342,1.0,1.0
63,1,2011,5363,0.77,0.77
63,5,2011,5363,0.95,0.9433333333333334
63,10,2011,5363,0.9733333333333334,0.9533333333333334
63,20,2011,5363,0.97,0.9366666666666666
63,50,2011,5363,1.0,0.9933333333333333
63,1,2011,5384,0.5933333333333334,0.5933333333333334
63,5,2011,5384,0.6366666666666667,0.6333333333333333
63,10,2011,5384,0.7166666666666667,0.7033333333333334
63,20,2011,5384,0.7733333333333333,0.7233333333333334
63,50,2011,5384,0.9066666666666666,0.8233333333333334
63,1,2011,5405,0.65,0.65
63,5,2011,5405,0.76,0.76
63,10,2011,5405,0.85,0.85
63,20,2011,5405,0.9033333333333333,0.9033333333333333
63,50,2011,5405,0.97,0.97
63,1,2011,5426,0.06666666666666667,0.06666666666666667
63,5,2011,5426,0.006666666666666667,0.006666666666666667
63,10,2011,5426,0.0,0.0
63,20,2011,5426,0.0,0.0
63,50,2011,5426,0.0,0.0
63,1,2011,5447,0.22333333333333333,0.22333333333333333
63,5,2011,5447,0.06333333333333334,0.06
63,10,2011,5447,0.013333333333333334,0.013333333333333334
63,20,2011,5447,0.006666666666666667,0.006666666666666667
63,50,2011,5447,0.0,0.0
63,1,2011,5468,0.23333333333333334,0.23333333333333334
63,5,2011,5468,0.03,0.03
63,10,2011,5468,0.0,0.0
63,20,2011,5468,0.0,0.0
63,50,2011,5468,0.0,0.0
63,1,2012,5615,0.7233333333333334,0.7166666666666667
63,5,2012,5615,0.9133333333333333,0.8933333333333333
63,10,2012,5615,0.9233333333333333,0.8966666666666666
63,20,2012,5615,0.98,0.9266666666666666
63,50,2012,5615,1.0,0.9733333333333334
63,1,2012,5636,0.5466666666666666,0.5466666666666666
63,5,2012,5636,0.57,0.5533333333333333
63,10,2012,5636,0.5566666666666666,0.54
63,20,2012,5636,0.6533333333333333,0.62
63,50,2012,5636,0.6933333333333334,0.61
63,1,2012,5657,0.74,0.74
63,5,2012,5657,0.85,0.85
63,10,2012,5657,0.93,0.93
63,20,2012,5657,0.98,0.98
63,50,2012,5657,1.0,1.0
63,1,2012,5678,0.7733333333333333,0.7733333333333333
63,5,2012,5678,0.8933333333333333,0.89
63,10,2012,5678,0.93,0.9033333333333333
63,20,2012,5678,0.99,0.9566666666666667
63,50,2012,5678,1.0,0.99
63,1,2012,5720,0.6733333333333333,0.6733333333333333
63,5,2012,5720,0.9,0.8866666666666667
63,10,2012,5720,0.9733333333333334,0.9233333333333333
63,20,2012,5720,1.0,0.92
63,50,2012,5720,1.0,0.9633333333333334
63,1,2012,5741,0.5333333333333333,0.5333333333333333
63,5,2012,5741,0.59,0.59
63,10,2012,5741,0.6533333333333333,0.6533333333333333
63,20,2012,5741,0.6866666666666666,0.6866666666666666
63,50,2012,5741,0.8233333333333334,0.8233333333333334
63,1,2012,5762,0.6333333333333333,0.6333333333333333
63,5,2012,5762,0.7033333333333334,0.7
63,10,2012,5762,0.7433333333333333,0.7366666666666667
63,20,2012,5762,0.84,0.8166666666666667
63,50,2012,5762,0.9066666666666666,0.86
63,1,2012,5783,0.7766666666666666,0.7766666666666666
63,5,2012,5783,0.9266666666666666,0.91
63,10,2012,5783,0.9633333333333334,0.9466666666666667
63,20,2012,5783,0.9933333333333333,0.95
63,50,2012,5783,1.0,0.9933333333333333
63,1,2012,5825,0.9266666666666666,0.9233333333333333
63,5,2012,5825,0.9633333333333334,0.9266666666666666
63,10,2012,5825,0.97,0.9033333333333333
63,20,2012,5825,1.0,0.9833333333333333
63,50,2012,5825,1.0,1.0
63,1,2013,5846,0.81,0.8033333333333333
63,5,2013,5846,0.97,0.95
63,10,2013,5846,0.9766666666666667,0.9333333333333333
63,20,2013,5846,1.0,0.9766666666666667
63,50,2013,5846,1.0,0.9966666666666667
63,1,2013,5867,0.84,0.84
63,5,2013,5867,0.9766666666666667,0.9466666666666667
63,10,2013,5867,0.98,0.9566666666666667
63,20,2013,5867,0.9966666666666667,0.9933333333333333
63,50,2013,5867,1.0,1.0
63,1,2013,5888,0.62,0.6133333333333333
63,5,2013,5888,0.74,0.72
63,10,2013,5888,0.89,0.84
63,20,2013,5888,0.9033333333333333,0.7966666666666666
63,50,2013,5888,0.9866666666666667,0.8866666666666667
63,1,2013,5909,0.6833333333333333,0.6766666666666666
63,5,2013,5909,0.9566666666666667,0.93
63,10,2013,5909,0.98,0.8933333333333333
63,20,2013,5909,1.0,0.96
63,50,2013,5909,1.0,0.9966666666666667
63,1,2013,5930,0.49333333333333335,0.49
63,5,2013,5930,0.6066666666666667,0.5966666666666667
63,10,2013,5930,0.6166666666666667,0.5933333333333334
63,20,2013,5930,0.7333333333333333,0.65
63,50,2013,5930,0.81,0.66
63,1,2013,5951,0.6033333333333334,0.6033333333333334
63,5,2013,5951,0.7533333333333333,0.7133333333333334
63,10,2013,5951,0.8433333333333334,0.7966666666666666
63,20,2013,5951,0.95,0.8166666666666667
63,50,2013,5951,0.9933333333333333,0.9266666666666666
63,1,2013,5972,0.59,0.59
63,5,2013,5972,0.7433333333333333,0.74
63,10,2013,5972,0.8066666666666666,0.8
63,20,2013,5972,0.8833333333333333,0.8433333333333334
63,50,2013,5972,0.9566666666666667,0.9133333333333333
63,1,2013,5993,0.6733333333333333,0.67
63,5,2013,5993,0.89,0.7666666666666667
63,10,2013,5993,0.9666666666666667,0.7166666666666667
63,20,2013,5993,0.9933333333333333,0.68
63,50,2013,5993,1.0,0.7733333333333333
63,1,2013,6014,0.7566666666666667,0.75
63,5,2013,6014,0.9466666666666667,0.79
63,10,2013,6014,0.98,0.6666666666666666
63,20,2013,6014,1.0,0.7466666666666667
63,50,2013,6014,1.0,0.7966666666666666
63,1,2013,6035,0.7833333333333333,0.78
63,5,2013,6035,0.9333333333333333,0.7933333333333333
63,10,2013,6035,0.9666666666666667,0.7266666666666667
63,20,2013,6035,0.9966666666666667,0.75
63,50,2013,6035,1.0,0.7933333333333333
63,1,2013,6056,0.62,0.6166666666666667
63,5,2013,6056,0.7666666666666667,0.73
63,10,2013,6056,0.87,0.8233333333333334
63,20,2013,6056,0.9,0.7966666666666666
63,50,2013,6056,0.99,0.9233333333333333
63,1,2013,6077,0.72,0.7166666666666667
63,5,2013,6077,0.92,0.8866666666666667
63,10,2013,6077,0.9666666666666667,0.94
63,20,2013,6077,0.99,0.9466666666666667
63,50,2013,6077,1.0,0.99
63,1,2014,6098,0.5366666666666666,0.5366666666666666
63,5,2014,6098,0.5966666666666667,0.58
63,10,2014,6098,0.64,0.6133333333333333
63,20,2014,6098,0.73,0.6533333333333333
63,50,2014,6098,0.8866666666666667,0.7366666666666667
63,1,2014,6119,0.69,0.6833333333333333
63,5,2014,6119,0.8866666666666667,0.8566666666666667
63,10,2014,6119,0.96,0.9066666666666666
63,20,2014,6119,0.9933333333333333,0.8633333333333333
63,50,2014,6119,1.0,0.9633333333333334
63,1,2014,6140,0.7866666666666666,0.7766666666666666
63,5,2014,6140,0.9133333333333333,0.89
63,10,2014,6140,0.9533333333333334,0.8733333333333333
63,20,2014,6140,1.0,0.8666666666666667
63,50,2014,6140,1.0,0.9633333333333334
63,1,2014,6161,0.8533333333333334,0.8433333333333334
63,5,2014,6161,1.0,0.9866666666666667
63,10,2014,6161,1.0,0.93
63,20,2014,6161,1.0,0.9333333333333333
63,50,2014,6161,1.0,1.0
63,1,2014,6182,0.73,0.7233333333333334
63,5,2014,6182,0.8366666666666667,0.8133333333333334
63,10,2014,6182,0.9166666666666666,0.84
63,20,2014,6182,0.9833333333333333,0.87
63,50,2014,6182,1.0,0.9
63,1,2014,6203,0.5866666666666667,0.5766666666666667
63,5,2014,6203,0.6666666666666666,0.63
63,10,2014,6203,0.7066666666666667,0.65
63,20,2014,6203,0.8133333333333334,0.64
63,50,2014,6203,0.92,0.6333333333333333
63,1,2014,6224,0.29,0.29
63,5,2014,6224,0.11333333333333333,0.11
63,10,2014,6224,0.10333333333333333,0.09
63,20,2014,6224,0.07333333333333333,0.07333333333333333
63,50,2014,6224,0.023333333333333334,0.02
63,1,2014,6245,0.7166666666666667,0.71
63,5,2014,6245,0.8166666666666667,0.78
63,10,2014,6245,0.81,0.7366666666666667
63,20,2014,6245,0.8466666666666667,0.7566666666666667
63,50,2014,6245,0.9433333333333334,0.7766666666666666
63,1,2014,6266,0.6366666666666667,0.6233333333333333
63,5,2014,6266,0.6933333333333334,0.6833333333333333
63,10,2014,6266,0.75,0.7233333333333334
63,20,2014,6266,0.7533333333333333,0.7
63,50,2014,6266,0.79,0.72
63,1,2015,6371,0.59,0.5733333333333334
63,5,2015,6371,0.61,0.5666666666666667
63,10,2015,6371,0.6733333333333333,0.59
63,20,2015,6371,0.76,0.5833333333333334
63,50,2015,6371,0.87,0.49333333333333335
63,1,2015,6392,0.58,0.5766666666666667
63,5,2015,6392,0.6233333333333333,0.5433333333333333
63,10,2015,6392,0.6733333333333333,0.57
63,20,2015,6392,0.6966666666666667,0.4633333333333333
63,50,2015,6392,0.78,0.3466666666666667
63,1,2015,6413,0.59,0.5766666666666667
63,5,2015,6413,0.6466666666666666,0.5933333333333334
63,10,2015,6413,0.6666666666666666,0.5366666666666666
63,20,2015,6413,0.7366666666666667,0.53
63,50,2015,6413,0.8033333333333333,0.38
63,1,2015,6434,0.6033333333333334,0.6
63,5,2015,6434,0.6333333333333333,0.5666666666666667
63,10,2015,6434,0.6933333333333334,0.5466666666666666
63,20,2015,6434,0.7333333333333333,0.44333333333333336
63,50,2015,6434,0.8266666666666667,0.30666666666666664
63,1,2015,6455,0.45666666666666667,0.44666666666666666
63,5,2015,6455,0.30666666666666664,0.25333333333333335
63,10,2015,6455,0.21333333333333335,0.17666666666666667
63,20,2015,6455,0.13333333333333333,0.11
63,50,2015,6455,0.04666666666666667,0.016666666666666666
63,1,2015,6476,0.58,0.5633333333333334
63,5,2015,6476,0.39,0.3566666666666667
63,10,2015,6476,0.32,0.27666666666666667
63,20,2015,6476,0.31333333333333335,0.23333333333333334
63,50,2015,6476,0.22,0.10666666666666667
63,1,2016,6707,0.7766666666666666,0.7633333333333333
63,5,2016,6707,0.88,0.8333333333333334
63,10,2016,6707,0.9633333333333334,0.8733333333333333
63,20,2016,6707,0.9966666666666667,0.7833333333333333
63,50,2016,6707,1.0,0.8633333333333333
63,1,2016,6728,0.5166666666666667,0.5166666666666667
63,5,2016,6728,0.44,0.4
63,10,2016,6728,0.41,0.38333333333333336
63,20,2016,6728,0.3333333333333333,0.2833333333333333
63,50,2016,6728,0.31666666666666665,0.17666666666666667
63,1,2016,6749,0.3433333333333333,0.34
63,5,2016,6749,0.21333333333333335,0.21333333333333335
63,10,2016,6749,0.13333333333333333,0.11333333333333333
63,20,2016,6749,0.08666666666666667,0.07
63,50,2016,6749,0.013333333333333334,0.0033333333333333335
63,1,2016,6770,0.5133333333333333,0.5066666666666667
63,5,2016,6770,0.7,0.6633333333333333
63,10,2016,6770,0.7333333333333333,0.7066666666666667
63,20,2016,6770,0.9133333333333333,0.81
63,50,2016,6770,0.9533333333333334,0.8366666666666667
63,1,2016,6791,0.6966666666666667,0.6966666666666667
63,5,2016,6791,0.9433333333333334,0.9066666666666666
63,10,2016,6791,0.98,0.94
63,20,2016,6791,0.9966666666666667,0.9633333333333334
63,50,2016,6791,1.0,1.0
63,1,2016,6812,0.87,0.87
63,5,2016,6812,0.9933333333333333,0.96
63,10,2016,6812,0.9966666666666667,0.9566666666666667
63,20,2016,6812,1.0,0.99
63,50,2016,6812,1.0,1.0
63,1,2016,6833,0.81,0.79
63,5,2016,6833,0.93,0.87
63,10,2016,6833,0.9866666666666667,0.8366666666666667
63,20,2016,6833,0.9966666666666667,0.75
63,50,2016,6833,1.0,0.8533333333333334
63,1,2017,6854,0.8266666666666667,0.8266666666666667
63,5,2017,6854,0.9166666666666666,0.8533333333333334
63,10,2017,6854,0.97,0.8366666666666667
63,20,2017,6854,0.9833333333333333,0.7833333333333333
63,50,2017,6854,1.0,0.86
63,1,2017,6875,0.7066666666666667,0.7033333333333334
63,5,2017,6875,0.8,0.7866666666666666
63,10,2017,6875,0.89,0.8166666666666667
63,20,2017,6875,0.9266666666666666,0.7733333333333333
63,50,2017,6875,0.98,0.8266666666666667
63,1,2017,6896,0.73,0.7266666666666667
63,5,2017,6896,0.88,0.8266666666666667
63,10,2017,6896,0.94,0.83
63,20,2017,6896,0.9666666666666667,0.8333333333333334
63,50,2017,6896,1.0,0.9233333333333333
63,1,2017,6917,0.76,0.7433333333333333
63,5,2017,6917,0.92,0.8266666666666667
63,10,2017,6917,0.9733333333333334,0.8
63,20,2017,6917,0.9833333333333333,0.74
63,50,2017,6917,0.9966666666666667,0.83
63,1,2017,6938,0.79,0.78
63,5,2017,6938,0.8733333333333333,0.78
63,10,2017,6938,0.8966666666666666,0.7233333333333334
63,20,2017,6938,0.9633333333333334,0.5733333333333334
63,50,2017,6938,0.9966666666666667,0.5566666666666666
63,1,2017,6959,0.6733333333333333,0.6633333333333333
63,5,2017,6959,0.7066666666666667,0.6333333333333333
63,10,2017,6959,0.8,0.6066666666666667
63,20,2017,6959,0.89,0.5233333333333333
63,50,2017,6959,0.9266666666666666,0.44666666666666666
63,1,2017,6980,0.71,0.69
63,5,2017,6980,0.83,0.68
63,10,2017,6980,0.9233333333333333,0.6133333333333333
63,20,2017,6980,0.9666666666666667,0.4766666666666667
63,50,2017,6980,0.9866666666666667,0.3566666666666667
63,1,2017,7001,0.75,0.73
63,5,2017,7001,0.87,0.67
63,10,2017,7001,0.9,0.5666666666666667
63,20,2017,7001,0.9533333333333334,0.41333333333333333
63,50,2017,7001,0.9866666666666667,0.2866666666666667
63,1,2017,7022,0.7333333333333333,0.7133333333333334
63,5,2017,7022,0.86,0.7166666666666667
63,10,2017,7022,0.9166666666666666,0.61
63,20,2017,7022,0.9733333333333334,0.4766666666666667
63,50,2017,7022,1.0,0.41
63,1,2017,7043,0.7066666666666667,0.68
63,5,2017,7043,0.7866666666666666,0.6366666666666667
63,10,2017,7043,0.8833333333333333,0.5633333333333334
63,20,2017,7043,0.9433333333333334,0.43666666666666665
63,50,2017,7043,0.9966666666666667,0.26
63,1,2017,7064,0.56,0.54
63,5,2017,7064,0.45,0.39666666666666667
63,10,2017,7064,0.4266666666666667,0.2866666666666667
63,20,2017,7064,0.4766666666666667,0.26666666666666666
63,50,2017,7064,0.41,0.08333333333333333
63,1,2017,7085,0.4866666666666667,0.4666666666666667
63,5,2017,7085,0.5133333333333333,0.45
63,10,2017,7085,0.5666666666666667,0.4266666666666667
63,20,2017,7085,0.6233333333333333,0.30666666666666664
63,50,2017,7085,0.67,0.16
63,1,2018,7106,0.47,0.4533333333333333
63,5,2018,7106,0.31333333333333335,0.28
63,10,2018,7106,0.31333333333333335,0.26666666666666666
63,20,2018,7106,0.22666666666666666,0.14
63,50,2018,7106,0.12,0.05333333333333334
63,1,2018,7127,0.7633333333333333,0.7466666666666667
63,5,2018,7127,0.8833333333333333,0.75
63,10,2018,7127,0.9066666666666666,0.63
63,20,2018,7127,0.9833333333333333,0.48
63,50,2018,7127,1.0,0.45
63,1,2018,7148,0.7633333333333333,0.7466666666666667
63,5,2018,7148,0.87,0.6633333333333333
63,10,2018,7148,0.92,0.5866666666666667
63,20,2018,7148,0.9766666666666667,0.39
63,50,2018,7148,0.9966666666666667,0.22
63,1,2018,7169,0.8433333333333334,0.8266666666666667
63,5,2018,7169,0.9433333333333334,0.72
63,10,2018,7169,0.9466666666666667,0.5033333333333333
63,20,2018,7169,0.99,0.32666666666666666
63,50,2018,7169,0.9933333333333333,0.18
63,1,2018,7190,0.7933333333333333,0.7633333333333333
63,5,2018,7190,0.87,0.6733333333333333
63,10,2018,7190,0.94,0.5933333333333334
63,20,2018,7190,0.98,0.4066666666666667
63,50,2018,7190,1.0,0.3233333333333333
63,1,2018,7211,0.6966666666666667,0.6866666666666666
63,5,2018,7211,0.81,0.6966666666666667
63,10,2018,7211,0.8866666666666667,0.66
63,20,2018,7211,0.9533333333333334,0.56
63,50,2018,7211,0.9866666666666667,0.4866666666666667
63,1,2018,7232,0.3,0.28
63,5,2018,7232,0.13333333333333333,0.12333333333333334
63,10,2018,7232,0.08666666666666667,0.056666666666666664
63,20,2018,7232,0.08333333333333333,0.04
63,50,2018,7232,0.013333333333333334,0.0
63,1,2018,7253,0.3566666666666667,0.3466666666666667
63,5,2018,7253,0.15333333333333332,0.13333333333333333
63,10,2018,7253,0.12666666666666668,0.06666666666666667
63,20,2018,7253,0.043333333333333335,0.01
63,50,2018,7253,0.023333333333333334,0.0
63,1,2018,7274,0.22,0.20333333333333334
63,5,2018,7274,0.04666666666666667,0.03
63,10,2018,7274,0.03,0.013333333333333334
63,20,2018,7274,0.0,0.0
63,50,2018,7274,0.0033333333333333335,0.0
63,1,2019,7484,0.83,0.8166666666666667
63,5,2019,7484,0.8133333333333334,0.6766666666666666
63,10,2019,7484,0.9033333333333333,0.61
63,20,2019,7484,0.97,0.51
63,50,2019,7484,0.9933333333333333,0.36666666666666664
63,1,2019,7526,0.7533333333333333,0.73
63,5,2019,7526,0.8266666666666667,0.6166666666666667
63,10,2019,7526,0.8766666666666667,0.4633333333333333
63,20,2019,7526,0.9266666666666666,0.35333333333333333
63,50,2019,7526,0.9866666666666667,0.15
63,1,2019,7589,0.043333333333333335,0.03666666666666667
63,5,2019,7589,0.0,0.0
63,10,2019,7589,0.0,0.0
63,20,2019,7589,0.0,0.0
63,50,2019,7589,0.0,0.0
63,1,2020,7610,0.06333333333333334,0.06
63,5,2020,7610,0.0033333333333333335,0.0
63,10,2020,7610,0.0,0.0
63,20,2020,7610,0.0,0.0
63,50,2020,7610,0.0,0.0
63,1,2020,7631,0.06333333333333334,0.056666666666666664
63,5,2020,7631,0.0,0.0
63,10,2020,7631,0.0,0.0
63,20,2020,7631,0.0,0.0
63,50,2020,7631,0.0,0.0
63,1,2020,7736,0.7966666666666666,0.7566666666666667
63,5,2020,7736,0.9733333333333334,0.7266666666666667
63,10,2020,7736,0.9933333333333333,0.5766666666666667
63,20,2020,7736,1.0,0.3466666666666667
63,50,2020,7736,1.0,0.21666666666666667
63,1,2020,7757,0.77,0.7366666666666667
63,5,2020,7757,0.9,0.5866666666666667
63,10,2020,7757,0.9533333333333334,0.45666666666666667
63,20,2020,7757,0.9433333333333334,0.19333333333333333
63,50,2020,7757,0.9733333333333334,0.09666666666666666
63,1,2020,7778,0.88,0.85
63,5,2020,7778,0.9866666666666667,0.7333333333333333
63,10,2020,7778,0.9733333333333334,0.62
63,20,2020,7778,0.9833333333333333,0.47333333333333333
63,50,2020,7778,0.99,0.3466666666666667
63,1,2020,7799,0.7766666666666666,0.7466666666666667
63,5,2020,7799,0.92,0.7133333333333334
63,10,2020,7799,0.9666666666666667,0.58
63,20,2020,7799,0.97,0.4266666666666667
63,50,2020,7799,1.0,0.31666666666666665
63,1,2020,7820,0.64,0.6033333333333334
63,5,2020,7820,0.8033333333333333,0.6233333333333333
63,10,2020,7820,0.9,0.49333333333333335
63,20,2020,7820,0.94,0.3566666666666667
63,50,2020,7820,0.9933333333333333,0.25
63,1,2020,7841,0.6366666666666667,0.6033333333333334
63,5,2020,7841,0.7933333333333333,0.5566666666666666
63,10,2020,7841,0.9066666666666666,0.4
63,20,2020,7841,0.9266666666666666,0.23
63,50,2020,7841,0.9966666666666667,0.08333333333333333
63,1,2021,7862,0.8633333333333333,0.8233333333333334
63,5,2021,7862,0.97,0.69
63,10,2021,7862,0.9833333333333333,0.45
63,20,2021,7862,0.98,0.3
63,50,2021,7862,1.0,0.15333333333333332
63,1,2021,7883,0.9033333333333333,0.8466666666666667
63,5,2021,7883,0.97,0.6866666666666666
63,10,2021,7883,0.99,0.4666666666666667
63,20,2021,7883,0.9966666666666667,0.36666666666666664
63,50,2021,7883,1.0,0.31
63,1,2021,7904,0.8933333333333333,0.86
63,5,2021,7904,0.9933333333333333,0.63
63,10,2021,7904,0.99,0.41
63,20,2021,7904,0.9833333333333333,0.17333333333333334
63,50,2021,7904,1.0,0.08
63,1,2021,7925,0.7366666666666667,0.6966666666666667
63,5,2021,7925,0.96,0.6333333333333333
63,10,2021,7925,0.9733333333333334,0.38333333333333336
63,20,2021,7925,0.9766666666666667,0.16
63,50,2021,7925,0.9766666666666667,0.043333333333333335
63,1,2021,7946,0.8833333333333333,0.8133333333333334
63,5,2021,7946,0.9333333333333333,0.6566666666666666
63,10,2021,7946,0.95,0.4266666666666667
63,20,2021,7946,0.9466666666666667,0.21333333333333335
63,50,2021,7946,0.9866666666666667,0.11666666666666667
63,1,2021,7967,0.66,0.6333333333333333
63,5,2021,7967,0.64,0.45
63,10,2021,7967,0.7133333333333334,0.43333333333333335
63,20,2021,7967,0.7633333333333333,0.19666666666666666
63,50,2021,7967,0.8133333333333334,0.06666666666666667
63,1,2021,7988,0.67,0.65
63,5,2021,7988,0.6866666666666666,0.5233333333333333
63,10,2021,7988,0.8066666666666666,0.5
63,20,2021,7988,0.8466666666666667,0.30333333333333334
63,50,2021,7988,0.9,0.12666666666666668
63,1,2021,8009,0.6033333333333334,0.5833333333333334
63,5,2021,8009,0.7033333333333334,0.5566666666666666
63,10,2021,8009,0.7766666666666666,0.42333333333333334
63,20,2021,8009,0.81,0.29333333333333333
63,50,2021,8009,0.9333333333333333,0.13666666666666666
63,1,2021,8030,0.5233333333333333,0.49
63,5,2021,8030,0.6266666666666667,0.5366666666666666
63,10,2021,8030,0.6533333333333333,0.4
63,20,2021,8030,0.6866666666666666,0.35
63,50,2021,8030,0.83,0.15666666666666668
63,1,2021,8072,0.2733333333333333,0.23666666666666666
63,5,2021,8072,0.17,0.13333333333333333
63,10,2021,8072,0.10333333333333333,0.05333333333333334
63,20,2021,8072,0.03666666666666667,0.023333333333333334
63,50,2021,8072,0.013333333333333334,0.0
63,1,2023,8387,0.6766666666666666,0.5966666666666667
63,5,2023,8387,0.4266666666666667,0.19666666666666666
63,10,2023,8387,0.29333333333333333,0.08333333333333333
63,20,2023,8387,0.21666666666666667,0.0033333333333333335
63,50,2023,8387,0.12333333333333334,0.0
63,1,2023,8492,0.5666666666666667,0.49666666666666665
63,5,2023,8492,0.30666666666666664,0.16666666666666666
63,10,2023,8492,0.25333333333333335,0.08
63,20,2023,8492,0.16333333333333333,0.01
63,50,2023,8492,0.13666666666666666,0.0
63,1,2024,8639,0.6366666666666667,0.59
63,5,2024,8639,0.78,0.6133333333333333
63,10,2024,8639,0.78,0.5166666666666667
63,20,2024,8639,0.8166666666666667,0.31333333333333335
63,50,2024,8639,0.91,0.14333333333333334
63,1,2024,8660,0.6266666666666667,0.6033333333333334
63,5,2024,8660,0.6066666666666667,0.5
63,10,2024,8660,0.5433333333333333,0.38666666666666666
63,20,2024,8660,0.6066666666666667,0.2866666666666667
63,50,2024,8660,0.5133333333333333,0.07333333333333333
63,1,2024,8702,0.8266666666666667,0.7966666666666666
63,5,2024,8702,0.9033333333333333,0.7366666666666667
63,10,2024,8702,0.9166666666666666,0.63
63,20,2024,8702,0.93,0.48
63,50,2024,8702,0.9733333333333334,0.41333333333333333
63,1,2024,8744,0.9033333333333333,0.8933333333333333
63,5,2024,8744,0.9866666666666667,0.9266666666666666
63,10,2024,8744,0.9733333333333334,0.8566666666666667
63,20,2024,8744,0.9966666666666667,0.8666666666666667
63,50,2024,8744,1.0,0.9333333333333333
63,1,2024,8807,0.46,0.43666666666666665
63,5,2024,8807,0.24,0.19666666666666666
63,10,2024,8807,0.17333333333333334,0.11333333333333333
63,20,2024,8807,0.09333333333333334,0.05
63,50,2024,8807,0.013333333333333334,0.0033333333333333335
63,1,2024,8828,0.55,0.5333333333333333
63,5,2024,8828,0.5133333333333333,0.42333333333333334
63,10,2024,8828,0.5533333333333333,0.4166666666666667
63,20,2024,8828,0.58,0.30666666666666664
63,50,2024,8828,0.47333333333333333,0.09333333333333334
63,1,2024,8849,0.6466666666666666,0.6266666666666667
63,5,2024,8849,0.5466666666666666,0.5
63,10,2024,8849,0.65,0.5033333333333333
63,20,2024,8849,0.6133333333333333,0.39
63,50,2024,8849,0.5866666666666667,0.19
63,1,2025,8870,0.45,0.43
63,5,2025,8870,0.35333333333333333,0.2866666666666667
63,10,2025,8870,0.23,0.17666666666666667
63,20,2025,8870,0.18333333333333332,0.13333333333333333
63,50,2025,8870,0.15333333333333332,0.07333333333333333
63,1,2025,8891,0.6433333333333333,0.6233333333333333
63,5,2025,8891,0.51,0.47
63,10,2025,8891,0.5433333333333333,0.43333333333333335
63,20,2025,8891,0.5633333333333334,0.41
63,50,2025,8891,0.5666666666666667,0.24666666666666667
63,1,2025,8996,0.69,0.67
63,5,2025,8996,0.6933333333333334,0.63
63,10,2025,8996,0.74,0.6366666666666667
63,20,2025,8996,0.8566666666666667,0.5766666666666667
63,50,2025,8996,0.9566666666666667,0.4666666666666667
63,1,2025,9017,0.6566666666666666,0.6333333333333333
63,5,2025,9017,0.6533333333333333,0.5966666666666667
63,10,2025,9017,0.65,0.56
63,20,2025,9017,0.69,0.45
63,50,2025,9017,0.8333333333333334,0.4166666666666667
63,1,2025,9038,0.55,0.5433333333333333
63,5,2025,9038,0.58,0.5533333333333333
63,10,2025,9038,0.5833333333333334,0.5333333333333333
63,20,2025,9038,0.6033333333333334,0.4666666666666667
63,50,2025,9038,0.7233333333333334,0.43333333333333335
63,1,2025,9059,0.7,0.6666666666666666
63,5,2025,9059,0.8533333333333334,0.76
63,10,2025,9059,0.9133333333333333,0.7
63,20,2025,9059,0.98,0.5833333333333334
63,50,2025,9059,1.0,0.5533333333333333
63,1,2025,9101,0.68,0.6633333333333333
63,5,2025,9101,0.7066666666666667,0.5933333333333334
63,10,2025,9101,0.7833333333333333,0.58
63,20,2025,9101,0.8366666666666667,0.39
63,50,2025,9101,0.9066666666666666,0.22333333333333333
63,1,2026,9122,0.7,0.6733333333333333
63,5,2026,9122,0.8866666666666667,0.7633333333333333
63,10,2026,9122,0.91,0.65
63,20,2026,9122,0.9866666666666667,0.5966666666666667
63,50,2026,9122,1.0,0.5033333333333333
63,1,2026,9143,0.5233333333333333,0.4866666666666667
63,5,2026,9143,0.5733333333333334,0.48333333333333334
63,10,2026,9143,0.5866666666666667,0.47
63,20,2026,9143,0.5933333333333334,0.3466666666666667
63,50,2026,9143,0.6333333333333333,0.17
126,1,1991,302,0.9433333333333334,0.9433333333333334
126,5,1991,302,0.9733333333333334,0.9733333333333334
126,10,1991,302,0.9966666666666667,0.9966666666666667
126,20,1991,302,1.0,1.0
126,50,1991,302,1.0,1.0
126,1,1991,323,0.8533333333333334,0.8533333333333334
126,5,1991,323,0.9666666666666667,0.9666666666666667
126,10,1991,323,1.0,1.0
126,20,1991,323,0.9966666666666667,0.9966666666666667
126,50,1991,323,1.0,1.0
126,1,1991,344,0.8666666666666667,0.8666666666666667
126,5,1991,344,0.9933333333333333,0.9933333333333333
126,10,1991,344,1.0,1.0
126,20,1991,344,1.0,1.0
126,50,1991,344,1.0,1.0
126,1,1991,365,0.8133333333333334,0.8133333333333334
126,5,1991,365,0.9766666666666667,0.9766666666666667
126,10,1991,365,0.99,0.99
126,20,1991,365,1.0,1.0
126,50,1991,365,1.0,1.0
126,1,1991,386,0.9133333333333333,0.9133333333333333
126,5,1991,386,0.9966666666666667,0.9966666666666667
126,10,1991,386,1.0,1.0
126,20,1991,386,1.0,1.0
126,50,1991,386,1.0,1.0
126,1,1991,407,0.8866666666666667,0.8866666666666667
126,5,1991,407,1.0,1.0
126,10,1991,407,0.9966666666666667,0.9966666666666667
126,20,1991,407,1.0,1.0
126,50,1991,407,1.0,1.0
126,1,1991,428,0.88,0.88
126,5,1991,428,0.9666666666666667,0.9666666666666667
126,10,1991,428,0.9966666666666667,0.9966666666666667
126,20,1991,428,1.0,1.0
126,50,1991,428,1.0,1.0
126,1,1991,449,0.7933333333333333,0.7933333333333333
126,5,1991,449,0.8666666666666667,0.8666666666666667
126,10,1991,449,0.91,0.91
126,20,1991,449,0.9833333333333333,0.9833333333333333
126,50,1991,449,1.0,1.0
126,1,1991,470,0.7666666666666667,0.7666666666666667
126,5,1991,470,0.94,0.94
126,10,1991,470,0.9866666666666667,0.9866666666666667
126,20,1991,470,1.0,1.0
126,50,1991,470,1.0,1.0
126,1,1991,491,0.7433333333333333,0.7433333333333333
126,5,1991,491,0.91,0.91
126,10,1991,491,0.9433333333333334,0.9433333333333334
126,20,1991,491,0.9866666666666667,0.9866666666666667
126,50,1991,491,1.0,1.0
126,1,1992,512,0.7933333333333333,0.7933333333333333
126,5,1992,512,0.8533333333333334,0.8533333333333334
126,10,1992,512,0.9533333333333334,0.9533333333333334
126,20,1992,512,0.98,0.98
126,50,1992,512,0.9933333333333333,0.9933333333333333
126,1,1992,533,0.8133333333333334,0.8133333333333334
126,5,1992,533,0.9033333333333333,0.9033333333333333
126,10,1992,533,0.9766666666666667,0.9766666666666667
126,20,1992,533,0.9966666666666667,0.9966666666666667
126,50,1992,533,1.0,1.0
126,1,1992,554,0.82,0.82
126,5,1992,554,0.94,0.94
126,10,1992,554,0.9966666666666667,0.9966666666666667
126,20,1992,554,0.9933333333333333,0.9933333333333333
126,50,1992,554,1.0,1.0
126,1,1992,575,0.83,0.83
126,5,1992,575,0.93,0.93
126,10,1992,575,0.96,0.96
126,20,1992,575,0.9966666666666667,0.9966666666666667
126,50,1992,575,1.0,1.0
126,1,1992,596,0.7233333333333334,0.7233333333333334
126,5,1992,596,0.82,0.82
126,10,1992,596,0.8966666666666666,0.8966666666666666
126,20,1992,596,0.96,0.96
126,50,1992,596,0.9966666666666667,0.9966666666666667
126,1,1992,617,0.8566666666666667,0.8566666666666667
126,5,1992,617,0.93,0.93
126,10,1992,617,1.0,1.0
126,20,1992,617,1.0,1.0
126,50,1992,617,1.0,1.0
126,1,1992,638,0.73,0.73
126,5,1992,638,0.9133333333333333,0.9133333333333333
126,10,1992,638,0.9333333333333333,0.9333333333333333
126,20,1992,638,0.9466666666666667,0.9466666666666667
126,50,1992,638,0.9966666666666667,0.9966666666666667
126,1,1992,659,0.8233333333333334,0.8233333333333334
126,5,1992,659,0.9433333333333334,0.9433333333333334
126,10,1992,659,0.99,0.99
126,20,1992,659,1.0,1.0
126,50,1992,659,1.0,1.0
126,1,1992,680,0.8666666666666667,0.8666666666666667
126,5,1992,680,0.9966666666666667,0.9966666666666667
126,10,1992,680,1.0,1.0
126,20,1992,680,1.0,1.0
126,50,1992,680,1.0,1.0
126,1,1992,722,0.8166666666666667,0.8166666666666667
126,5,1992,722,0.9666666666666667,0.9666666666666667
126,10,1992,722,0.9866666666666667,0.9866666666666667
126,20,1992,722,1.0,1.0
126,50,1992,722,1.0,1.0
126,1,1992,743,0.8133333333333334,0.8133333333333334
126,5,1992,743,0.93,0.93
126,10,1992,743,0.9733333333333334,0.9733333333333334
126,20,1992,743,0.99,0.99
126,50,1992,743,1.0,1.0
126,1,1993,764,0.83,0.83
126,5,1993,764,0.9733333333333334,0.9733333333333334
126,10,1993,764,0.9933333333333333,0.9933333333333333
126,20,1993,764,1.0,1.0
126,50,1993,764,1.0,1.0
126,1,1993,785,0.7266666666666667,0.7266666666666667
126,5,1993,785,0.85,0.85
126,10,1993,785,0.9466666666666667,0.9466666666666667
126,20,1993,785,0.9866666666666667,0.9866666666666667
126,50,1993,785,1.0,1.0
126,1,1993,806,0.7433333333333333,0.7433333333333333
126,5,1993,806,0.9133333333333333,0.9133333333333333
126,10,1993,806,0.9866666666666667,0.9866666666666667
126,20,1993,806,0.9966666666666667,0.9966666666666667
126,50,1993,806,1.0,1.0
126,1,1993,827,0.7066666666666667,0.7066666666666667
126,5,1993,827,0.8833333333333333,0.8833333333333333
126,10,1993,827,0.9433333333333334,0.9433333333333334
126,20,1993,827,0.9933333333333333,0.9933333333333333
126,50,1993,827,1.0,1.0
126,1,1993,848,0.5766666666666667,0.5766666666666667
126,5,1993,848,0.7833333333333333,0.7833333333333333
126,10,1993,848,0.8133333333333334,0.8133333333333334
126,20,1993,848,0.87,0.87
126,50,1993,848,0.98,0.98
126,1,1993,869,0.6666666666666666,0.6666666666666666
126,5,1993,869,0.9033333333333333,0.9033333333333333
126,10,1993,869,0.9766666666666667,0.9766666666666667
126,20,1993,869,1.0,1.0
126,50,1993,869,1.0,1.0
126,1,1993,890,0.5633333333333334,0.5633333333333334
126,5,1993,890,0.77,0.77
126,10,1993,890,0.8433333333333334,0.8433333333333334
126,20,1993,890,0.8933333333333333,0.8933333333333333
126,50,1993,890,0.9766666666666667,0.9766666666666667
126,1,1993,911,0.5666666666666667,0.5666666666666667
126,5,1993,911,0.6466666666666666,0.6466666666666666
126,10,1993,911,0.7066666666666667,0.7066666666666667
126,20,1993,911,0.7833333333333333,0.7833333333333333
126,50,1993,911,0.9,0.9
126,1,1993,932,0.48333333333333334,0.48333333333333334
126,5,1993,932,0.4666666666666667,0.4666666666666667
126,10,1993,932,0.44,0.44
126,20,1993,932,0.5133333333333333,0.5133333333333333
126,50,1993,932,0.5366666666666666,0.5366666666666666
126,1,1993,953,0.29333333333333333,0.29333333333333333
126,5,1993,953,0.22,0.22
126,10,1993,953,0.19,0.19
126,20,1993,953,0.09333333333333334,0.09333333333333334
126,50,1993,953,0.016666666666666666,0.016666666666666666
126,1,1993,974,0.46,0.46
126,5,1993,974,0.33666666666666667,0.33666666666666667
126,10,1993,974,0.27666666666666667,0.27666666666666667
126,20,1993,974,0.19666666666666666,0.19666666666666666
126,50,1993,974,0.13666666666666666,0.13666666666666666
126,1,1993,995,0.3933333333333333,0.3933333333333333
126,5,1993,995,0.29,0.29
126,10,1993,995,0.25,0.25
126,20,1993,995,0.21666666666666667,0.21666666666666667
126,50,1993,995,0.06333333333333334,0.06333333333333334
126,1,1994,1016,0.34,0.34
126,5,1994,1016,0.20333333333333334,0.20333333333333334
126,10,1994,1016,0.15,0.15
126,20,1994,1016,0.09,0.09
126,50,1994,1016,0.006666666666666667,0.006666666666666667
126,1,1994,1037,0.43,0.43
126,5,1994,1037,0.3333333333333333,0.3333333333333333
126,10,1994,1037,0.2966666666666667,0.2966666666666667
126,20,1994,1037,0.24333333333333335,0.24333333333333335
126,50,1994,1037,0.13,0.13
126,1,1994,1058,0.6166666666666667,0.6166666666666667
126,5,1994,1058,0.6266666666666667,0.6266666666666667
126,10,1994,1058,0.7433333333333333,0.7433333333333333
126,20,1994,1058,0.7966666666666666,0.7966666666666666
126,50,1994,1058,0.88,0.88
126,1,1994,1079,0.43333333333333335,0.43333333333333335
126,5,1994,1079,0.33666666666666667,0.33666666666666667
126,10,1994,1079,0.23666666666666666,0.23666666666666666
126,20,1994,1079,0.13666666666666666,0.13666666666666666
126,50,1994,1079,0.05333333333333334,0.05333333333333334
126,1,1994,1184,0.5266666666666666,0.5266666666666666
126,5,1994,1184,0.6266666666666667,0.6266666666666667
126,10,1994,1184,0.67,0.67
126,20,1994,1184,0.7266666666666667,0.7266666666666667
126,50,1994,1184,0.8533333333333334,0.8533333333333334
126,1,1994,1226,0.7766666666666666,0.7766666666666666
126,5,1994,1226,0.96,0.96
126,10,1994,1226,0.9966666666666667,0.9966666666666667
126,20,1994,1226,1.0,1.0
126,50,1994,1226,1.0,1.0
126,1,1995,1289,0.8566666666666667,0.8566666666666667
126,5,1995,1289,0.9766666666666667,0.9766666666666667
126,10,1995,1289,1.0,1.0
126,20,1995,1289,1.0,1.0
126,50,1995,1289,1.0,1.0
126,1,1995,1310,0.9233333333333333,0.9233333333333333
126,5,1995,1310,0.9933333333333333,0.9933333333333333
126,10,1995,1310,1.0,1.0
126,20,1995,1310,1.0,1.0
126,50,1995,1310,1.0,1.0
126,1,1995,1331,0.9033333333333333,0.9033333333333333
126,5,1995,1331,0.98,0.98
126,10,1995,1331,1.0,1.0
126,20,1995,1331,1.0,1.0
126,50,1995,1331,1.0,1.0
126,1,1995,1352,0.8033333333333333,0.8033333333333333
126,5,1995,1352,0.9666666666666667,0.9666666666666667
126,10,1995,1352,0.9933333333333333,0.9933333333333333
126,20,1995,1352,1.0,1.0
126,50,1995,1352,1.0,1.0
126,1,1995,1373,0.8333333333333334,0.8333333333333334
126,5,1995,1373,0.9533333333333334,0.9533333333333334
126,10,1995,1373,1.0,1.0
126,20,1995,1373,1.0,1.0
126,50,1995,1373,1.0,1.0
126,1,1995,1394,0.8533333333333334,0.8533333333333334
126,5,1995,1394,0.9666666666666667,0.9666666666666667
126,10,1995,1394,0.9966666666666667,0.9966666666666667
126,20,1995,1394,1.0,1.0
126,50,1995,1394,1.0,1.0
126,1,1995,1415,0.86,0.86
126,5,1995,1415,0.9733333333333334,0.9733333333333334
126,10,1995,1415,1.0,1.0
126,20,1995,1415,1.0,1.0
126,50,1995,1415,1.0,1.0
126,1,1995,1436,0.81,0.81
126,5,1995,1436,0.9633333333333334,0.9633333333333334
126,10,1995,1436,1.0,1.0
126,20,1995,1436,1.0,1.0
126,50,1995,1436,1.0,1.0
126,1,1995,1457,0.8166666666666667,0.8166666666666667
126,5,1995,1457,0.9466666666666667,0.9466666666666667
126,10,1995,1457,0.9933333333333333,0.9933333333333333
126,20,1995,1457,0.9966666666666667,0.9966666666666667
126,50,1995,1457,1.0,1.0
126,1,1995,1478,0.8033333333333333,0.8033333333333333
126,5,1995,1478,0.9233333333333333,0.9233333333333333
126,10,1995,1478,0.9533333333333334,0.9533333333333334
126,20,1995,1478,0.9966666666666667,0.9966666666666667
126,50,1995,1478,1.0,1.0
126,1,1995,1499,0.75,0.75
126,5,1995,1499,0.92,0.92
126,10,1995,1499,0.9633333333333334,0.9633333333333334
126,20,1995,1499,0.9933333333333333,0.9933333333333333
126,50,1995,1499,1.0,1.0
126,1,1996,1520,0.6433333333333333,0.6433333333333333
126,5,1996,1520,0.7566666666666667,0.7566666666666667
126,10,1996,1520,0.8933333333333333,0.8933333333333333
126,20,1996,1520,0.9266666666666666,0.9266666666666666
126,50,1996,1520,0.9933333333333333,0.9933333333333333
126,1,1996,1562,0.5433333333333333,0.5433333333333333
126,5,1996,1562,0.6366666666666667,0.6366666666666667
126,10,1996,1562,0.64,0.64
126,20,1996,1562,0.6666666666666666,0.6666666666666666
126,50,1996,1562,0.7,0.7
126,1,1996,1604,0.7266666666666667,0.7266666666666667
126,5,1996,1604,0.94,0.94
126,10,1996,1604,0.9733333333333334,0.9733333333333334
126,20,1996,1604,1.0,1.0
126,50,1996,1604,1.0,1.0
126,1,1996,1625,0.81,0.81
126,5,1996,1625,0.9066666666666666,0.9066666666666666
126,10,1996,1625,0.9566666666666667,0.9566666666666667
126,20,1996,1625,0.99,0.99
126,50,1996,1625,1.0,1.0
126,1,1996,1646,0.7866666666666666,0.7866666666666666
126,5,1996,1646,0.9666666666666667,0.9666666666666667
126,10,1996,1646,0.9966666666666667,0.9966666666666667
126,20,1996,1646,0.9966666666666667,0.9966666666666667
126,50,1996,1646,1.0,1.0
126,1,1996,1730,0.93,0.93
126,5,1996,1730,0.9966666666666667,0.9966666666666667
126,10,1996,1730,1.0,1.0
126,20,1996,1730,1.0,1.0
126,50,1996,1730,1.0,1.0
126,1,1996,1772,0.8566666666666667,0.8566666666666667
126,5,1996,1772,0.9933333333333333,0.9933333333333333
126,10,1996,1772,1.0,1.0
126,20,1996,1772,1.0,1.0
126,50,1996,1772,1.0,1.0
126,1,1996,1793,0.8233333333333334,0.8233333333333334
126,5,1996,1793,0.99,0.99
126,10,1996,1793,0.9933333333333333,0.9933333333333333
126,20,1996,1793,1.0,1.0
126,50,1996,1793,1.0,1.0
126,1,1997,1814,0.8766666666666667,0.8766666666666667
126,5,1997,1814,0.99,0.99
126,10,1997,1814,1.0,1.0
126,20,1997,1814,1.0,1.0
126,50,1997,1814,1.0,1.0
126,1,1997,1835,0.8833333333333333,0.8833333333333333
126,5,1997,1835,1.0,1.0
126,10,1997,1835,1.0,1.0
126,20,1997,1835,1.0,1.0
126,50,1997,1835,1.0,1.0
126,1,1997,1856,0.9,0.9
126,5,1997,1856,0.9966666666666667,0.9966666666666667
126,10,1997,1856,1.0,1.0
126,20,1997,1856,1.0,1.0
126,50,1997,1856,1.0,1.0
126,1,1997,1877,0.9666666666666667,0.9666666666666667
126,5,1997,1877,1.0,1.0
126,10,1997,1877,1.0,1.0
126,20,1997,1877,1.0,1.0
126,50,1997,1877,1.0,1.0
126,1,1997,1898,0.9066666666666666,0.9066666666666666
126,5,1997,1898,0.9833333333333333,0.9833333333333333
126,10,1997,1898,1.0,1.0
126,20,1997,1898,1.0,1.0
126,50,1997,1898,1.0,1.0
126,1,1997,1919,0.8733333333333333,0.8733333333333333
126,5,1997,1919,0.99,0.99
126,10,1997,1919,1.0,1.0
126,20,1997,1919,1.0,1.0
126,50,1997,1919,1.0,1.0
126,1,1997,1940,0.8566666666666667,0.8566666666666667
126,5,1997,1940,0.9933333333333333,0.9933333333333333
126,10,1997,1940,1.0,1.0
126,20,1997,1940,1.0,1.0
126,50,1997,1940,1.0,1.0
126,1,1997,1961,0.8166666666666667,0.8166666666666667
126,5,1997,1961,0.9666666666666667,0.9666666666666667
126,10,1997,1961,0.97,0.97
126,20,1997,1961,0.9966666666666667,0.9966666666666667
126,50,1997,1961,1.0,1.0
126,1,1997,1982,0.8166666666666667,0.8166666666666667
126,5,1997,1982,0.9233333333333333,0.9233333333333333
126,10,1997,1982,0.9733333333333334,0.9733333333333334
126,20,1997,1982,1.0,1.0
126,50,1997,1982,1.0,1.0
126,1,1997,2003,0.7866666666666666,0.7866666666666666
126,5,1997,2003,0.9533333333333334,0.9533333333333334
126,10,1997,2003,0.9966666666666667,0.9966666666666667
126,20,1997,2003,1.0,1.0
126,50,1997,2003,1.0,1.0
126,1,1997,2024,0.76,0.76
126,5,1997,2024,0.9633333333333334,0.9633333333333334
126,10,1997,2024,1.0,1.0
126,20,1997,2024,1.0,1.0
126,50,1997,2024,1.0,1.0
126,1,1997,2045,0.6433333333333333,0.6433333333333333
126,5,1997,2045,0.8266666666666667,0.8266666666666667
126,10,1997,2045,0.8933333333333333,0.8933333333333333
126,20,1997,2045,0.9833333333333333,0.9833333333333333
126,50,1997,2045,1.0,1.0
126,1,1998,2066,0.5333333333333333,0.5333333333333333
126,5,1998,2066,0.6566666666666666,0.6566666666666666
126,10,1998,2066,0.7566666666666667,0.7566666666666667
126,20,1998,2066,0.89,0.89
126,50,1998,2066,0.97,0.97
126,1,1998,2087,0.43666666666666665,0.43666666666666665
126,5,1998,2087,0.48,0.48
126,10,1998,2087,0.41333333333333333,0.41333333333333333
126,20,1998,2087,0.41333333333333333,0.41333333333333333
126,50,1998,2087,0.46,0.46
126,1,1998,2108,0.27666666666666667,0.27666666666666667
126,5,1998,2108,0.17,0.17
126,10,1998,2108,0.09,0.09
126,20,1998,2108,0.01,0.01
126,50,1998,2108,0.0033333333333333335,0.0033333333333333335
126,1,1998,2129,0.27,0.27
126,5,1998,2129,0.07,0.07
126,10,1998,2129,0.03,0.03
126,20,1998,2129,0.0033333333333333335,0.0033333333333333335
126,50,1998,2129,0.0,0.0
126,1,1998,2150,0.2866666666666667,0.2866666666666667
126,5,1998,2150,0.14666666666666667,0.14666666666666667
126,10,1998,2150,0.043333333333333335,0.043333333333333335
126,20,1998,2150,0.013333333333333334,0.013333333333333334
126,50,1998,2150,0.0,0.0
126,1,1998,2171,0.37666666666666665,0.37666666666666665
126,5,1998,2171,0.21666666666666667,0.21666666666666667
126,10,1998,2171,0.10333333333333333,0.10333333333333333
126,20,1998,2171,0.04,0.04
126,50,1998,2171,0.006666666666666667,0.006666666666666667
126,1,1998,2192,0.39,0.39
126,5,1998,2192,0.3,0.3
126,10,1998,2192,0.2,0.2
126,20,1998,2192,0.11,0.11
126,50,1998,2192,0.023333333333333334,0.023333333333333334
126,1,1999,2444,0.2,0.2
126,5,1999,2444,0.16333333333333333,0.16333333333333333
126,10,1999,2444,0.09666666666666666,0.09666666666666666
126,20,1999,2444,0.05333333333333334,0.05333333333333334
126,50,1999,2444,0.0,0.0
126,1,1999,2465,0.23,0.23
126,5,1999,2465,0.11,0.11
126,10,1999,2465,0.023333333333333334,0.023333333333333334
126,20,1999,2465,0.0033333333333333335,0.0033333333333333335
126,50,1999,2465,0.0,0.0
126,1,1999,2486,0.22666666666666666,0.22666666666666666
126,5,1999,2486,0.17,0.17
126,10,1999,2486,0.11333333333333333,0.11333333333333333
126,20,1999,2486,0.04,0.04
126,50,1999,2486,0.0033333333333333335,0.0033333333333333335
126,1,1999,2507,0.38,0.38
126,5,1999,2507,0.39,0.39
126,10,1999,2507,0.36333333333333334,0.36333333333333334
126,20,1999,2507,0.2733333333333333,0.2733333333333333
126,50,1999,2507,0.16333333333333333,0.16333333333333333
126,1,2000,2717,0.76,0.76
126,5,2000,2717,0.9433333333333334,0.9433333333333334
126,10,2000,2717,0.9833333333333333,0.9833333333333333
126,20,2000,2717,1.0,1.0
126,50,2000,2717,1.0,1.0
126,1,2000,2738,0.87,0.87
126,5,2000,2738,0.94,0.94
126,10,2000,2738,0.9733333333333334,0.9733333333333334
126,20,2000,2738,1.0,1.0
126,50,2000,2738,1.0,1.0
126,1,2000,2759,0.8166666666666667,0.8166666666666667
126,5,2000,2759,0.8733333333333333,0.8733333333333333
126,10,2000,2759,0.94,0.94
126,20,2000,2759,0.99,0.99
126,50,2000,2759,1.0,1.0
126,1,2001,2843,0.9166666666666666,0.9166666666666666
126,5,2001,2843,0.9966666666666667,0.9966666666666667
126,10,2001,2843,1.0,1.0
126,20,2001,2843,1.0,1.0
126,50,2001,2843,1.0,1.0
126,1,2001,2906,0.7533333333333333,0.7533333333333333
126,5,2001,2906,0.95,0.95
126,10,2001,2906,0.9833333333333333,0.9833333333333333
126,20,2001,2906,1.0,1.0
126,50,2001,2906,1.0,1.0
126,1,2001,2927,0.7766666666666666,0.7766666666666666
126,5,2001,2927,0.9566666666666667,0.9566666666666667
126,10,2001,2927,0.9833333333333333,0.9833333333333333
126,20,2001,2927,1.0,1.0
126,50,2001,2927,1.0,1.0
126,1,2001,2948,0.7333333333333333,0.7333333333333333
126,5,2001,2948,0.8933333333333333,0.8933333333333333
126,10,2001,2948,0.9466666666666667,0.9466666666666667
126,20,2001,2948,0.9966666666666667,0.9966666666666667
126,50,2001,2948,1.0,1.0
126,1,2001,2969,0.6866666666666666,0.6866666666666666
126,5,2001,2969,0.8466666666666667,0.8466666666666667
126,10,2001,2969,0.8733333333333333,0.8733333333333333
126,20,2001,2969,0.96,0.96
126,50,2001,2969,1.0,1.0
126,1,2001,2990,0.8,0.8
126,5,2001,2990,0.9666666666666667,0.9666666666666667
126,10,2001,2990,0.9933333333333333,0.9933333333333333
126,20,2001,2990,1.0,1.0
126,50,2001,2990,1.0,1.0
126,1,2001,3053,0.8766666666666667,0.8766666666666667
126,5,2001,3053,0.9666666666666667,0.9666666666666667
126,10,2001,3053,0.9466666666666667,0.9466666666666667
126,20,2001,3053,0.99,0.99
126,50,2001,3053,1.0,1.0
126,1,2002,3074,0.8233333333333334,0.8233333333333334
126,5,2002,3074,0.9533333333333334,0.9533333333333334
126,10,2002,3074,0.9966666666666667,0.9966666666666667
126,20,2002,3074,1.0,1.0
126,50,2002,3074,1.0,1.0
126,1,2002,3095,0.7866666666666666,0.7866666666666666
126,5,2002,3095,0.94,0.94
126,10,2002,3095,0.9833333333333333,0.9833333333333333
126,20,2002,3095,0.9933333333333333,0.9933333333333333
126,50,2002,3095,1.0,1.0
126,1,2002,3116,0.6933333333333334,0.6933333333333334
126,5,2002,3116,0.81,0.81
126,10,2002,3116,0.8366666666666667,0.8366666666666667
126,20,2002,3116,0.91,0.91
126,50,2002,3116,0.98,0.98
126,1,2002,3137,0.29,0.29
126,5,2002,3137,0.13666666666666666,0.13666666666666666
126,10,2002,3137,0.08666666666666667,0.08666666666666667
126,20,2002,3137,0.03333333333333333,0.03333333333333333
126,50,2002,3137,0.0033333333333333335,0.0033333333333333335
126,1,2002,3158,0.36666666666666664,0.36666666666666664
126,5,2002,3158,0.22666666666666666,0.22666666666666666
126,10,2002,3158,0.14333333333333334,0.14333333333333334
126,20,2002,3158,0.06,0.06
126,50,2002,3158,0.016666666666666666,0.016666666666666666
126,1,2002,3179,0.36333333333333334,0.36333333333333334
126,5,2002,3179,0.16666666666666666,0.16666666666666666
126,10,2002,3179,0.08,0.08
126,20,2002,3179,0.03666666666666667,0.03666666666666667
126,50,2002,3179,0.0,0.0
126,1,2003,3389,0.9866666666666667,0.9866666666666667
126,5,2003,3389,0.9966666666666667,0.9966666666666667
126,10,2003,3389,1.0,1.0
126,20,2003,3389,1.0,1.0
126,50,2003,3389,1.0,1.0
126,1,2003,3410,0.9366666666666666,0.9366666666666666
126,5,2003,3410,1.0,1.0
126,10,2003,3410,1.0,1.0
126,20,2003,3410,1.0,1.0
126,50,2003,3410,1.0,1.0
126,1,2003,3431,0.9,0.9
126,5,2003,3431,1.0,1.0
126,10,2003,3431,1.0,1.0
126,20,2003,3431,1.0,1.0
126,50,2003,3431,1.0,1.0
126,1,2003,3452,0.9433333333333334,0.9433333333333334
126,5,2003,3452,1.0,1.0
126,10,2003,3452,1.0,1.0
126,20,2003,3452,1.0,1.0
126,50,2003,3452,1.0,1.0
126,1,2003,3473,0.9666666666666667,0.9666666666666667
126,5,2003,3473,1.0,1.0
126,10,2003,3473,1.0,1.0
126,20,2003,3473,1.0,1.0
126,50,2003,3473,1.0,1.0
126,1,2003,3494,0.9433333333333334,0.9433333333333334
126,5,2003,3494,1.0,1.0
126,10,2003,3494,1.0,1.0
126,20,2003,3494,1.0,1.0
126,50,2003,3494,1.0,1.0
126,1,2003,3515,0.8566666666666667,0.8566666666666667
126,5,2003,3515,1.0,1.0
126,10,2003,3515,1.0,1.0
126,20,2003,3515,1.0,1.0
126,50,2003,3515,1.0,1.0
126,1,2003,3536,0.5733333333333334,0.5733333333333334
126,5,2003,3536,0.74,0.74
126,10,2003,3536,0.84,0.84
126,20,2003,3536,0.9366666666666666,0.9366666666666666
126,50,2003,3536,0.99,0.99
126,1,2003,3557,0.7066666666666667,0.7066666666666667
126,5,2003,3557,0.8766666666666667,0.8766666666666667
126,10,2003,3557,0.9466666666666667,0.9466666666666667
126,20,2003,3557,0.9833333333333333,0.9833333333333333
126,50,2003,3557,1.0,1.0
126,1,2004,3578,0.6966666666666667,0.6966666666666667
126,5,2004,3578,0.88,0.88
126,10,2004,3578,0.9166666666666666,0.9166666666666666
126,20,2004,3578,0.9933333333333333,0.9933333333333333
126,50,2004,3578,1.0,1.0
126,1,2004,3599,0.53,0.53
126,5,2004,3599,0.61,0.61
126,10,2004,3599,0.6,0.6
126,20,2004,3599,0.6866666666666666,0.6866666666666666
126,50,2004,3599,0.8333333333333334,0.8333333333333334
126,1,2004,3620,0.6566666666666666,0.6566666666666666
126,5,2004,3620,0.81,0.81
126,10,2004,3620,0.83,0.83
126,20,2004,3620,0.9166666666666666,0.9166666666666666
126,50,2004,3620,0.9933333333333333,0.9933333333333333
126,1,2004,3641,0.6966666666666667,0.6966666666666667
126,5,2004,3641,0.7666666666666667,0.7666666666666667
126,10,2004,3641,0.82,0.82
126,20,2004,3641,0.9433333333333334,0.9433333333333334
126,50,2004,3641,0.9966666666666667,0.9966666666666667
126,1,2004,3662,0.77,0.77
126,5,2004,3662,0.85,0.85
126,10,2004,3662,0.96,0.96
126,20,2004,3662,0.9933333333333333,0.9933333333333333
126,50,2004,3662,1.0,1.0
126,1,2004,3683,0.7933333333333333,0.7933333333333333
126,5,2004,3683,0.91,0.91
126,10,2004,3683,0.95,0.95
126,20,2004,3683,0.96,0.96
126,50,2004,3683,1.0,1.0
126,1,2004,3704,0.8133333333333334,0.8133333333333334
126,5,2004,3704,0.9733333333333334,0.9733333333333334
126,10,2004,3704,0.9833333333333333,0.9833333333333333
126,20,2004,3704,0.9966666666666667,0.9966666666666667
126,50,2004,3704,1.0,1.0
126,1,2004,3767,0.69,0.69
126,5,2004,3767,0.8966666666666666,0.8966666666666666
126,10,2004,3767,0.9633333333333334,0.9633333333333334
126,20,2004,3767,0.9766666666666667,0.9766666666666667
126,50,2004,3767,1.0,1.0
126,1,2004,3788,0.6133333333333333,0.6133333333333333
126,5,2004,3788,0.82,0.82
126,10,2004,3788,0.83,0.83
126,20,2004,3788,0.9466666666666667,0.9466666666666667
126,50,2004,3788,0.9833333333333333,0.9833333333333333
126,1,2004,3809,0.6433333333333333,0.6433333333333333
126,5,2004,3809,0.8233333333333334,0.8233333333333334
126,10,2004,3809,0.8566666666666667,0.8566666666666667
126,20,2004,3809,0.9433333333333334,0.9433333333333334
126,50,2004,3809,0.9966666666666667,0.9966666666666667
126,1,2005,3830,0.73,0.73
126,5,2005,3830,0.9233333333333333,0.9233333333333333
126,10,2005,3830,0.9266666666666666,0.9266666666666666
126,20,2005,3830,0.9966666666666667,0.9966666666666667
126,50,2005,3830,1.0,1.0
126,1,2005,3851,0.6833333333333333,0.6833333333333333
126,5,2005,3851,0.8666666666666667,0.8666666666666667
126,10,2005,3851,0.89,0.89
126,20,2005,3851,0.9666666666666667,0.9666666666666667
126,50,2005,3851,1.0,1.0
126,1,2005,3872,0.65,0.65
126,5,2005,3872,0.82,0.82
126,10,2005,3872,0.8933333333333333,0.8933333333333333
126,20,2005,3872,0.9733333333333334,0.9733333333333334
126,50,2005,3872,1.0,1.0
126,1,2005,3893,0.63,0.63
126,5,2005,3893,0.7866666666666666,0.7866666666666666
126,10,2005,3893,0.9066666666666666,0.9066666666666666
126,20,2005,3893,0.9333333333333333,0.9333333333333333
126,50,2005,3893,0.9966666666666667,0.9966666666666667
126,1,2005,3914,0.6633333333333333,0.6633333333333333
126,5,2005,3914,0.82,0.82
126,10,2005,3914,0.91,0.91
126,20,2005,3914,0.97,0.97
126,50,2005,3914,0.9966666666666667,0.9966666666666667
126,1,2005,3935,0.6366666666666667,0.6366666666666667
126,5,2005,3935,0.83,0.83
126,10,2005,3935,0.8966666666666666,0.8966666666666666
126,20,2005,3935,0.96,0.96
126,50,2005,3935,0.9966666666666667,0.9966666666666667
126,1,2005,3956,0.6133333333333333,0.6133333333333333
126,5,2005,3956,0.79,0.79
126,10,2005,3956,0.8566666666666667,0.8566666666666667
126,20,2005,3956,0.9566666666666667,0.9566666666666667
126,50,2005,3956,0.9933333333333333,0.9933333333333333
126,1,2005,3977,0.5866666666666667,0.5866666666666667
126,5,2005,3977,0.7966666666666666,0.7966666666666666
126,10,2005,3977,0.9366666666666666,0.9366666666666666
126,20,2005,3977,0.94,0.94
126,50,2005,3977,1.0,1.0
126,1,2005,3998,0.6733333333333333,0.6733333333333333
126,5,2005,3998,0.8666666666666667,0.8666666666666667
126,10,2005,3998,0.9466666666666667,0.9466666666666667
126,20,2005,3998,0.9733333333333334,0.9733333333333334
126,50,2005,3998,1.0,1.0
126,1,2005,4019,0.68,0.68
126,5,2005,4019,0.9666666666666667,0.9666666666666667
126,10,2005,4019,0.9966666666666667,0.9966666666666667
126,20,2005,4019,1.0,1.0
126,50,2005,4019,1.0,1.0
126,1,2005,4040,0.8466666666666667,0.8466666666666667
126,5,2005,4040,0.9933333333333333,0.9933333333333333
126,10,2005,4040,1.0,1.0
126,20,2005,4040,1.0,1.0
126,50,2005,4040,1.0,1.0
126,1,2005,4061,0.7833333333333333,0.7833333333333333
126,5,2005,4061,0.9266666666666666,0.9266666666666666
126,10,2005,4061,0.9833333333333333,0.9833333333333333
126,20,2005,4061,0.9966666666666667,0.9966666666666667
126,50,2005,4061,1.0,1.0
126,1,2006,4082,0.6466666666666666,0.6466666666666666
126,5,2006,4082,0.8066666666666666,0.8066666666666666
126,10,2006,4082,0.8866666666666667,0.8866666666666667
126,20,2006,4082,0.97,0.97
126,50,2006,4082,1.0,1.0
126,1,2006,4103,0.6533333333333333,0.6533333333333333
126,5,2006,4103,0.7766666666666666,0.7766666666666666
126,10,2006,4103,0.8233333333333334,0.8233333333333334
126,20,2006,4103,0.89,0.89
126,50,2006,4103,0.9833333333333333,0.9833333333333333
126,1,2006,4124,0.69,0.69
126,5,2006,4124,0.8033333333333333,0.8033333333333333
126,10,2006,4124,0.8466666666666667,0.8466666666666667
126,20,2006,4124,0.94,0.94
126,50,2006,4124,0.9866666666666667,0.9866666666666667
126,1,2006,4145,0.7166666666666667,0.7166666666666667
126,5,2006,4145,0.87,0.87
126,10,2006,4145,0.97,0.97
126,20,2006,4145,0.9633333333333334,0.9633333333333334
126,50,2006,4145,1.0,1.0
126,1,2006,4166,0.6966666666666667,0.6966666666666667
126,5,2006,4166,0.8366666666666667,0.8366666666666667
126,10,2006,4166,0.95,0.95
126,20,2006,4166,0.9933333333333333,0.9933333333333333
126,50,2006,4166,1.0,1.0
126,1,2006,4187,0.86,0.86
126,5,2006,4187,0.97,0.97
126,10,2006,4187,1.0,1.0
126,20,2006,4187,0.9966666666666667,0.9966666666666667
126,50,2006,4187,1.0,1.0
126,1,2006,4208,0.8366666666666667,0.8366666666666667
126,5,2006,4208,0.95,0.95
126,10,2006,4208,0.9833333333333333,0.9833333333333333
126,20,2006,4208,0.9933333333333333,0.9933333333333333
126,50,2006,4208,1.0,1.0
126,1,2006,4271,0.81,0.81
126,5,2006,4271,0.9566666666666667,0.9566666666666667
126,10,2006,4271,0.99,0.99
126,20,2006,4271,1.0,1.0
126,50,2006,4271,1.0,1.0
126,1,2006,4292,0.8066666666666666,0.8066666666666666
126,5,2006,4292,0.97,0.97
126,10,2006,4292,0.9966666666666667,0.9966666666666667
126,20,2006,4292,1.0,1.0
126,50,2006,4292,1.0,1.0
126,1,2006,4313,0.62,0.62
126,5,2006,4313,0.7866666666666666,0.7866666666666666
126,10,2006,4313,0.8633333333333333,0.8633333333333333
126,20,2006,4313,0.94,0.94
126,50,2006,4313,1.0,1.0
126,1,2007,4334,0.6533333333333333,0.6533333333333333
126,5,2007,4334,0.8233333333333334,0.8233333333333334
126,10,2007,4334,0.88,0.88
126,20,2007,4334,0.9833333333333333,0.9833333333333333
126,50,2007,4334,1.0,1.0
126,1,2007,4355,0.44333333333333336,0.44333333333333336
126,5,2007,4355,0.2833333333333333,0.2833333333333333
126,10,2007,4355,0.21333333333333335,0.21333333333333335
126,20,2007,4355,0.16,0.16
126,50,2007,4355,0.056666666666666664,0.056666666666666664
126,1,2007,4376,0.49333333333333335,0.49333333333333335
126,5,2007,4376,0.47,0.47
126,10,2007,4376,0.5433333333333333,0.5433333333333333
126,20,2007,4376,0.5466666666666666,0.5466666666666666
126,50,2007,4376,0.49666666666666665,0.49666666666666665
126,1,2007,4397,0.5066666666666667,0.5066666666666667
126,5,2007,4397,0.6333333333333333,0.6333333333333333
126,10,2007,4397,0.6166666666666667,0.6166666666666667
126,20,2007,4397,0.6466666666666666,0.6466666666666666
126,50,2007,4397,0.7733333333333333,0.7733333333333333
126,1,2007,4418,0.44,0.44
126,5,2007,4418,0.30333333333333334,0.30333333333333334
126,10,2007,4418,0.23,0.23
126,20,2007,4418,0.16,0.16
126,50,2007,4418,0.06333333333333334,0.06333333333333334
126,1,2007,4439,0.44,0.44
126,5,2007,4439,0.5066666666666667,0.5066666666666667
126,10,2007,4439,0.4666666666666667,0.4666666666666667
126,20,2007,4439,0.43,0.43
126,50,2007,4439,0.4266666666666667,0.4266666666666667
126,1,2007,4460,0.25333333333333335,0.25333333333333335
126,5,2007,4460,0.11666666666666667,0.11666666666666667
126,10,2007,4460,0.08333333333333333,0.08333333333333333
126,20,2007,4460,0.016666666666666666,0.016666666666666666
126,50,2007,4460,0.0,0.0
126,1,2007,4523,0.4033333333333333,0.4033333333333333
126,5,2007,4523,0.24,0.24
126,10,2007,4523,0.25,0.25
126,20,2007,4523,0.29333333333333333,0.29333333333333333
126,50,2007,4523,0.4666666666666667,0.4666666666666667
126,1,2009,4985,0.6566666666666666,0.6566666666666666
126,5,2009,4985,0.6866666666666666,0.5566666666666666
126,10,2009,4985,0.67,0.4633333333333333
126,20,2009,4985,0.71,0.44333333333333336
126,50,2009,4985,0.8166666666666667,0.35333333333333333
126,1,2009,5006,0.7533333333333333,0.7533333333333333
126,5,2009,5006,0.9633333333333334,0.85
126,10,2009,5006,0.9933333333333333,0.84
126,20,2009,5006,1.0,0.91
126,50,2009,5006,1.0,0.9833333333333333
126,1,2009,5027,0.8733333333333333,0.8733333333333333
126,5,2009,5027,0.9466666666666667,0.8866666666666667
126,10,2009,5027,0.9533333333333334,0.8733333333333333
126,20,2009,5027,0.9966666666666667,0.9666666666666667
126,50,2009,5027,1.0,1.0
126,1,2009,5048,0.8133333333333334,0.8133333333333334
126,5,2009,5048,0.93,0.89
126,10,2009,5048,0.9933333333333333,0.9466666666666667
126,20,2009,5048,0.9966666666666667,0.9766666666666667
126,50,2009,5048,1.0,1.0
126,1,2009,5069,0.6666666666666666,0.6666666666666666
126,5,2009,5069,0.81,0.8
126,10,2009,5069,0.8866666666666667,0.8633333333333333
126,20,2009,5069,0.9566666666666667,0.9233333333333333
126,50,2009,5069,0.9966666666666667,0.9766666666666667
126,1,2010,5090,0.6766666666666666,0.6766666666666666
126,5,2010,5090,0.7533333333333333,0.7533333333333333
126,10,2010,5090,0.8466666666666667,0.8466666666666667
126,20,2010,5090,0.91,0.91
126,50,2010,5090,0.9933333333333333,0.9933333333333333
126,1,2010,5111,0.7433333333333333,0.7433333333333333
126,5,2010,5111,0.9433333333333334,0.9433333333333334
126,10,2010,5111,0.9933333333333333,0.9933333333333333
126,20,2010,5111,0.9966666666666667,0.9966666666666667
126,50,2010,5111,1.0,1.0
126,1,2010,5132,0.7133333333333334,0.7066666666666667
126,5,2010,5132,0.8333333333333334,0.8166666666666667
126,10,2010,5132,0.8866666666666667,0.8166666666666667
126,20,2010,5132,0.9533333333333334,0.8833333333333333
126,50,2010,5132,1.0,0.9566666666666667
126,1,2010,5153,0.6966666666666667,0.6966666666666667
126,5,2010,5153,0.86,0.8333333333333334
126,10,2010,5153,0.88,0.85
126,20,2010,5153,0.97,0.9
126,50,2010,5153,1.0,0.98
126,1,2010,5174,0.7833333333333333,0.7833333333333333
126,5,2010,5174,0.9366666666666666,0.87
126,10,2010,5174,0.9666666666666667,0.87
126,20,2010,5174,1.0,0.9533333333333334
126,50,2010,5174,1.0,0.9933333333333333
126,1,2010,5195,0.6533333333333333,0.65
126,5,2010,5195,0.8866666666666667,0.71
126,10,2010,5195,0.9233333333333333,0.67
126,20,2010,5195,0.9633333333333334,0.7066666666666667
126,50,2010,5195,1.0,0.8866666666666667
126,1,2010,5216,0.59,0.5666666666666667
126,5,2010,5216,0.89,0.7
126,10,2010,5216,0.9133333333333333,0.5633333333333334
126,20,2010,5216,0.9433333333333334,0.5766666666666667
126,50,2010,5216,0.99,0.64
126,1,2010,5279,0.81,0.8066666666666666
126,5,2010,5279,0.9766666666666667,0.8733333333333333
126,10,2010,5279,0.9766666666666667,0.93
126,20,2010,5279,0.9933333333333333,0.9366666666666666
126,50,2010,5279,1.0,0.9966666666666667
126,1,2010,5300,0.8,0.8
126,5,2010,5300,0.9733333333333334,0.9066666666666666
126,10,2010,5300,0.9933333333333333,0.91
126,20,2010,5300,1.0,0.9666666666666667
126,50,2010,5300,1.0,0.9966666666666667
126,1,2010,5321,0.7433333333333333,0.7433333333333333
126,5,2010,5321,0.9366666666666666,0.85
126,10,2010,5321,0.9733333333333334,0.8366666666666667
126,20,2010,5321,0.9966666666666667,0.89
126,50,2010,5321,1.0,0.97
126,1,2011,5342,0.7466666666666667,0.7433333333333333
126,5,2011,5342,0.9666666666666667,0.91
126,10,2011,5342,0.9633333333333334,0.87
126,20,2011,5342,0.9966666666666667,0.9233333333333333
126,50,2011,5342,1.0,0.99
126,1,2011,5363,0.21666666666666667,0.21333333333333335
126,5,2011,5363,0.10333333333333333,0.1
126,10,2011,5363,0.03333333333333333,0.03
126,20,2011,5363,0.03,0.02666666666666667
126,50,2011,5363,0.02,0.01
126,1,2011,5384,0.33,0.33
126,5,2011,5384,0.22333333333333333,0.20333333333333334
126,10,2011,5384,0.17333333333333334,0.14333333333333334
126,20,2011,5384,0.09666666666666666,0.07333333333333333
126,50,2011,5384,0.023333333333333334,0.01
126,1,2011,5405,0.37,0.37
126,5,2011,5405,0.20333333333333334,0.19666666666666666
126,10,2011,5405,0.12,0.10666666666666667
126,20,2011,5405,0.03333333333333333,0.02
126,50,2011,5405,0.0033333333333333335,0.0033333333333333335
126,1,2011,5426,0.4533333333333333,0.4533333333333333
126,5,2011,5426,0.29333333333333333,0.27
126,10,2011,5426,0.22666666666666666,0.20666666666666667
126,20,2011,5426,0.14666666666666667,0.11333333333333333
126,50,2011,5426,0.06666666666666667,0.04666666666666667
126,1,2011,5447,0.4633333333333333,0.46
126,5,2011,5447,0.42333333333333334,0.41
126,10,2011,5447,0.39,0.3566666666666667
126,20,2011,5447,0.2833333333333333,0.23
126,50,2011,5447,0.19333333333333333,0.09666666666666666
126,1,2011,5468,0.4666666666666667,0.4666666666666667
126,5,2011,5468,0.49,0.4666666666666667
126,10,2011,5468,0.5033333333333333,0.4533333333333333
126,20,2011,5468,0.39666666666666667,0.3233333333333333
126,50,2011,5468,0.30333333333333334,0.20333333333333334
126,1,2012,5615,0.8466666666666667,0.84
126,5,2012,5615,0.97,0.9333333333333333
126,10,2012,5615,0.9933333333333333,0.94
126,20,2012,5615,1.0,0.99
126,50,2012,5615,1.0,1.0
126,1,2012,5636,0.87,0.87
126,5,2012,5636,0.97,0.96
126,10,2012,5636,0.99,0.97
126,20,2012,5636,1.0,0.9966666666666667
126,50,2012,5636,1.0,1.0
126,1,2012,5657,0.8333333333333334,0.8333333333333334
126,5,2012,5657,0.96,0.96
126,10,2012,5657,0.9966666666666667,0.9966666666666667
126,20,2012,5657,1.0,1.0
126,50,2012,5657,1.0,1.0
126,1,2012,5678,0.7166666666666667,0.7166666666666667
126,5,2012,5678,0.8566666666666667,0.8433333333333334
126,10,2012,5678,0.9466666666666667,0.9166666666666666
126,20,2012,5678,0.99,0.95
126,50,2012,5678,1.0,0.9866666666666667
126,1,2012,5720,0.7333333333333333,0.7333333333333333
126,5,2012,5720,0.94,0.8766666666666667
126,10,2012,5720,0.98,0.8866666666666667
126,20,2012,5720,1.0,0.91
126,50,2012,5720,1.0,0.9766666666666667
126,1,2012,5741,0.82,0.82
126,5,2012,5741,0.97,0.9266666666666666
126,10,2012,5741,0.9933333333333333,0.98
126,20,2012,5741,1.0,0.9966666666666667
126,50,2012,5741,1.0,1.0
126,1,2012,5762,0.8333333333333334,0.8333333333333334
126,5,2012,5762,0.9566666666666667,0.9266666666666666
126,10,2012,5762,0.9833333333333333,0.94
126,20,2012,5762,1.0,0.99
126,50,2012,5762,1.0,1.0
126,1,2012,5783,0.8633333333333333,0.8633333333333333
126,5,2012,5783,0.9666666666666667,0.9166666666666666
126,10,2012,5783,0.98,0.9466666666666667
126,20,2012,5783,1.0,0.9866666666666667
126,50,2012,5783,1.0,1.0
126,1,2012,5825,0.9,0.9
126,5,2012,5825,0.9733333333333334,0.9366666666666666
126,10,2012,5825,1.0,0.97
126,20,2012,5825,1.0,0.9833333333333333
126,50,2012,5825,1.0,1.0
126,1,2013,5846,0.85,0.8366666666666667
126,5,2013,5846,0.97,0.9266666666666666
126,10,2013,5846,0.9933333333333333,0.9633333333333334
126,20,2013,5846,0.9966666666666667,0.9933333333333333
126,50,2013,5846,1.0,1.0
126,1,2013,5867,0.7666666666666667,0.7666666666666667
126,5,2013,5867,0.9533333333333334,0.9166666666666666
126,10,2013,5867,0.99,0.9666666666666667
126,20,2013,5867,0.9933333333333333,0.9833333333333333
126,50,2013,5867,1.0,0.9966666666666667
126,1,2013,5888,0.5733333333333334,0.5633333333333334
126,5,2013,5888,0.8333333333333334,0.79
126,10,2013,5888,0.93,0.8533333333333334
126,20,2013,5888,0.97,0.8766666666666667
126,50,2013,5888,0.9933333333333333,0.9533333333333334
126,1,2013,5909,0.62,0.6133333333333333
126,5,2013,5909,0.88,0.8366666666666667
126,10,2013,5909,0.9433333333333334,0.8833333333333333
126,20,2013,5909,1.0,0.94
126,50,2013,5909,1.0,0.9933333333333333
126,1,2013,5930,0.5433333333333333,0.5433333333333333
126,5,2013,5930,0.7466666666666667,0.6266666666666667
126,10,2013,5930,0.8566666666666667,0.6633333333333333
126,20,2013,5930,0.9133333333333333,0.6466666666666666
126,50,2013,5930,0.9733333333333334,0.67
126,1,2013,5951,0.7433333333333333,0.7433333333333333
126,5,2013,5951,0.8966666666666666,0.75
126,10,2013,5951,0.96,0.7333333333333333
126,20,2013,5951,0.9866666666666667,0.7966666666666666
126,50,2013,5951,1.0,0.8633333333333333
126,1,2013,5972,0.76,0.76
126,5,2013,5972,0.94,0.7966666666666666
126,10,2013,5972,0.94,0.7633333333333333
126,20,2013,5972,0.9833333333333333,0.87
126,50,2013,5972,1.0,0.9433333333333334
126,1,2013,5993,0.66,0.6566666666666666
126,5,2013,5993,0.9133333333333333,0.7666666666666667
126,10,2013,5993,0.96,0.68
126,20,2013,5993,0.9933333333333333,0.79
126,50,2013,5993,1.0,0.8633333333333333
126,1,2013,6014,0.8133333333333334,0.8066666666666666
126,5,2013,6014,0.9833333333333333,0.8133333333333334
126,10,2013,6014,1.0,0.7766666666666666
126,20,2013,6014,1.0,0.8766666666666667
126,50,2013,6014,1.0,0.9533333333333334
126,1,2013,6035,0.7533333333333333,0.7466666666666667
126,5,2013,6035,0.9233333333333333,0.78
126,10,2013,6035,0.96,0.7933333333333333
126,20,2013,6035,0.9866666666666667,0.7266666666666667
126,50,2013,6035,1.0,0.9
126,1,2013,6056,0.7266666666666667,0.7233333333333334
126,5,2013,6056,0.8933333333333333,0.8166666666666667
126,10,2013,6056,0.9633333333333334,0.8733333333333333
126,20,2013,6056,0.9833333333333333,0.9366666666666666
126,50,2013,6056,0.9966666666666667,0.98
126,1,2013,6077,0.7533333333333333,0.7366666666666667
126,5,2013,6077,0.95,0.9133333333333333
126,10,2013,6077,0.98,0.9233333333333333
126,20,2013,6077,1.0,0.98
126,50,2013,6077,1.0,1.0
126,1,2014,6098,0.7666666666666667,0.7533333333333333
126,5,2014,6098,0.9333333333333333,0.89
126,10,2014,6098,0.9733333333333334,0.9133333333333333
126,20,2014,6098,0.9966666666666667,0.9666666666666667
126,50,2014,6098,1.0,0.9966666666666667
126,1,2014,6119,0.7866666666666666,0.78
126,5,2014,6119,0.9633333333333334,0.9166666666666666
126,10,2014,6119,0.9766666666666667,0.8966666666666666
126,20,2014,6119,1.0,0.9366666666666666
126,50,2014,6119,1.0,0.9933333333333333
126,1,2014,6140,0.82,0.8066666666666666
126,5,2014,6140,0.9133333333333333,0.8633333333333333
126,10,2014,6140,0.97,0.8033333333333333
126,20,2014,6140,1.0,0.7966666666666666
126,50,2014,6140,1.0,0.9466666666666667
126,1,2014,6161,0.6233333333333333,0.62
126,5,2014,6161,0.6866666666666666,0.6533333333333333
126,10,2014,6161,0.65,0.6066666666666667
126,20,2014,6161,0.7333333333333333,0.6266666666666667
126,50,2014,6161,0.8033333333333333,0.5866666666666667
126,1,2014,6182,0.79,0.78
126,5,2014,6182,0.8166666666666667,0.7733333333333333
126,10,2014,6182,0.8333333333333334,0.75
126,20,2014,6182,0.9033333333333333,0.81
126,50,2014,6182,0.9866666666666667,0.9066666666666666
126,1,2014,6203,0.6833333333333333,0.6733333333333333
126,5,2014,6203,0.6266666666666667,0.59
126,10,2014,6203,0.68,0.6233333333333333
126,20,2014,6203,0.77,0.6566666666666666
126,50,2014,6203,0.8466666666666667,0.6833333333333333
126,1,2014,6224,0.6333333333333333,0.63
126,5,2014,6224,0.63,0.5933333333333334
126,10,2014,6224,0.6133333333333333,0.5366666666666666
126,20,2014,6224,0.64,0.48
126,50,2014,6224,0.7766666666666666,0.5633333333333334
126,1,2014,6245,0.7733333333333333,0.7633333333333333
126,5,2014,6245,0.83,0.7833333333333333
126,10,2014,6245,0.8833333333333333,0.7533333333333333
126,20,2014,6245,0.9066666666666666,0.77
126,50,2014,6245,0.99,0.93
126,1,2014,6266,0.7266666666666667,0.7233333333333334
126,5,2014,6266,0.8133333333333334,0.7433333333333333
126,10,2014,6266,0.8566666666666667,0.7733333333333333
126,20,2014,6266,0.9233333333333333,0.8133333333333334
126,50,2014,6266,0.9866666666666667,0.92
126,1,2015,6371,0.62,0.59
126,5,2015,6371,0.69,0.57
126,10,2015,6371,0.7233333333333334,0.5066666666666667
126,20,2015,6371,0.81,0.43333333333333335
126,50,2015,6371,0.8933333333333333,0.36333333333333334
126,1,2015,6392,0.5966666666666667,0.5666666666666667
126,5,2015,6392,0.37333333333333335,0.2833333333333333
126,10,2015,6392,0.3933333333333333,0.24333333333333335
126,20,2015,6392,0.31333333333333335,0.12
126,50,2015,6392,0.19,0.023333333333333334
126,1,2015,6413,0.5766666666666667,0.5466666666666666
126,5,2015,6413,0.47333333333333333,0.3933333333333333
126,10,2015,6413,0.46,0.3233333333333333
126,20,2015,6413,0.4533333333333333,0.24333333333333335
126,50,2015,6413,0.3333333333333333,0.08
126,1,2015,6434,0.68,0.66
126,5,2015,6434,0.7033333333333334,0.6033333333333334
126,10,2015,6434,0.7166666666666667,0.5333333333333333
126,20,2015,6434,0.8033333333333333,0.47
126,50,2015,6434,0.91,0.43333333333333335
126,1,2015,6455,0.58,0.5633333333333334
126,5,2015,6455,0.4633333333333333,0.3933333333333333
126,10,2015,6455,0.44,0.3333333333333333
126,20,2015,6455,0.4033333333333333,0.23333333333333334
126,50,2015,6455,0.37,0.13333333333333333
126,1,2015,6476,0.4866666666666667,0.4766666666666667
126,5,2015,6476,0.2966666666666667,0.24666666666666667
126,10,2015,6476,0.2633333333333333,0.19333333333333333
126,20,2015,6476,0.14,0.07333333333333333
126,50,2015,6476,0.06,0.01
126,1,2016,6707,0.67,0.6533333333333333
126,5,2016,6707,0.85,0.7833333333333333
126,10,2016,6707,0.9633333333333334,0.83
126,20,2016,6707,1.0,0.84
126,50,2016,6707,1.0,0.9333333333333333
126,1,2016,6728,0.51,0.5033333333333333
126,5,2016,6728,0.6833333333333333,0.6233333333333333
126,10,2016,6728,0.8066666666666666,0.68
126,20,2016,6728,0.9266666666666666,0.71
126,50,2016,6728,0.9933333333333333,0.71
126,1,2016,6749,0.6,0.58
126,5,2016,6749,0.82,0.77
126,10,2016,6749,0.9033333333333333,0.8233333333333334
126,20,2016,6749,0.98,0.87
126,50,2016,6749,0.9966666666666667,0.9233333333333333
126,1,2016,6770,0.6933333333333334,0.69
126,5,2016,6770,0.9366666666666666,0.8833333333333333
126,10,2016,6770,0.9866666666666667,0.9333333333333333
126,20,2016,6770,1.0,0.9433333333333334
126,50,2016,6770,1.0,0.9766666666666667
126,1,2016,6791,0.84,0.8233333333333334
126,5,2016,6791,0.9833333333333333,0.9366666666666666
126,10,2016,6791,1.0,0.95
126,20,2016,6791,1.0,0.98
126,50,2016,6791,1.0,0.9966666666666667
126,1,2016,6812,0.8933333333333333,0.8833333333333333
126,5,2016,6812,0.99,0.9466666666666667
126,10,2016,6812,0.9966666666666667,0.94
126,20,2016,6812,1.0,0.9866666666666667
126,50,2016,6812,1.0,1.0
126,1,2016,6833,0.8166666666666667,0.8
126,5,2016,6833,0.97,0.88
126,10,2016,6833,0.99,0.7933333333333333
126,20,2016,6833,1.0,0.8866666666666667
126,50,2016,6833,1.0,0.9633333333333334
126,1,2017,6854,0.8566666666666667,0.83
126,5,2017,6854,0.9533333333333334,0.7933333333333333
126,10,2017,6854,0.99,0.6933333333333334
126,20,2017,6854,0.9966666666666667,0.7533333333333333
126,50,2017,6854,1.0,0.83
126,1,2017,6875,0.7766666666666666,0.7433333333333333
126,5,2017,6875,0.86,0.7133333333333334
126,10,2017,6875,0.9233333333333333,0.6733333333333333
126,20,2017,6875,0.9633333333333334,0.63
126,50,2017,6875,1.0,0.6666666666666666
126,1,2017,6896,0.7466666666666667,0.7166666666666667
126,5,2017,6896,0.85,0.69
126,10,2017,6896,0.9266666666666666,0.5433333333333333
126,20,2017,6896,0.9633333333333334,0.59
126,50,2017,6896,1.0,0.55
126,1,2017,6917,0.8066666666666666,0.77
126,5,2017,6917,0.92,0.7066666666666667
126,10,2017,6917,0.9633333333333334,0.5833333333333334
126,20,2017,6917,0.99,0.63
126,50,2017,6917,1.0,0.6366666666666667
126,1,2017,6938,0.7966666666666666,0.76
126,5,2017,6938,0.9033333333333333,0.6
126,10,2017,6938,0.9733333333333334,0.5133333333333333
126,20,2017,6938,0.9933333333333333,0.47333333333333333
126,50,2017,6938,1.0,0.38333333333333336
126,1,2017,6959,0.8233333333333334,0.7833333333333333
126,5,2017,6959,0.91,0.6833333333333333
126,10,2017,6959,0.9433333333333334,0.5066666666666667
126,20,2017,6959,0.9933333333333333,0.52
126,50,2017,6959,1.0,0.4666666666666667
126,1,2017,6980,0.7533333333333333,0.7
126,5,2017,6980,0.8566666666666667,0.5633333333333334
126,10,2017,6980,0.9466666666666667,0.45
126,20,2017,6980,0.9833333333333333,0.42
126,50,2017,6980,1.0,0.2866666666666667
126,1,2017,7001,0.5666666666666667,0.5233333333333333
126,5,2017,7001,0.6633333333333333,0.43333333333333335
126,10,2017,7001,0.7766666666666666,0.33
126,20,2017,7001,0.87,0.21333333333333335
126,50,2017,7001,0.9433333333333334,0.13
126,1,2017,7022,0.69,0.5966666666666667
126,5,2017,7022,0.7266666666666667,0.5133333333333333
126,10,2017,7022,0.8366666666666667,0.36666666666666664
126,20,2017,7022,0.93,0.30333333333333334
126,50,2017,7022,0.9633333333333334,0.19333333333333333
126,1,2017,7043,0.5833333333333334,0.5033333333333333
126,5,2017,7043,0.5833333333333334,0.43
126,10,2017,7043,0.6666666666666666,0.34
126,20,2017,7043,0.6766666666666666,0.23333333333333334
126,50,2017,7043,0.82,0.08
126,1,2017,7064,0.57,0.5566666666666666
126,5,2017,7064,0.72,0.5266666666666666
126,10,2017,7064,0.7833333333333333,0.5166666666666667
126,20,2017,7064,0.8466666666666667,0.36333333333333334
126,50,2017,7064,0.9733333333333334,0.2966666666666667
126,1,2017,7085,0.6233333333333333,0.5766666666666667
126,5,2017,7085,0.6866666666666666,0.5
126,10,2017,7085,0.7466666666666667,0.39
126,20,2017,7085,0.84,0.32
126,50,2017,7085,0.9566666666666667,0.19
126,1,2018,7106,0.6433333333333333,0.61
126,5,2018,7106,0.6233333333333333,0.5
126,10,2018,7106,0.7266666666666667,0.4066666666666667
126,20,2018,7106,0.7333333333333333,0.23666666666666666
126,50,2018,7106,0.8666666666666667,0.15333333333333332
126,1,2018,7127,0.8433333333333334,0.77
126,5,2018,7127,0.8866666666666667,0.6033333333333334
126,10,2018,7127,0.9666666666666667,0.47333333333333333
126,20,2018,7127,0.9933333333333333,0.37666666666666665
126,50,2018,7127,1.0,0.32
126,1,2018,7148,0.7433333333333333,0.7233333333333334
126,5,2018,7148,0.84,0.5633333333333334
126,10,2018,7148,0.9233333333333333,0.43333333333333335
126,20,2018,7148,0.97,0.26
126,50,2018,7148,0.9966666666666667,0.12333333333333334
126,1,2018,7169,0.59,0.5266666666666666
126,5,2018,7169,0.6533333333333333,0.37
126,10,2018,7169,0.7066666666666667,0.26
126,20,2018,7169,0.7133333333333334,0.08
126,50,2018,7169,0.82,0.0033333333333333335
126,1,2018,7190,0.6066666666666667,0.5366666666666666
126,5,2018,7190,0.6133333333333333,0.39666666666666667
126,10,2018,7190,0.6366666666666667,0.26666666666666666
126,20,2018,7190,0.6066666666666667,0.11
126,50,2018,7190,0.73,0.05
126,1,2018,7211,0.43666666666666665,0.4266666666666667
126,5,2018,7211,0.22666666666666666,0.16
126,10,2018,7211,0.19666666666666666,0.08666666666666667
126,20,2018,7211,0.12333333333333334,0.016666666666666666
126,50,2018,7211,0.05333333333333334,0.0033333333333333335
126,1,2018,7232,0.42,0.4066666666666667
126,5,2018,7232,0.15,0.13
126,10,2018,7232,0.1,0.04666666666666667
126,20,2018,7232,0.07666666666666666,0.04
126,50,2018,7232,0.08,0.07666666666666666
126,1,2018,7253,0.5766666666666667,0.5533333333333333
126,5,2018,7253,0.49333333333333335,0.3433333333333333
126,10,2018,7253,0.39666666666666667,0.23666666666666666
126,20,2018,7253,0.3566666666666667,0.11666666666666667
126,50,2018,7253,0.3,0.06666666666666667
126,1,2018,7274,0.5966666666666667,0.5566666666666666
126,5,2018,7274,0.57,0.4266666666666667
126,10,2018,7274,0.5233333333333333,0.31666666666666665
126,20,2018,7274,0.56,0.18
126,50,2018,7274,0.5733333333333334,0.07666666666666666
126,1,2019,7484,0.8433333333333334,0.7966666666666666
126,5,2019,7484,0.9366666666666666,0.6433333333333333
126,10,2019,7484,0.9766666666666667,0.45
126,20,2019,7484,0.9933333333333333,0.39666666666666667
126,50,2019,7484,1.0,0.31
126,1,2019,7526,0.16666666666666666,0.08
126,5,2019,7526,0.006666666666666667,0.0
126,10,2019,7526,0.0,0.0
126,20,2019,7526,0.0,0.0
126,50,2019,7526,0.0,0.0
126,1,2019,7589,0.31,0.2833333333333333
126,5,2019,7589,0.08,0.06666666666666667
126,10,2019,7589,0.056666666666666664,0.03666666666666667
126,20,2019,7589,0.006666666666666667,0.006666666666666667
126,50,2019,7589,0.02666666666666667,0.0033333333333333335
126,1,2020,7610,0.17666666666666667,0.16333333333333333
126,5,2020,7610,0.07333333333333333,0.05333333333333334
126,10,2020,7610,0.02666666666666667,0.013333333333333334
126,20,2020,7610,0.016666666666666666,0.006666666666666667
126,50,2020,7610,0.0033333333333333335,0.0033333333333333335
126,1,2020,7631,0.30666666666666664,0.3
126,5,2020,7631,0.08666666666666667,0.07333333333333333
126,10,2020,7631,0.05333333333333334,0.02666666666666667
126,20,2020,7631,0.02666666666666667,0.02
126,50,2020,7631,0.0033333333333333335,0.0
126,1,2020,7736,0.91,0.8066666666666666
126,5,2020,7736,0.9666666666666667,0.46
126,10,2020,7736,0.9633333333333334,0.31
126,20,2020,7736,0.9966666666666667,0.27
126,50,2020,7736,1.0,0.17
126,1,2020,7757,0.75,0.6666666666666666
126,5,2020,7757,0.95,0.45
126,10,2020,7757,0.97,0.36
126,20,2020,7757,0.9966666666666667,0.22
126,50,2020,7757,1.0,0.13
126,1,2020,7778,0.8,0.75
126,5,2020,7778,0.94,0.55
126,10,2020,7778,0.9766666666666667,0.36
126,20,2020,7778,0.9966666666666667,0.22
126,50,2020,7778,1.0,0.11
126,1,2020,7799,0.87,0.77
126,5,2020,7799,0.97,0.48
126,10,2020,7799,0.9933333333333333,0.19666666666666666
126,20,2020,7799,1.0,0.12333333333333334
126,50,2020,7799,1.0,0.03
126,1,2020,7820,0.83,0.7333333333333333
126,5,2020,7820,0.95,0.41
126,10,2020,7820,0.9466666666666667,0.24
126,20,2020,7820,0.99,0.08
126,50,2020,7820,1.0,0.016666666666666666
126,1,2020,7841,0.8266666666666667,0.74
126,5,2020,7841,0.96,0.45
126,10,2020,7841,0.98,0.17
126,20,2020,7841,0.9966666666666667,0.09666666666666666
126,50,2020,7841,1.0,0.03666666666666667
126,1,2021,7862,0.8666666666666667,0.7566666666666667
126,5,2021,7862,0.9533333333333334,0.42
126,10,2021,7862,0.97,0.2
126,20,2021,7862,0.9933333333333333,0.09666666666666666
126,50,2021,7862,1.0,0.01
126,1,2021,7883,0.8766666666666667,0.7233333333333334
126,5,2021,7883,0.9666666666666667,0.42333333333333334
126,10,2021,7883,0.9566666666666667,0.26666666666666666
126,20,2021,7883,1.0,0.19666666666666666
126,50,2021,7883,1.0,0.05333333333333334
126,1,2021,7904,0.88,0.7766666666666666
126,5,2021,7904,0.9633333333333334,0.36
126,10,2021,7904,0.9333333333333333,0.12666666666666668
126,20,2021,7904,0.9833333333333333,0.04
126,50,2021,7904,1.0,0.02
126,1,2021,7925,0.8133333333333334,0.7166666666666667
126,5,2021,7925,0.8966666666666666,0.3566666666666667
126,10,2021,7925,0.9166666666666666,0.18666666666666668
126,20,2021,7925,0.89,0.04
126,50,2021,7925,0.97,0.006666666666666667
126,1,2021,7946,0.8166666666666667,0.74
126,5,2021,7946,0.9033333333333333,0.5066666666666667
126,10,2021,7946,0.93,0.2
126,20,2021,7946,0.9033333333333333,0.1
126,50,2021,7946,0.9866666666666667,0.006666666666666667
126,1,2021,7967,0.5566666666666666,0.5166666666666667
126,5,2021,7967,0.6766666666666666,0.4033333333333333
126,10,2021,7967,0.7166666666666667,0.24333333333333335
126,20,2021,7967,0.67,0.12333333333333334
126,50,2021,7967,0.8,0.016666666666666666
126,1,2021,7988,0.7066666666666667,0.6533333333333333
126,5,2021,7988,0.8266666666666667,0.47333333333333333
126,10,2021,7988,0.8866666666666667,0.3433333333333333
126,20,2021,7988,0.95,0.21
126,50,2021,7988,0.98,0.09
126,1,2021,8009,0.35333333333333333,0.31666666666666665
126,5,2021,8009,0.2733333333333333,0.16666666666666666
126,10,2021,8009,0.20666666666666667,0.07
126,20,2021,8009,0.13333333333333333,0.013333333333333334
126,50,2021,8009,0.04,0.0
126,1,2021,8030,0.38666666666666666,0.3466666666666667
126,5,2021,8030,0.32,0.24333333333333335
126,10,2021,8030,0.25333333333333335,0.12
126,20,2021,8030,0.17,0.03666666666666667
126,50,2021,8030,0.06333333333333334,0.0
126,1,2021,8072,0.21666666666666667,0.20666666666666667
126,5,2021,8072,0.13333333333333333,0.09666666666666666
126,10,2021,8072,0.04666666666666667,0.02666666666666667
126,20,2021,8072,0.04,0.006666666666666667
126,50,2021,8072,0.0,0.0
126,1,2023,8387,0.73,0.5833333333333334
126,5,2023,8387,0.5733333333333334,0.20333333333333334
126,10,2023,8387,0.5633333333333334,0.06
126,20,2023,8387,0.5666666666666667,0.03
126,50,2023,8387,0.6566666666666666,0.0
126,1,2023,8492,0.7566666666666667,0.67
126,5,2023,8492,0.7,0.2833333333333333
126,10,2023,8492,0.68,0.10666666666666667
126,20,2023,8492,0.6833333333333333,0.013333333333333334
126,50,2023,8492,0.72,0.0
126,1,2024,8639,0.8066666666666666,0.77
126,5,2024,8639,0.8866666666666667,0.5766666666666667
126,10,2024,8639,0.8433333333333334,0.30333333333333334
126,20,2024,8639,0.9066666666666666,0.2733333333333333
126,50,2024,8639,0.9733333333333334,0.13666666666666666
126,1,2024,8660,0.8566666666666667,0.7966666666666666
126,5,2024,8660,0.9166666666666666,0.7033333333333334
126,10,2024,8660,0.94,0.5066666666666667
126,20,2024,8660,0.9566666666666667,0.4866666666666667
126,50,2024,8660,0.9933333333333333,0.47
126,1,2024,8702,0.8666666666666667,0.8333333333333334
126,5,2024,8702,0.95,0.73
126,10,2024,8702,0.9666666666666667,0.6433333333333333
126,20,2024,8702,1.0,0.6433333333333333
126,50,2024,8702,1.0,0.72
126,1,2024,8744,0.7366666666666667,0.6966666666666667
126,5,2024,8744,0.8633333333333333,0.6966666666666667
126,10,2024,8744,0.9166666666666666,0.6033333333333334
126,20,2024,8744,0.9666666666666667,0.45666666666666667
126,50,2024,8744,0.99,0.4066666666666667
126,1,2024,8807,0.36,0.3466666666666667
126,5,2024,8807,0.20666666666666667,0.13333333333333333
126,10,2024,8807,0.11333333333333333,0.06333333333333334
126,20,2024,8807,0.04,0.013333333333333334
126,50,2024,8807,0.013333333333333334,0.0
126,1,2024,8828,0.55,0.52
126,5,2024,8828,0.48,0.38
126,10,2024,8828,0.45666666666666667,0.34
126,20,2024,8828,0.45666666666666667,0.21666666666666667
126,50,2024,8828,0.37,0.04666666666666667
126,1,2024,8849,0.57,0.5533333333333333
126,5,2024,8849,0.47,0.41
126,10,2024,8849,0.5433333333333333,0.41
126,20,2024,8849,0.5833333333333334,0.35
126,50,2024,8849,0.5466666666666666,0.16333333333333333
126,1,2025,8870,0.7866666666666666,0.72
126,5,2025,8870,0.88,0.7266666666666667
126,10,2025,8870,0.8966666666666666,0.56
126,20,2025,8870,0.94,0.41333333333333333
126,50,2025,8870,0.9933333333333333,0.3933333333333333
126,1,2025,8891,0.7166666666666667,0.67
126,5,2025,8891,0.8033333333333333,0.6266666666666667
126,10,2025,8891,0.8366666666666667,0.5533333333333333
126,20,2025,8891,0.8833333333333333,0.48333333333333334
126,50,2025,8891,0.9866666666666667,0.39666666666666667
126,1,2025,8996,0.81,0.7733333333333333
126,5,2025,8996,0.8766666666666667,0.7033333333333334
126,10,2025,8996,0.9533333333333334,0.6066666666666667
126,20,2025,8996,0.9966666666666667,0.5066666666666667
126,50,2025,8996,1.0,0.6466666666666666
126,1,2025,9017,0.8366666666666667,0.8066666666666666
126,5,2025,9017,0.89,0.7033333333333334
126,10,2025,9017,0.9566666666666667,0.64
126,20,2025,9017,0.98,0.6333333333333333
126,50,2025,9017,1.0,0.67
126,1,2025,9038,0.6366666666666667,0.6
126,5,2025,9038,0.6933333333333334,0.56
126,10,2025,9038,0.6833333333333333,0.4766666666666667
126,20,2025,9038,0.8033333333333333,0.43666666666666665
126,50,2025,9038,0.9,0.34
126,1,2025,9059,0.7433333333333333,0.72
126,5,2025,9059,0.8766666666666667,0.7266666666666667
126,10,2025,9059,0.93,0.5866666666666667
126,20,2025,9059,0.9666666666666667,0.6333333333333333
126,50,2025,9059,0.9966666666666667,0.6066666666666667
126,1,2025,9101,0.75,0.7033333333333334
126,5,2025,9101,0.91,0.6533333333333333
126,10,2025,9101,0.9366666666666666,0.48333333333333334
126,20,2025,9101,0.9833333333333333,0.3466666666666667
126,50,2025,9101,1.0,0.25666666666666665
252,1,1991,302,0.89,0.89
252,5,1991,302,0.9933333333333333,0.9933333333333333
252,10,1991,302,1.0,1.0
252,20,1991,302,1.0,1.0
252,50,1991,302,1.0,1.0
252,1,1991,323,0.8066666666666666,0.8066666666666666
252,5,1991,323,0.98,0.98
252,10,1991,323,1.0,1.0
252,20,1991,323,1.0,1.0
252,50,1991,323,1.0,1.0
252,1,1991,344,0.93,0.93
252,5,1991,344,1.0,1.0
252,10,1991,344,1.0,1.0
252,20,1991,344,1.0,1.0
252,50,1991,344,1.0,1.0
252,1,1991,365,0.8566666666666667,0.8566666666666667
252,5,1991,365,0.9866666666666667,0.9866666666666667
252,10,1991,365,1.0,1.0
252,20,1991,365,1.0,1.0
252,50,1991,365,1.0,1.0
252,1,1991,386,0.9633333333333334,0.9633333333333334
252,5,1991,386,0.9966666666666667,0.9966666666666667
252,10,1991,386,1.0,1.0
252,20,1991,386,1.0,1.0
252,50,1991,386,1.0,1.0
252,1,1991,407,0.8633333333333333,0.8633333333333333
252,5,1991,407,0.98,0.98
252,10,1991,407,1.0,1.0
252,20,1991,407,1.0,1.0
252,50,1991,407,1.0,1.0
252,1,1991,428,0.88,0.88
252,5,1991,428,0.98,0.98
252,10,1991,428,0.9966666666666667,0.9966666666666667
252,20,1991,428,1.0,1.0
252,50,1991,428,1.0,1.0
252,1,1991,449,0.8166666666666667,0.8166666666666667
252,5,1991,449,0.97,0.97
252,10,1991,449,0.9866666666666667,0.9866666666666667
252,20,1991,449,1.0,1.0
252,50,1991,449,1.0,1.0
252,1,1991,470,0.7966666666666666,0.7966666666666666
252,5,1991,470,0.9233333333333333,0.9233333333333333
252,10,1991,470,0.9733333333333334,0.9733333333333334
252,20,1991,470,0.99,0.99
252,50,1991,470,1.0,1.0
252,1,1991,491,0.8266666666666667,0.8266666666666667
252,5,1991,491,0.9833333333333333,0.9833333333333333
252,10,1991,491,0.9933333333333333,0.9933333333333333
252,20,1991,491,1.0,1.0
252,50,1991,491,1.0,1.0
252,1,1992,512,0.8433333333333334,0.8433333333333334
252,5,1992,512,0.93,0.93
252,10,1992,512,0.9766666666666667,0.9766666666666667
252,20,1992,512,1.0,1.0
252,50,1992,512,1.0,1.0
252,1,1992,533,0.8666666666666667,0.8666666666666667
252,5,1992,533,0.98,0.98
252,10,1992,533,0.9966666666666667,0.9966666666666667
252,20,1992,533,1.0,1.0
252,50,1992,533,1.0,1.0
252,1,1992,554,0.8366666666666667,0.8366666666666667
252,5,1992,554,0.9966666666666667,0.9966666666666667
252,10,1992,554,1.0,1.0
252,20,1992,554,1.0,1.0
252,50,1992,554,1.0,1.0
252,1,1992,575,0.9266666666666666,0.9266666666666666
252,5,1992,575,0.9733333333333334,0.9733333333333334
252,10,1992,575,1.0,1.0
252,20,1992,575,1.0,1.0
252,50,1992,575,1.0,1.0
252,1,1992,596,0.84,0.84
252,5,1992,596,0.97,0.97
252,10,1992,596,0.9866666666666667,0.9866666666666667
252,20,1992,596,1.0,1.0
252,50,1992,596,1.0,1.0
252,1,1992,617,0.8733333333333333,0.8733333333333333
252,5,1992,617,0.9666666666666667,0.9666666666666667
252,10,1992,617,0.9933333333333333,0.9933333333333333
252,20,1992,617,1.0,1.0
252,50,1992,617,1.0,1.0
252,1,1992,638,0.8633333333333333,0.8633333333333333
252,5,1992,638,0.9666666666666667,0.9666666666666667
252,10,1992,638,0.9933333333333333,0.9933333333333333
252,20,1992,638,1.0,1.0
252,50,1992,638,1.0,1.0
252,1,1992,659,0.8066666666666666,0.8066666666666666
252,5,1992,659,0.9766666666666667,0.9766666666666667
252,10,1992,659,0.9966666666666667,0.9966666666666667
252,20,1992,659,1.0,1.0
252,50,1992,659,1.0,1.0
252,1,1992,680,0.8633333333333333,0.8633333333333333
252,5,1992,680,0.9933333333333333,0.9933333333333333
252,10,1992,680,1.0,1.0
252,20,1992,680,1.0,1.0
252,50,1992,680,1.0,1.0
252,1,1992,722,0.8166666666666667,0.8166666666666667
252,5,1992,722,0.95,0.95
252,10,1992,722,0.9833333333333333,0.9833333333333333
252,20,1992,722,1.0,1.0
252,50,1992,722,1.0,1.0
252,1,1992,743,0.7733333333333333,0.7733333333333333
252,5,1992,743,0.94,0.94
252,10,1992,743,0.98,0.98
252,20,1992,743,0.9966666666666667,0.9966666666666667
252,50,1992,743,1.0,1.0
252,1,1993,764,0.7533333333333333,0.7533333333333333
252,5,1993,764,0.9233333333333333,0.9233333333333333
252,10,1993,764,0.9666666666666667,0.9666666666666667
252,20,1993,764,1.0,1.0
252,50,1993,764,1.0,1.0
252,1,1993,785,0.6566666666666666,0.6566666666666666
252,5,1993,785,0.8433333333333334,0.8433333333333334
252,10,1993,785,0.9,0.9
252,20,1993,785,0.96,0.96
252,50,1993,785,0.9966666666666667,0.9966666666666667
252,1,1993,806,0.5366666666666666,0.5366666666666666
252,5,1993,806,0.73,0.73
252,10,1993,806,0.86,0.86
252,20,1993,806,0.9466666666666667,0.9466666666666667
252,50,1993,806,1.0,1.0
252,1,1993,827,0.45,0.45
252,5,1993,827,0.6033333333333334,0.6033333333333334
252,10,1993,827,0.6666666666666666,0.6666666666666666
252,20,1993,827,0.6866666666666666,0.6866666666666666
252,50,1993,827,0.82,0.82
252,1,1993,848,0.43,0.43
252,5,1993,848,0.49666666666666665,0.49666666666666665
252,10,1993,848,0.49,0.49
252,20,1993,848,0.5133333333333333,0.5133333333333333
252,50,1993,848,0.5133333333333333,0.5133333333333333
252,1,1993,869,0.5833333333333334,0.5833333333333334
252,5,1993,869,0.7733333333333333,0.7733333333333333
252,10,1993,869,0.8666666666666667,0.8666666666666667
252,20,1993,869,0.9366666666666666,0.9366666666666666
252,50,1993,869,0.9933333333333333,0.9933333333333333
252,1,1993,890,0.45666666666666667,0.45666666666666667
252,5,1993,890,0.5833333333333334,0.5833333333333334
252,10,1993,890,0.5466666666666666,0.5466666666666666
252,20,1993,890,0.53,0.53
252,50,1993,890,0.6466666666666666,0.6466666666666666
252,1,1993,911,0.49,0.49
252,5,1993,911,0.5866666666666667,0.5866666666666667
252,10,1993,911,0.6,0.6
252,20,1993,911,0.6866666666666666,0.6866666666666666
252,50,1993,911,0.8,0.8
252,1,1993,932,0.41333333333333333,0.41333333333333333
252,5,1993,932,0.45666666666666667,0.45666666666666667
252,10,1993,932,0.4,0.4
252,20,1993,932,0.37333333333333335,0.37333333333333335
252,50,1993,932,0.3466666666666667,0.3466666666666667
252,1,1993,953,0.31666666666666665,0.31666666666666665
252,5,1993,953,0.22333333333333333,0.22333333333333333
252,10,1993,953,0.21666666666666667,0.21666666666666667
252,20,1993,953,0.07333333333333333,0.07333333333333333
252,50,1993,953,0.02666666666666667,0.02666666666666667
252,1,1993,974,0.4033333333333333,0.4033333333333333
252,5,1993,974,0.4633333333333333,0.4633333333333333
252,10,1993,974,0.44666666666666666,0.44666666666666666
252,20,1993,974,0.4633333333333333,0.4633333333333333
252,50,1993,974,0.42,0.42
252,1,1993,995,0.3933333333333333,0.3933333333333333
252,5,1993,995,0.26,0.26
252,10,1993,995,0.15333333333333332,0.15333333333333332
252,20,1993,995,0.08666666666666667,0.08666666666666667
252,50,1993,995,0.013333333333333334,0.013333333333333334
252,1,1994,1016,0.46,0.46
252,5,1994,1016,0.39,0.39
252,10,1994,1016,0.38666666666666666,0.38666666666666666
252,20,1994,1016,0.30333333333333334,0.30333333333333334
252,50,1994,1016,0.3,0.3
252,1,1994,1037,0.43666666666666665,0.43666666666666665
252,5,1994,1037,0.4166666666666667,0.4166666666666667
252,10,1994,1037,0.4633333333333333,0.4633333333333333
252,20,1994,1037,0.43,0.43
252,50,1994,1037,0.29,0.29
252,1,1994,1058,0.5233333333333333,0.5233333333333333
252,5,1994,1058,0.65,0.65
252,10,1994,1058,0.7766666666666666,0.7766666666666666
252,20,1994,1058,0.8266666666666667,0.8266666666666667
252,50,1994,1058,0.9533333333333334,0.9533333333333334
252,1,1994,1079,0.5466666666666666,0.5466666666666666
252,5,1994,1079,0.74,0.74
252,10,1994,1079,0.7633333333333333,0.7633333333333333
252,20,1994,1079,0.8633333333333333,0.8633333333333333
252,50,1994,1079,0.9566666666666667,0.9566666666666667
252,1,1994,1184,0.91,0.91
252,5,1994,1184,1.0,1.0
252,10,1994,1184,1.0,1.0
252,20,1994,1184,1.0,1.0
252,50,1994,1184,1.0,1.0
252,1,1994,1226,0.8266666666666667,0.8266666666666667
252,5,1994,1226,0.97,0.97
252,10,1994,1226,1.0,1.0
252,20,1994,1226,1.0,1.0
252,50,1994,1226,1.0,1.0
252,1,1995,1289,0.9166666666666666,0.9166666666666666
252,5,1995,1289,0.9866666666666667,0.9866666666666667
252,10,1995,1289,1.0,1.0
252,20,1995,1289,1.0,1.0
252,50,1995,1289,1.0,1.0
252,1,1995,1310,0.9666666666666667,0.9666666666666667
252,5,1995,1310,1.0,1.0
252,10,1995,1310,1.0,1.0
252,20,1995,1310,1.0,1.0
252,50,1995,1310,1.0,1.0
252,1,1995,1331,0.9433333333333334,0.9433333333333334
252,5,1995,1331,0.99,0.99
252,10,1995,1331,1.0,1.0
252,20,1995,1331,1.0,1.0
252,50,1995,1331,1.0,1.0
252,1,1995,1352,0.8933333333333333,0.8933333333333333
252,5,1995,1352,0.99,0.99
252,10,1995,1352,1.0,1.0
252,20,1995,1352,1.0,1.0
252,50,1995,1352,1.0,1.0
252,1,1995,1373,0.8966666666666666,0.8966666666666666
252,5,1995,1373,0.9933333333333333,0.9933333333333333
252,10,1995,1373,1.0,1.0
252,20,1995,1373,1.0,1.0
252,50,1995,1373,1.0,1.0
252,1,1995,1394,0.8133333333333334,0.8133333333333334
252,5,1995,1394,0.9833333333333333,0.9833333333333333
252,10,1995,1394,1.0,1.0
252,20,1995,1394,1.0,1.0
252,50,1995,1394,1.0,1.0
252,1,1995,1436,0.78,0.78
252,5,1995,1436,0.9066666666666666,0.9066666666666666
252,10,1995,1436,0.9633333333333334,0.9633333333333334
252,20,1995,1436,0.99,0.99
252,50,1995,1436,1.0,1.0
252,1,1995,1478,0.83,0.83
252,5,1995,1478,0.9466666666666667,0.9466666666666667
252,10,1995,1478,0.9966666666666667,0.9966666666666667
252,20,1995,1478,1.0,1.0
252,50,1995,1478,1.0,1.0
252,1,1995,1499,0.8166666666666667,0.8166666666666667
252,5,1995,1499,0.9766666666666667,0.9766666666666667
252,10,1995,1499,0.9966666666666667,0.9966666666666667
252,20,1995,1499,1.0,1.0
252,50,1995,1499,1.0,1.0
252,1,1996,1520,0.8233333333333334,0.8233333333333334
252,5,1996,1520,0.96,0.96
252,10,1996,1520,0.9966666666666667,0.9966666666666667
252,20,1996,1520,1.0,1.0
252,50,1996,1520,1.0,1.0
252,1,1996,1541,0.8433333333333334,0.8433333333333334
252,5,1996,1541,0.9766666666666667,0.9766666666666667
252,10,1996,1541,1.0,1.0
252,20,1996,1541,1.0,1.0
252,50,1996,1541,1.0,1.0
252,1,1996,1562,0.8366666666666667,0.8366666666666667
252,5,1996,1562,0.9766666666666667,0.9766666666666667
252,10,1996,1562,1.0,1.0
252,20,1996,1562,1.0,1.0
252,50,1996,1562,1.0,1.0
252,1,1996,1583,0.8,0.8
252,5,1996,1583,0.9933333333333333,0.9933333333333333
252,10,1996,1583,1.0,1.0
252,20,1996,1583,1.0,1.0
252,50,1996,1583,1.0,1.0
252,1,1996,1604,0.8533333333333334,0.8533333333333334
252,5,1996,1604,0.9766666666666667,0.9766666666666667
252,10,1996,1604,0.9966666666666667,0.9966666666666667
252,20,1996,1604,1.0,1.0
252,50,1996,1604,1.0,1.0
252,1,1996,1625,0.8833333333333333,0.8833333333333333
252,5,1996,1625,0.9566666666666667,0.9566666666666667
252,10,1996,1625,0.9866666666666667,0.9866666666666667
252,20,1996,1625,1.0,1.0
252,50,1996,1625,1.0,1.0
252,1,1996,1646,0.88,0.88
252,5,1996,1646,0.9933333333333333,0.9933333333333333
252,10,1996,1646,1.0,1.0
252,20,1996,1646,1.0,1.0
252,50,1996,1646,1.0,1.0
252,1,1996,1730,0.9766666666666667,0.9766666666666667
252,5,1996,1730,1.0,1.0
252,10,1996,1730,1.0,1.0
252,20,1996,1730,1.0,1.0
252,50,1996,1730,1.0,1.0
252,1,1996,1772,0.9466666666666667,0.9466666666666667
252,5,1996,1772,1.0,1.0
252,10,1996,1772,1.0,1.0
252,20,1996,1772,1.0,1.0
252,50,1996,1772,1.0,1.0
252,1,1996,1793,0.9266666666666666,0.9266666666666666
252,5,1996,1793,1.0,1.0
252,10,1996,1793,1.0,1.0
252,20,1996,1793,1.0,1.0
252,50,1996,1793,1.0,1.0
252,1,1997,1814,0.9266666666666666,0.9266666666666666
252,5,1997,1814,0.9966666666666667,0.9966666666666667
252,10,1997,1814,1.0,1.0
252,20,1997,1814,1.0,1.0
252,50,1997,1814,1.0,1.0
252,1,1997,1835,0.92,0.92
252,5,1997,1835,0.9966666666666667,0.9966666666666667
252,10,1997,1835,1.0,1.0
252,20,1997,1835,1.0,1.0
252,50,1997,1835,1.0,1.0
252,1,1997,1856,0.9233333333333333,0.9233333333333333
252,5,1997,1856,1.0,1.0
252,10,1997,1856,1.0,1.0
252,20,1997,1856,1.0,1.0
252,50,1997,1856,1.0,1.0
252,1,1997,1877,0.9133333333333333,0.9133333333333333
252,5,1997,1877,1.0,1.0
252,10,1997,1877,1.0,1.0
252,20,1997,1877,1.0,1.0
252,50,1997,1877,1.0,1.0
252,1,1997,1898,0.8866666666666667,0.8866666666666667
252,5,1997,1898,0.9933333333333333,0.9933333333333333
252,10,1997,1898,1.0,1.0
252,20,1997,1898,1.0,1.0
252,50,1997,1898,1.0,1.0
252,1,1997,1919,0.91,0.91
252,5,1997,1919,0.99,0.99
252,10,1997,1919,0.9966666666666667,0.9966666666666667
252,20,1997,1919,1.0,1.0
252,50,1997,1919,1.0,1.0
252,1,1997,1940,0.8133333333333334,0.8133333333333334
252,5,1997,1940,0.9633333333333334,0.9633333333333334
252,10,1997,1940,1.0,1.0
252,20,1997,1940,1.0,1.0
252,50,1997,1940,1.0,1.0
252,1,1997,1961,0.59,0.59
252,5,1997,1961,0.7233333333333334,0.7233333333333334
252,10,1997,1961,0.79,0.79
252,20,1997,1961,0.87,0.87
252,50,1997,1961,0.9566666666666667,0.9566666666666667
252,1,1997,1982,0.43333333333333335,0.43333333333333335
252,5,1997,1982,0.4866666666666667,0.4866666666666667
252,10,1997,1982,0.5066666666666667,0.5066666666666667
252,20,1997,1982,0.5766666666666667,0.5766666666666667
252,50,1997,1982,0.58,0.58
252,1,1997,2003,0.4,0.4
252,5,1997,2003,0.41,0.41
252,10,1997,2003,0.4,0.4
252,20,1997,2003,0.36,0.36
252,50,1997,2003,0.3566666666666667,0.3566666666666667
252,1,1997,2024,0.5733333333333334,0.5733333333333334
252,5,1997,2024,0.7133333333333334,0.7133333333333334
252,10,1997,2024,0.8166666666666667,0.8166666666666667
252,20,1997,2024,0.9233333333333333,0.9233333333333333
252,50,1997,2024,0.99,0.99
252,1,1997,2045,0.5066666666666667,0.5066666666666667
252,5,1997,2045,0.6166666666666667,0.6166666666666667
252,10,1997,2045,0.74,0.74
252,20,1997,2045,0.7866666666666666,0.7866666666666666
252,50,1997,2045,0.8866666666666667,0.8866666666666667
252,1,1998,2066,0.49333333333333335,0.49333333333333335
252,5,1998,2066,0.38666666666666666,0.38666666666666666
252,10,1998,2066,0.4,0.4
252,20,1998,2066,0.3933333333333333,0.3933333333333333
252,50,1998,2066,0.3933333333333333,0.3933333333333333
252,1,1998,2087,0.41,0.41
252,5,1998,2087,0.31,0.31
252,10,1998,2087,0.30666666666666664,0.30666666666666664
252,20,1998,2087,0.25333333333333335,0.25333333333333335
252,50,1998,2087,0.19666666666666666,0.19666666666666666
252,1,1998,2108,0.38666666666666666,0.38666666666666666
252,5,1998,2108,0.27666666666666667,0.27666666666666667
252,10,1998,2108,0.20333333333333334,0.20333333333333334
252,20,1998,2108,0.12333333333333334,0.12333333333333334
252,50,1998,2108,0.02666666666666667,0.02666666666666667
252,1,1998,2129,0.17666666666666667,0.17666666666666667
252,5,1998,2129,0.056666666666666664,0.056666666666666664
252,10,1998,2129,0.0033333333333333335,0.0033333333333333335
252,20,1998,2129,0.0,0.0
252,50,1998,2129,0.0,0.0
252,1,1998,2150,0.36333333333333334,0.36333333333333334
252,5,1998,2150,0.22333333333333333,0.22333333333333333
252,10,1998,2150,0.15333333333333332,0.15333333333333332
252,20,1998,2150,0.06666666666666667,0.06666666666666667
252,50,1998,2150,0.013333333333333334,0.013333333333333334
252,1,1998,2171,0.4866666666666667,0.4866666666666667
252,5,1998,2171,0.2733333333333333,0.2733333333333333
252,10,1998,2171,0.18,0.18
252,20,1998,2171,0.13666666666666666,0.13666666666666666
252,50,1998,2171,0.05333333333333334,0.05333333333333334
252,1,1998,2192,0.28,0.28
252,5,1998,2192,0.12666666666666668,0.12666666666666668
252,10,1998,2192,0.07333333333333333,0.07333333333333333
252,20,1998,2192,0.03666666666666667,0.03666666666666667
252,50,1998,2192,0.0,0.0
252,1,1999,2444,0.4166666666666667,0.4166666666666667
252,5,1999,2444,0.29333333333333333,0.29333333333333333
252,10,1999,2444,0.21333333333333335,0.21333333333333335
252,20,1999,2444,0.11666666666666667,0.11666666666666667
252,50,1999,2444,0.03666666666666667,0.03666666666666667
252,1,1999,2465,0.3933333333333333,0.3933333333333333
252,5,1999,2465,0.5333333333333333,0.5333333333333333
252,10,1999,2465,0.4866666666666667,0.4866666666666667
252,20,1999,2465,0.5566666666666666,0.5566666666666666
252,50,1999,2465,0.6,0.6
252,1,1999,2486,0.57,0.57
252,5,1999,2486,0.75,0.75
252,10,1999,2486,0.82,0.82
252,20,1999,2486,0.88,0.88
252,50,1999,2486,0.9833333333333333,0.9833333333333333
252,1,1999,2507,0.6366666666666667,0.6366666666666667
252,5,1999,2507,0.7933333333333333,0.7933333333333333
252,10,1999,2507,0.88,0.88
252,20,1999,2507,0.9533333333333334,0.9533333333333334
252,50,1999,2507,0.9933333333333333,0.9933333333333333
252,1,2000,2717,0.8566666666666667,0.8566666666666667
252,5,2000,2717,0.99,0.99
252,10,2000,2717,1.0,1.0
252,20,2000,2717,1.0,1.0
252,50,2000,2717,1.0,1.0
252,1,2000,2738,0.8533333333333334,0.8533333333333334
252,5,2000,2738,0.9966666666666667,0.9966666666666667
252,10,2000,2738,1.0,1.0
252,20,2000,2738,1.0,1.0
252,50,2000,2738,1.0,1.0
252,1,2000,2759,0.84,0.84
252,5,2000,2759,0.9433333333333334,0.9433333333333334
252,10,2000,2759,0.9966666666666667,0.9966666666666667
252,20,2000,2759,1.0,1.0
252,50,2000,2759,1.0,1.0
252,1,2001,2843,0.85,0.85
252,5,2001,2843,1.0,1.0
252,10,2001,2843,1.0,1.0
252,20,2001,2843,1.0,1.0
252,50,2001,2843,1.0,1.0
252,1,2001,2906,0.8966666666666666,0.8966666666666666
252,5,2001,2906,1.0,1.0
252,10,2001,2906,1.0,1.0
252,20,2001,2906,1.0,1.0
252,50,2001,2906,1.0,1.0
252,1,2001,2927,0.92,0.92
252,5,2001,2927,0.9966666666666667,0.9966666666666667
252,10,2001,2927,1.0,1.0
252,20,2001,2927,1.0,1.0
252,50,2001,2927,1.0,1.0
252,1,2001,2948,0.8233333333333334,0.8233333333333334
252,5,2001,2948,0.95,0.95
252,10,2001,2948,0.9933333333333333,0.9933333333333333
252,20,2001,2948,0.9966666666666667,0.9966666666666667
252,50,2001,2948,1.0,1.0
252,1,2001,2969,0.77,0.77
252,5,2001,2969,0.9366666666666666,0.9366666666666666
252,10,2001,2969,0.9733333333333334,0.9733333333333334
252,20,2001,2969,0.9966666666666667,0.9966666666666667
252,50,2001,2969,1.0,1.0
252,1,2001,2990,0.76,0.76
252,5,2001,2990,0.9433333333333334,0.9433333333333334
252,10,2001,2990,0.94,0.94
252,20,2001,2990,0.9933333333333333,0.9933333333333333
252,50,2001,2990,1.0,1.0
252,1,2001,3053,0.82,0.82
252,5,2001,3053,0.9233333333333333,0.9233333333333333
252,10,2001,3053,0.9766666666666667,0.9766666666666667
252,20,2001,3053,0.9833333333333333,0.9833333333333333
252,50,2001,3053,1.0,1.0
252,1,2002,3074,0.7933333333333333,0.7933333333333333
252,5,2002,3074,0.9766666666666667,0.9766666666666667
252,10,2002,3074,1.0,1.0
252,20,2002,3074,0.9966666666666667,0.9966666666666667
252,50,2002,3074,1.0,1.0
252,1,2002,3095,0.7033333333333334,0.7033333333333334
252,5,2002,3095,0.8133333333333334,0.8133333333333334
252,10,2002,3095,0.9133333333333333,0.9133333333333333
252,20,2002,3095,0.9533333333333334,0.9533333333333334
252,50,2002,3095,1.0,1.0
252,1,2002,3116,0.5733333333333334,0.5733333333333334
252,5,2002,3116,0.6966666666666667,0.6966666666666667
252,10,2002,3116,0.7433333333333333,0.7433333333333333
252,20,2002,3116,0.8266666666666667,0.8266666666666667
252,50,2002,3116,0.96,0.96
252,1,2002,3137,0.5433333333333333,0.5433333333333333
252,5,2002,3137,0.6033333333333334,0.6033333333333334
252,10,2002,3137,0.6266666666666667,0.6266666666666667
252,20,2002,3137,0.6733333333333333,0.6733333333333333
252,50,2002,3137,0.8033333333333333,0.8033333333333333
252,1,2002,3158,0.6133333333333333,0.6133333333333333
252,5,2002,3158,0.7133333333333334,0.7133333333333334
252,10,2002,3158,0.8033333333333333,0.8033333333333333
252,20,2002,3158,0.8933333333333333,0.8933333333333333
252,50,2002,3158,0.9633333333333334,0.9633333333333334
252,1,2002,3179,0.68,0.68
252,5,2002,3179,0.8666666666666667,0.8666666666666667
252,10,2002,3179,0.94,0.94
252,20,2002,3179,0.98,0.98
252,50,2002,3179,1.0,1.0
252,1,2003,3389,0.9733333333333334,0.9733333333333334
252,5,2003,3389,1.0,1.0
252,10,2003,3389,1.0,1.0
252,20,2003,3389,1.0,1.0
252,50,2003,3389,1.0,1.0
252,1,2003,3410,0.9233333333333333,0.9233333333333333
252,5,2003,3410,1.0,1.0
252,10,2003,3410,1.0,1.0
252,20,2003,3410,1.0,1.0
252,50,2003,3410,1.0,1.0
252,1,2003,3431,0.8266666666666667,0.8266666666666667
252,5,2003,3431,1.0,1.0
252,10,2003,3431,1.0,1.0
252,20,2003,3431,1.0,1.0
252,50,2003,3431,1.0,1.0
252,1,2003,3452,0.9433333333333334,0.9433333333333334
252,5,2003,3452,1.0,1.0
252,10,2003,3452,1.0,1.0
252,20,2003,3452,1.0,1.0
252,50,2003,3452,1.0,1.0
252,1,2003,3473,0.9366666666666666,0.9366666666666666
252,5,2003,3473,1.0,1.0
252,10,2003,3473,1.0,1.0
252,20,2003,3473,1.0,1.0
252,50,2003,3473,1.0,1.0
252,1,2003,3494,0.92,0.92
252,5,2003,3494,0.9933333333333333,0.9933333333333333
252,10,2003,3494,1.0,1.0
252,20,2003,3494,1.0,1.0
252,50,2003,3494,1.0,1.0
252,1,2003,3515,0.8866666666666667,0.8866666666666667
252,5,2003,3515,1.0,1.0
252,10,2003,3515,1.0,1.0
252,20,2003,3515,1.0,1.0
252,50,2003,3515,1.0,1.0
252,1,2003,3536,0.8966666666666666,0.8966666666666666
252,5,2003,3536,0.9933333333333333,0.9933333333333333
252,10,2003,3536,1.0,1.0
252,20,2003,3536,1.0,1.0
252,50,2003,3536,1.0,1.0
252,1,2003,3557,0.9166666666666666,0.9166666666666666
252,5,2003,3557,0.98,0.98
252,10,2003,3557,0.9966666666666667,0.9966666666666667
252,20,2003,3557,1.0,1.0
252,50,2003,3557,1.0,1.0
252,1,2004,3578,0.9033333333333333,0.9033333333333333
252,5,2004,3578,0.99,0.99
252,10,2004,3578,0.9966666666666667,0.9966666666666667
252,20,2004,3578,1.0,1.0
252,50,2004,3578,1.0,1.0
252,1,2004,3599,0.8033333333333333,0.8033333333333333
252,5,2004,3599,0.9866666666666667,0.9866666666666667
252,10,2004,3599,0.9966666666666667,0.9966666666666667
252,20,2004,3599,1.0,1.0
252,50,2004,3599,1.0,1.0
252,1,2004,3620,0.8133333333333334,0.8133333333333334
252,5,2004,3620,0.97,0.97
252,10,2004,3620,1.0,1.0
252,20,2004,3620,1.0,1.0
252,50,2004,3620,1.0,1.0
252,1,2004,3641,0.7633333333333333,0.7633333333333333
252,5,2004,3641,0.9066666666666666,0.9066666666666666
252,10,2004,3641,0.97,0.97
252,20,2004,3641,0.9966666666666667,0.9966666666666667
252,50,2004,3641,1.0,1.0
252,1,2004,3662,0.6966666666666667,0.6966666666666667
252,5,2004,3662,0.8966666666666666,0.8966666666666666
252,10,2004,3662,0.9666666666666667,0.9666666666666667
252,20,2004,3662,0.9933333333333333,0.9933333333333333
252,50,2004,3662,1.0,1.0
252,1,2004,3683,0.7766666666666666,0.7766666666666666
252,5,2004,3683,0.92,0.92
252,10,2004,3683,0.9733333333333334,0.9733333333333334
252,20,2004,3683,0.9933333333333333,0.9933333333333333
252,50,2004,3683,1.0,1.0
252,1,2004,3704,0.8066666666666666,0.8066666666666666
252,5,2004,3704,0.96,0.96
252,10,2004,3704,0.9933333333333333,0.9933333333333333
252,20,2004,3704,1.0,1.0
252,50,2004,3704,1.0,1.0
252,1,2004,3767,0.7266666666666667,0.7266666666666667
252,5,2004,3767,0.9266666666666666,0.9266666666666666
252,10,2004,3767,0.9833333333333333,0.9833333333333333
252,20,2004,3767,1.0,1.0
252,50,2004,3767,1.0,1.0
252,1,2004,3788,0.79,0.79
252,5,2004,3788,0.9033333333333333,0.9033333333333333
252,10,2004,3788,0.9466666666666667,0.9466666666666667
252,20,2004,3788,0.9833333333333333,0.9833333333333333
252,50,2004,3788,1.0,1.0
252,1,2004,3809,0.6966666666666667,0.6966666666666667
252,5,2004,3809,0.88,0.88
252,10,2004,3809,0.95,0.95
252,20,2004,3809,0.9933333333333333,0.9933333333333333
252,50,2004,3809,0.9966666666666667,0.9966666666666667
252,1,2005,3830,0.7666666666666667,0.7666666666666667
252,5,2005,3830,0.9166666666666666,0.9166666666666666
252,10,2005,3830,0.9633333333333334,0.9633333333333334
252,20,2005,3830,1.0,1.0
252,50,2005,3830,1.0,1.0
252,1,2005,3851,0.74,0.74
252,5,2005,3851,0.89,0.89
252,10,2005,3851,0.9633333333333334,0.9633333333333334
252,20,2005,3851,0.9833333333333333,0.9833333333333333
252,50,2005,3851,1.0,1.0
252,1,2005,3872,0.7033333333333334,0.7033333333333334
252,5,2005,3872,0.9333333333333333,0.9333333333333333
252,10,2005,3872,0.9766666666666667,0.9766666666666667
252,20,2005,3872,0.9966666666666667,0.9966666666666667
252,50,2005,3872,1.0,1.0
252,1,2005,3893,0.7533333333333333,0.7533333333333333
252,5,2005,3893,0.9433333333333334,0.9433333333333334
252,10,2005,3893,0.9866666666666667,0.9866666666666667
252,20,2005,3893,1.0,1.0
252,50,2005,3893,1.0,1.0
252,1,2005,3914,0.81,0.81
252,5,2005,3914,0.9666666666666667,0.9666666666666667
252,10,2005,3914,0.9966666666666667,0.9966666666666667
252,20,2005,3914,1.0,1.0
252,50,2005,3914,1.0,1.0
252,1,2005,3935,0.7166666666666667,0.7166666666666667
252,5,2005,3935,0.9166666666666666,0.9166666666666666
252,10,2005,3935,0.9833333333333333,0.9833333333333333
252,20,2005,3935,0.9966666666666667,0.9966666666666667
252,50,2005,3935,1.0,1.0
252,1,2005,3956,0.65,0.65
252,5,2005,3956,0.9133333333333333,0.9133333333333333
252,10,2005,3956,0.94,0.94
252,20,2005,3956,0.9966666666666667,0.9966666666666667
252,50,2005,3956,1.0,1.0
252,1,2005,3977,0.7333333333333333,0.7333333333333333
252,5,2005,3977,0.88,0.88
252,10,2005,3977,0.9566666666666667,0.9566666666666667
252,20,2005,3977,0.9933333333333333,0.9933333333333333
252,50,2005,3977,1.0,1.0
252,1,2005,3998,0.7633333333333333,0.7633333333333333
252,5,2005,3998,0.9,0.9
252,10,2005,3998,0.9833333333333333,0.9833333333333333
252,20,2005,3998,1.0,1.0
252,50,2005,3998,1.0,1.0
252,1,2005,4019,0.8133333333333334,0.8133333333333334
252,5,2005,4019,0.9733333333333334,0.9733333333333334
252,10,2005,4019,1.0,1.0
252,20,2005,4019,1.0,1.0
252,50,2005,4019,1.0,1.0
252,1,2005,4040,0.8666666666666667,0.8666666666666667
252,5,2005,4040,0.99,0.99
252,10,2005,4040,1.0,1.0
252,20,2005,4040,1.0,1.0
252,50,2005,4040,1.0,1.0
252,1,2005,4061,0.88,0.88
252,5,2005,4061,0.99,0.99
252,10,2005,4061,1.0,1.0
252,20,2005,4061,1.0,1.0
252,50,2005,4061,1.0,1.0
252,1,2006,4082,0.9033333333333333,0.9033333333333333
252,5,2006,4082,0.9866666666666667,0.9866666666666667
252,10,2006,4082,0.9966666666666667,0.9966666666666667
252,20,2006,4082,1.0,1.0
252,50,2006,4082,1.0,1.0
252,1,2006,4103,0.8833333333333333,0.8833333333333333
252,5,2006,4103,0.9933333333333333,0.9933333333333333
252,10,2006,4103,0.9966666666666667,0.9966666666666667
252,20,2006,4103,1.0,1.0
252,50,2006,4103,1.0,1.0
252,1,2006,4124,0.78,0.78
252,5,2006,4124,0.9466666666666667,0.9466666666666667
252,10,2006,4124,0.9833333333333333,0.9833333333333333
252,20,2006,4124,1.0,1.0
252,50,2006,4124,1.0,1.0
252,1,2006,4145,0.8,0.8
252,5,2006,4145,0.9633333333333334,0.9633333333333334
252,10,2006,4145,0.9933333333333333,0.9933333333333333
252,20,2006,4145,0.9966666666666667,0.9966666666666667
252,50,2006,4145,1.0,1.0
252,1,2006,4166,0.8066666666666666,0.8066666666666666
252,5,2006,4166,0.97,0.97
252,10,2006,4166,1.0,1.0
252,20,2006,4166,1.0,1.0
252,50,2006,4166,1.0,1.0
252,1,2006,4187,0.8466666666666667,0.8466666666666667
252,5,2006,4187,0.98,0.98
252,10,2006,4187,0.9966666666666667,0.9966666666666667
252,20,2006,4187,1.0,1.0
252,50,2006,4187,1.0,1.0
252,1,2006,4208,0.79,0.79
252,5,2006,4208,0.9333333333333333,0.9333333333333333
252,10,2006,4208,0.9933333333333333,0.9933333333333333
252,20,2006,4208,1.0,1.0
252,50,2006,4208,1.0,1.0
252,1,2006,4271,0.6566666666666666,0.6566666666666666
252,5,2006,4271,0.8966666666666666,0.8966666666666666
252,10,2006,4271,0.9333333333333333,0.9333333333333333
252,20,2006,4271,0.99,0.99
252,50,2006,4271,1.0,1.0
252,1,2006,4292,0.52,0.52
252,5,2006,4292,0.5833333333333334,0.5833333333333334
252,10,2006,4292,0.72,0.72
252,20,2006,4292,0.75,0.75
252,50,2006,4292,0.8233333333333334,0.8233333333333334
252,1,2006,4313,0.5266666666666666,0.5266666666666666
252,5,2006,4313,0.6266666666666667,0.6266666666666667
252,10,2006,4313,0.65,0.65
252,20,2006,4313,0.7066666666666667,0.7066666666666667
252,50,2006,4313,0.83,0.83
252,1,2007,4334,0.47333333333333333,0.47333333333333333
252,5,2007,4334,0.37,0.37
252,10,2007,4334,0.30333333333333334,0.30333333333333334
252,20,2007,4334,0.23333333333333334,0.23333333333333334
252,50,2007,4334,0.13666666666666666,0.13666666666666666
252,1,2007,4355,0.3333333333333333,0.3333333333333333
252,5,2007,4355,0.18333333333333332,0.18333333333333332
252,10,2007,4355,0.12,0.12
252,20,2007,4355,0.06,0.06
252,50,2007,4355,0.08666666666666667,0.08666666666666667
252,1,2007,4376,0.3566666666666667,0.3566666666666667
252,5,2007,4376,0.18,0.18
252,10,2007,4376,0.09,0.09
252,20,2007,4376,0.08666666666666667,0.08666666666666667
252,50,2007,4376,0.10333333333333333,0.10333333333333333
252,1,2007,4397,0.30666666666666664,0.30666666666666664
252,5,2007,4397,0.16666666666666666,0.16666666666666666
252,10,2007,4397,0.09333333333333334,0.09333333333333334
252,20,2007,4397,0.02,0.02
252,50,2007,4397,0.0,0.0
252,1,2007,4418,0.35333333333333333,0.35333333333333333
252,5,2007,4418,0.24333333333333335,0.24333333333333335
252,10,2007,4418,0.12666666666666668,0.12666666666666668
252,20,2007,4418,0.08,0.08
252,50,2007,4418,0.006666666666666667,0.006666666666666667
252,1,2007,4439,0.3933333333333333,0.3933333333333333
252,5,2007,4439,0.2,0.2
252,10,2007,4439,0.14,0.14
252,20,2007,4439,0.05333333333333334,0.05333333333333334
252,50,2007,4439,0.01,0.01
252,1,2007,4460,0.21333333333333335,0.21333333333333335
252,5,2007,4460,0.03666666666666667,0.03666666666666667
252,10,2007,4460,0.0033333333333333335,0.0033333333333333335
252,20,2007,4460,0.0,0.0
252,50,2007,4460,0.0,0.0
252,1,2007,4523,0.1,0.1
252,5,2007,4523,0.10333333333333333,0.10333333333333333
252,10,2007,4523,0.11333333333333333,0.11333333333333333
252,20,2007,4523,0.08,0.08
252,50,2007,4523,0.023333333333333334,0.023333333333333334
252,1,2009,4985,0.6166666666666667,0.6166666666666667
252,5,2009,4985,0.6866666666666666,0.5166666666666667
252,10,2009,4985,0.6766666666666666,0.46
252,20,2009,4985,0.72,0.4633333333333333
252,50,2009,4985,0.8533333333333334,0.44666666666666666
252,1,2009,5006,0.7933333333333333,0.7933333333333333
252,5,2009,5006,0.8933333333333333,0.79
252,10,2009,5006,0.97,0.87
252,20,2009,5006,1.0,0.94
252,50,2009,5006,1.0,0.99
252,1,2009,5027,0.8433333333333334,0.8433333333333334
252,5,2009,5027,0.92,0.8466666666666667
252,10,2009,5027,0.9766666666666667,0.9033333333333333
252,20,2009,5027,0.9966666666666667,0.99
252,50,2009,5027,1.0,1.0
252,1,2009,5048,0.9066666666666666,0.9066666666666666
252,5,2009,5048,0.9866666666666667,0.9433333333333334
252,10,2009,5048,1.0,0.99
252,20,2009,5048,1.0,1.0
252,50,2009,5048,1.0,1.0
252,1,2009,5069,0.9066666666666666,0.9
252,5,2009,5069,0.9766666666666667,0.8633333333333333
252,10,2009,5069,1.0,0.9633333333333334
252,20,2009,5069,1.0,0.99
252,50,2009,5069,1.0,1.0
252,1,2010,5090,0.84,0.84
252,5,2010,5090,0.95,0.87
252,10,2010,5090,0.9866666666666667,0.9366666666666666
252,20,2010,5090,1.0,0.9733333333333334
252,50,2010,5090,1.0,1.0
252,1,2010,5111,0.9233333333333333,0.9233333333333333
252,5,2010,5111,0.98,0.95
252,10,2010,5111,1.0,0.9833333333333333
252,20,2010,5111,1.0,1.0
252,50,2010,5111,1.0,1.0
252,1,2010,5132,0.86,0.8466666666666667
252,5,2010,5132,0.9866666666666667,0.87
252,10,2010,5132,1.0,0.9566666666666667
252,20,2010,5132,1.0,0.9966666666666667
252,50,2010,5132,1.0,1.0
252,1,2010,5153,0.84,0.84
252,5,2010,5153,0.9833333333333333,0.93
252,10,2010,5153,0.99,0.9633333333333334
252,20,2010,5153,1.0,0.9933333333333333
252,50,2010,5153,1.0,1.0
252,1,2010,5174,0.9166666666666666,0.9166666666666666
252,5,2010,5174,0.9866666666666667,0.84
252,10,2010,5174,1.0,0.97
252,20,2010,5174,1.0,0.9966666666666667
252,50,2010,5174,1.0,1.0
252,1,2010,5195,0.8366666666666667,0.8133333333333334
252,5,2010,5195,0.9733333333333334,0.65
252,10,2010,5195,0.99,0.7866666666666666
252,20,2010,5195,1.0,0.8233333333333334
252,50,2010,5195,1.0,0.9566666666666667
252,1,2010,5216,0.7466666666666667,0.7233333333333334
252,5,2010,5216,0.9433333333333334,0.5066666666666667
252,10,2010,5216,0.98,0.5933333333333334
252,20,2010,5216,1.0,0.69
252,50,2010,5216,1.0,0.7933333333333333
252,1,2010,5279,0.5933333333333334,0.59
252,5,2010,5279,0.8,0.6266666666666667
252,10,2010,5279,0.87,0.5466666666666666
252,20,2010,5279,0.9566666666666667,0.65
252,50,2010,5279,1.0,0.6966666666666667
252,1,2010,5300,0.6966666666666667,0.6966666666666667
252,5,2010,5300,0.95,0.8366666666666667
252,10,2010,5300,0.97,0.7466666666666667
252,20,2010,5300,0.99,0.86
252,50,2010,5300,1.0,0.92
252,1,2010,5321,0.6233333333333333,0.61
252,5,2010,5321,0.8033333333333333,0.6733333333333333
252,10,2010,5321,0.8833333333333333,0.6766666666666666
252,20,2010,5321,0.9733333333333334,0.7266666666666667
252,50,2010,5321,0.9866666666666667,0.8
252,1,2011,5342,0.66,0.6533333333333333
252,5,2011,5342,0.86,0.74
252,10,2011,5342,0.9266666666666666,0.7933333333333333
252,20,2011,5342,0.95,0.8333333333333334
252,50,2011,5342,1.0,0.9233333333333333
252,1,2011,5363,0.69,0.6833333333333333
252,5,2011,5363,0.86,0.78
252,10,2011,5363,0.94,0.8166666666666667
252,20,2011,5363,0.9766666666666667,0.8866666666666667
252,50,2011,5363,1.0,0.95
252,1,2011,5384,0.7566666666666667,0.7566666666666667
252,5,2011,5384,0.8833333333333333,0.8
252,10,2011,5384,0.9533333333333334,0.8266666666666667
252,20,2011,5384,0.9933333333333333,0.93
252,50,2011,5384,1.0,0.9733333333333334
252,1,2011,5405,0.6433333333333333,0.6333333333333333
252,5,2011,5405,0.7866666666666666,0.72
252,10,2011,5405,0.92,0.7933333333333333
252,20,2011,5405,0.93,0.7966666666666666
252,50,2011,5405,0.99,0.9
252,1,2011,5426,0.6366666666666667,0.6366666666666667
252,5,2011,5426,0.81,0.7433333333333333
252,10,2011,5426,0.8833333333333333,0.7766666666666666
252,20,2011,5426,0.9233333333333333,0.87
252,50,2011,5426,0.9966666666666667,0.95
252,1,2011,5447,0.72,0.72
252,5,2011,5447,0.8433333333333334,0.7566666666666667
252,10,2011,5447,0.9533333333333334,0.8633333333333333
252,20,2011,5447,0.99,0.93
252,50,2011,5447,1.0,0.9633333333333334
252,1,2011,5468,0.68,0.68
252,5,2011,5468,0.89,0.8233333333333334
252,10,2011,5468,0.9266666666666666,0.8333333333333334
252,20,2011,5468,0.98,0.9266666666666666
252,50,2011,5468,0.9933333333333333,0.97
252,1,2012,5615,0.87,0.87
252,5,2012,5615,0.99,0.93
252,10,2012,5615,1.0,0.9733333333333334
252,20,2012,5615,1.0,0.9966666666666667
252,50,2012,5615,1.0,1.0
252,1,2012,5636,0.8733333333333333,0.8733333333333333
252,5,2012,5636,0.9766666666666667,0.9266666666666666
252,10,2012,5636,0.9933333333333333,0.98
252,20,2012,5636,1.0,1.0
252,50,2012,5636,1.0,1.0
252,1,2012,5657,0.9066666666666666,0.9066666666666666
252,5,2012,5657,0.9933333333333333,0.9633333333333334
252,10,2012,5657,1.0,0.9933333333333333
252,20,2012,5657,1.0,1.0
252,50,2012,5657,1.0,1.0
252,1,2012,5678,0.9333333333333333,0.92
252,5,2012,5678,0.9933333333333333,0.9666666666666667
252,10,2012,5678,1.0,0.9933333333333333
252,20,2012,5678,1.0,1.0
252,50,2012,5678,1.0,1.0
252,1,2012,5720,0.8966666666666666,0.8966666666666666
252,5,2012,5720,0.9733333333333334,0.87
252,10,2012,5720,1.0,0.95
252,20,2012,5720,1.0,0.9833333333333333
252,50,2012,5720,1.0,1.0
252,1,2012,5741,0.8066666666666666,0.8033333333333333
252,5,2012,5741,0.9533333333333334,0.8633333333333333
252,10,2012,5741,0.9933333333333333,0.95
252,20,2012,5741,1.0,0.9866666666666667
252,50,2012,5741,1.0,0.9933333333333333
252,1,2012,5762,0.81,0.8066666666666666
252,5,2012,5762,0.95,0.9
252,10,2012,5762,0.9866666666666667,0.9433333333333334
252,20,2012,5762,1.0,0.9833333333333333
252,50,2012,5762,1.0,1.0
252,1,2012,5783,0.84,0.8366666666666667
252,5,2012,5783,0.98,0.9366666666666666
252,10,2012,5783,0.9933333333333333,0.9766666666666667
252,20,2012,5783,1.0,1.0
252,50,2012,5783,1.0,1.0
252,1,2012,5825,0.81,0.7933333333333333
252,5,2012,5825,0.9733333333333334,0.88
252,10,2012,5825,0.9933333333333333,0.9466666666666667
252,20,2012,5825,1.0,0.99
252,50,2012,5825,1.0,1.0
252,1,2013,5846,0.8466666666666667,0.8333333333333334
252,5,2013,5846,0.9833333333333333,0.9
252,10,2013,5846,1.0,0.9333333333333333
252,20,2013,5846,1.0,0.9833333333333333
252,50,2013,5846,1.0,1.0
252,1,2013,5867,0.8366666666666667,0.8133333333333334
252,5,2013,5867,0.95,0.91
252,10,2013,5867,0.9866666666666667,0.9366666666666666
252,20,2013,5867,1.0,0.99
252,50,2013,5867,1.0,1.0
252,1,2013,5888,0.84,0.8266666666666667
252,5,2013,5888,0.9533333333333334,0.8133333333333334
252,10,2013,5888,0.9966666666666667,0.93
252,20,2013,5888,1.0,0.9733333333333334
252,50,2013,5888,1.0,1.0
252,1,2013,5909,0.8333333333333334,0.8133333333333334
252,5,2013,5909,0.9633333333333334,0.83
252,10,2013,5909,1.0,0.9133333333333333
252,20,2013,5909,0.9966666666666667,0.97
252,50,2013,5909,1.0,1.0
252,1,2013,5930,0.7733333333333333,0.77
252,5,2013,5930,0.93,0.79
252,10,2013,5930,0.9866666666666667,0.87
252,20,2013,5930,1.0,0.8966666666666666
252,50,2013,5930,1.0,0.97
252,1,2013,5951,0.87,0.8666666666666667
252,5,2013,5951,0.9866666666666667,0.85
252,10,2013,5951,0.9966666666666667,0.92
252,20,2013,5951,1.0,0.9533333333333334
252,50,2013,5951,1.0,1.0
252,1,2013,5972,0.85,0.8466666666666667
252,5,2013,5972,0.9766666666666667,0.8566666666666667
252,10,2013,5972,0.9966666666666667,0.9133333333333333
252,20,2013,5972,1.0,0.97
252,50,2013,5972,1.0,0.9933333333333333
252,1,2013,5993,0.8466666666666667,0.83
252,5,2013,5993,0.96,0.7633333333333333
252,10,2013,5993,1.0,0.8633333333333333
252,20,2013,5993,1.0,0.9333333333333333
252,50,2013,5993,1.0,0.9766666666666667
252,1,2013,6014,0.88,0.86
252,5,2013,6014,0.9966666666666667,0.8266666666666667
252,10,2013,6014,1.0,0.8633333333333333
252,20,2013,6014,1.0,0.9466666666666667
252,50,2013,6014,1.0,1.0
252,1,2013,6035,0.73,0.7166666666666667
252,5,2013,6035,0.7633333333333333,0.6166666666666667
252,10,2013,6035,0.8766666666666667,0.61
252,20,2013,6035,0.94,0.6933333333333334
252,50,2013,6035,1.0,0.7966666666666666
252,1,2013,6056,0.7933333333333333,0.77
252,5,2013,6056,0.96,0.8933333333333333
252,10,2013,6056,0.98,0.9033333333333333
252,20,2013,6056,0.9966666666666667,0.9733333333333334
252,50,2013,6056,1.0,1.0
252,1,2013,6077,0.7766666666666666,0.76
252,5,2013,6077,0.8866666666666667,0.8366666666666667
252,10,2013,6077,0.9366666666666666,0.8766666666666667
252,20,2013,6077,0.9933333333333333,0.95
252,50,2013,6077,1.0,0.9933333333333333
252,1,2014,6098,0.69,0.68
252,5,2014,6098,0.7833333333333333,0.7166666666666667
252,10,2014,6098,0.86,0.7333333333333333
252,20,2014,6098,0.93,0.8166666666666667
252,50,2014,6098,0.9866666666666667,0.94
252,1,2014,6119,0.8033333333333333,0.7933333333333333
252,5,2014,6119,0.8766666666666667,0.8066666666666666
252,10,2014,6119,0.9266666666666666,0.8533333333333334
252,20,2014,6119,0.99,0.9366666666666666
252,50,2014,6119,1.0,0.9866666666666667
252,1,2014,6140,0.7566666666666667,0.75
252,5,2014,6140,0.82,0.6666666666666666
252,10,2014,6140,0.9133333333333333,0.7966666666666666
252,20,2014,6140,0.98,0.8466666666666667
252,50,2014,6140,0.9966666666666667,0.94
252,1,2014,6161,0.78,0.77
252,5,2014,6161,0.88,0.7633333333333333
252,10,2014,6161,0.92,0.7633333333333333
252,20,2014,6161,0.99,0.9
252,50,2014,6161,1.0,0.9733333333333334
252,1,2014,6182,0.7533333333333333,0.74
252,5,2014,6182,0.81,0.6966666666666667
252,10,2014,6182,0.9133333333333333,0.7833333333333333
252,20,2014,6182,0.9433333333333334,0.83
252,50,2014,6182,0.9933333333333333,0.9433333333333334
252,1,2014,6203,0.6466666666666666,0.6233333333333333
252,5,2014,6203,0.7166666666666667,0.6
252,10,2014,6203,0.7633333333333333,0.6133333333333333
252,20,2014,6203,0.86,0.6333333333333333
252,50,2014,6203,0.97,0.7366666666666667
252,1,2014,6224,0.6966666666666667,0.6733333333333333
252,5,2014,6224,0.6666666666666666,0.5833333333333334
252,10,2014,6224,0.76,0.61
252,20,2014,6224,0.7666666666666667,0.52
252,50,2014,6224,0.9333333333333333,0.6333333333333333
252,1,2014,6245,0.67,0.6333333333333333
252,5,2014,6245,0.7233333333333334,0.6266666666666667
252,10,2014,6245,0.76,0.6133333333333333
252,20,2014,6245,0.8633333333333333,0.62
252,50,2014,6245,0.9733333333333334,0.75
252,1,2014,6266,0.6,0.5866666666666667
252,5,2014,6266,0.5633333333333334,0.4866666666666667
252,10,2014,6266,0.6166666666666667,0.47333333333333333
252,20,2014,6266,0.6666666666666666,0.46
252,50,2014,6266,0.72,0.38
252,1,2015,6371,0.4666666666666667,0.4066666666666667
252,5,2015,6371,0.34,0.27
252,10,2015,6371,0.31666666666666665,0.2
252,20,2015,6371,0.3333333333333333,0.14333333333333334
252,50,2015,6371,0.2,0.03666666666666667
252,1,2015,6392,0.63,0.5833333333333334
252,5,2015,6392,0.7266666666666667,0.5333333333333333
252,10,2015,6392,0.68,0.41333333333333333
252,20,2015,6392,0.7566666666666667,0.30333333333333334
252,50,2015,6392,0.85,0.17333333333333334
252,1,2015,6413,0.6133333333333333,0.59
252,5,2015,6413,0.72,0.5833333333333334
252,10,2015,6413,0.7866666666666666,0.5366666666666666
252,20,2015,6413,0.8866666666666667,0.49333333333333335
252,50,2015,6413,0.9233333333333333,0.4666666666666667
252,1,2015,6434,0.6633333333333333,0.6333333333333333
252,5,2015,6434,0.7066666666666667,0.5366666666666666
252,10,2015,6434,0.7733333333333333,0.5166666666666667
252,20,2015,6434,0.8266666666666667,0.4766666666666667
252,50,2015,6434,0.9766666666666667,0.47333333333333333
252,1,2015,6455,0.66,0.6233333333333333
252,5,2015,6455,0.7066666666666667,0.5833333333333334
252,10,2015,6455,0.8133333333333334,0.58
252,20,2015,6455,0.8633333333333333,0.5933333333333334
252,50,2015,6455,0.9566666666666667,0.5533333333333333
252,1,2015,6476,0.7333333333333333,0.7033333333333334
252,5,2015,6476,0.8633333333333333,0.74
252,10,2015,6476,0.9266666666666666,0.6933333333333334
252,20,2015,6476,0.9866666666666667,0.82
252,50,2015,6476,1.0,0.9033333333333333
252,1,2016,6707,0.9533333333333334,0.93
252,5,2016,6707,0.9833333333333333,0.8633333333333333
252,10,2016,6707,1.0,0.9366666666666666
252,20,2016,6707,1.0,0.9666666666666667
252,50,2016,6707,1.0,1.0
252,1,2016,6728,0.88,0.86
252,5,2016,6728,0.9466666666666667,0.7666666666666667
252,10,2016,6728,0.9833333333333333,0.7866666666666666
252,20,2016,6728,1.0,0.8733333333333333
252,50,2016,6728,1.0,0.96
252,1,2016,6749,0.7766666666666666,0.77
252,5,2016,6749,0.93,0.7533333333333333
252,10,2016,6749,0.9866666666666667,0.7666666666666667
252,20,2016,6749,0.9966666666666667,0.8433333333333334
252,50,2016,6749,1.0,0.9533333333333334
252,1,2016,6770,0.8666666666666667,0.83
252,5,2016,6770,0.96,0.7566666666666667
252,10,2016,6770,0.9933333333333333,0.7633333333333333
252,20,2016,6770,1.0,0.8666666666666667
252,50,2016,6770,1.0,0.9366666666666666
252,1,2016,6791,0.9033333333333333,0.8766666666666667
252,5,2016,6791,0.9933333333333333,0.79
252,10,2016,6791,1.0,0.88
252,20,2016,6791,1.0,0.9333333333333333
252,50,2016,6791,1.0,0.9966666666666667
252,1,2016,6812,0.9166666666666666,0.8166666666666667
252,5,2016,6812,0.9733333333333334,0.67
252,10,2016,6812,0.9833333333333333,0.68
252,20,2016,6812,1.0,0.7966666666666666
252,50,2016,6812,1.0,0.8766666666666667
252,1,2016,6833,0.8433333333333334,0.74
252,5,2016,6833,0.96,0.5166666666666667
252,10,2016,6833,0.98,0.54
252,20,2016,6833,1.0,0.5933333333333334
252,50,2016,6833,1.0,0.5466666666666666
252,1,2017,6854,0.83,0.7266666666666667
252,5,2017,6854,0.9633333333333334,0.5433333333333333
252,10,2017,6854,0.98,0.49
252,20,2017,6854,1.0,0.48
252,50,2017,6854,1.0,0.4633333333333333
252,1,2017,6875,0.74,0.66
252,5,2017,6875,0.8533333333333334,0.5033333333333333
252,10,2017,6875,0.9166666666666666,0.41
252,20,2017,6875,0.9866666666666667,0.30333333333333334
252,50,2017,6875,1.0,0.29333333333333333
252,1,2017,6896,0.7833333333333333,0.68
252,5,2017,6896,0.92,0.56
252,10,2017,6896,0.9633333333333334,0.56
252,20,2017,6896,1.0,0.47333333333333333
252,50,2017,6896,0.9966666666666667,0.49333333333333335
252,1,2017,6917,0.7466666666666667,0.6933333333333334
252,5,2017,6917,0.8933333333333333,0.5266666666666666
252,10,2017,6917,0.9466666666666667,0.47
252,20,2017,6917,0.9766666666666667,0.33666666666666667
252,50,2017,6917,1.0,0.24666666666666667
252,1,2017,6938,0.7066666666666667,0.6333333333333333
252,5,2017,6938,0.86,0.55
252,10,2017,6938,0.9533333333333334,0.45
252,20,2017,6938,0.9866666666666667,0.41333333333333333
252,50,2017,6938,1.0,0.2966666666666667
252,1,2017,6959,0.75,0.6633333333333333
252,5,2017,6959,0.8566666666666667,0.5366666666666666
252,10,2017,6959,0.9466666666666667,0.4166666666666667
252,20,2017,6959,0.98,0.3933333333333333
252,50,2017,6959,1.0,0.3433333333333333
252,1,2017,6980,0.7566666666666667,0.6833333333333333
252,5,2017,6980,0.8933333333333333,0.4666666666666667
252,10,2017,6980,0.9233333333333333,0.36333333333333334
252,20,2017,6980,0.9833333333333333,0.28
252,50,2017,6980,1.0,0.23
252,1,2017,7001,0.8066666666666666,0.7033333333333334
252,5,2017,7001,0.87,0.4633333333333333
252,10,2017,7001,0.9466666666666667,0.36333333333333334
252,20,2017,7001,0.9866666666666667,0.35
252,50,2017,7001,1.0,0.22333333333333333
252,1,2017,7022,0.7366666666666667,0.65
252,5,2017,7022,0.8533333333333334,0.49
252,10,2017,7022,0.94,0.42333333333333334
252,20,2017,7022,0.9933333333333333,0.39
252,50,2017,7022,1.0,0.25
252,1,2017,7043,0.63,0.5666666666666667
252,5,2017,7043,0.57,0.32
252,10,2017,7043,0.6633333333333333,0.19666666666666666
252,20,2017,7043,0.7533333333333333,0.14
252,50,2017,7043,0.8333333333333334,0.02666666666666667
252,1,2017,7064,0.6066666666666667,0.5433333333333333
252,5,2017,7064,0.6066666666666667,0.36333333333333334
252,10,2017,7064,0.6933333333333334,0.27
252,20,2017,7064,0.7566666666666667,0.12333333333333334
252,50,2017,7064,0.8633333333333333,0.056666666666666664
252,1,2017,7085,0.4666666666666667,0.4033333333333333
252,5,2017,7085,0.44333333333333336,0.24666666666666667
252,10,2017,7085,0.32,0.14666666666666667
252,20,2017,7085,0.29333333333333333,0.03333333333333333
252,50,2017,7085,0.14666666666666667,0.0
252,1,2018,7106,0.5266666666666666,0.4533333333333333
252,5,2018,7106,0.2866666666666667,0.17
252,10,2018,7106,0.22666666666666666,0.056666666666666664
252,20,2018,7106,0.11333333333333333,0.013333333333333334
252,50,2018,7106,0.06666666666666667,0.05
252,1,2018,7127,0.7466666666666667,0.6233333333333333
252,5,2018,7127,0.7966666666666666,0.36333333333333334
252,10,2018,7127,0.8066666666666666,0.18
252,20,2018,7127,0.86,0.12
252,50,2018,7127,0.95,0.03333333333333333
252,1,2018,7148,0.7133333333333334,0.6333333333333333
252,5,2018,7148,0.73,0.36666666666666664
252,10,2018,7148,0.8366666666666667,0.22
252,20,2018,7148,0.8633333333333333,0.13333333333333333
252,50,2018,7148,0.9766666666666667,0.03666666666666667
252,1,2018,7169,0.7366666666666667,0.64
252,5,2018,7169,0.8,0.3466666666666667
252,10,2018,7169,0.91,0.17
252,20,2018,7169,0.9333333333333333,0.07666666666666666
252,50,2018,7169,0.9866666666666667,0.0033333333333333335
252,1,2018,7190,0.7,0.5766666666666667
252,5,2018,7190,0.8,0.42333333333333334
252,10,2018,7190,0.87,0.2866666666666667
252,20,2018,7190,0.9466666666666667,0.19
252,50,2018,7190,0.9933333333333333,0.07333333333333333
252,1,2018,7211,0.7033333333333334,0.6166666666666667
252,5,2018,7211,0.7766666666666666,0.44333333333333336
252,10,2018,7211,0.8,0.2866666666666667
252,20,2018,7211,0.92,0.19333333333333333
252,50,2018,7211,0.9766666666666667,0.1
252,1,2018,7232,0.6833333333333333,0.63
252,5,2018,7232,0.6966666666666667,0.5066666666666667
252,10,2018,7232,0.7333333333333333,0.4033333333333333
252,20,2018,7232,0.8366666666666667,0.3466666666666667
252,50,2018,7232,0.9266666666666666,0.21
252,1,2018,7253,0.6533333333333333,0.5933333333333334
252,5,2018,7253,0.7,0.42
252,10,2018,7253,0.7566666666666667,0.35333333333333333
252,20,2018,7253,0.8133333333333334,0.28
252,50,2018,7253,0.9066666666666666,0.14666666666666667
252,1,2018,7274,0.7233333333333334,0.6733333333333333
252,5,2018,7274,0.79,0.5466666666666666
252,10,2018,7274,0.8766666666666667,0.36333333333333334
252,20,2018,7274,0.9333333333333333,0.3233333333333333
252,50,2018,7274,0.99,0.19333333333333333
252,1,2019,7484,0.5133333333333333,0.4166666666666667
252,5,2019,7484,0.3433333333333333,0.16333333333333333
252,10,2019,7484,0.23666666666666666,0.09333333333333334
252,20,2019,7484,0.16666666666666666,0.02
252,50,2019,7484,0.14666666666666667,0.0033333333333333335
252,1,2019,7526,0.5466666666666666,0.48
252,5,2019,7526,0.44333333333333336,0.20666666666666667
252,10,2019,7526,0.35333333333333333,0.09666666666666666
252,20,2019,7526,0.33666666666666667,0.06
252,50,2019,7526,0.36,0.0
252,1,2019,7589,0.5266666666666666,0.45666666666666667
252,5,2019,7589,0.54,0.3466666666666667
252,10,2019,7589,0.5833333333333334,0.28
252,20,2019,7589,0.5666666666666667,0.16333333333333333
252,50,2019,7589,0.6933333333333334,0.056666666666666664
252,1,2020,7610,0.62,0.5533333333333333
252,5,2020,7610,0.7,0.49666666666666665
252,10,2020,7610,0.7033333333333334,0.38333333333333336
252,20,2020,7610,0.81,0.33666666666666667
252,50,2020,7610,0.92,0.31333333333333335
252,1,2020,7631,0.5833333333333334,0.5566666666666666
252,5,2020,7631,0.6166666666666667,0.44333333333333336
252,10,2020,7631,0.7433333333333333,0.35333333333333333
252,20,2020,7631,0.76,0.29
252,50,2020,7631,0.9,0.16666666666666666
252,1,2020,7736,0.84,0.59
252,5,2020,7736,0.8733333333333333,0.10666666666666667
252,10,2020,7736,0.9433333333333334,0.03333333333333333
252,20,2020,7736,0.97,0.006666666666666667
252,50,2020,7736,1.0,0.0
252,1,2020,7757,0.8633333333333333,0.63
252,5,2020,7757,0.9066666666666666,0.17
252,10,2020,7757,0.9433333333333334,0.04666666666666667
252,20,2020,7757,0.98,0.02
252,50,2020,7757,1.0,0.0
252,1,2020,7778,0.8833333333333333,0.6033333333333334
252,5,2020,7778,0.92,0.2
252,10,2020,7778,0.9633333333333334,0.06333333333333334
252,20,2020,7778,0.9966666666666667,0.01
252,50,2020,7778,1.0,0.0
252,1,2020,7799,0.85,0.62
252,5,2020,7799,0.93,0.13666666666666666
252,10,2020,7799,0.95,0.05
252,20,2020,7799,0.9933333333333333,0.006666666666666667
252,50,2020,7799,1.0,0.0
252,1,2020,7820,0.8433333333333334,0.5966666666666667
252,5,2020,7820,0.94,0.12666666666666668
252,10,2020,7820,0.96,0.03333333333333333
252,20,2020,7820,0.9933333333333333,0.0033333333333333335
252,50,2020,7820,1.0,0.0
252,1,2020,7841,0.74,0.53
252,5,2020,7841,0.8966666666666666,0.12333333333333334
252,10,2020,7841,0.8966666666666666,0.02
252,20,2020,7841,0.9533333333333334,0.0
252,50,2020,7841,0.9933333333333333,0.0
252,1,2021,7862,0.8433333333333334,0.6033333333333334
252,5,2021,7862,0.92,0.14333333333333334
252,10,2021,7862,0.9233333333333333,0.056666666666666664
252,20,2021,7862,0.9766666666666667,0.013333333333333334
252,50,2021,7862,0.9933333333333333,0.0
252,1,2021,7883,0.76,0.5333333333333333
252,5,2021,7883,0.9033333333333333,0.20333333333333334
252,10,2021,7883,0.92,0.1
252,20,2021,7883,0.9433333333333334,0.056666666666666664
252,50,2021,7883,0.9866666666666667,0.016666666666666666
252,1,2021,7904,0.63,0.46
252,5,2021,7904,0.71,0.15666666666666668
252,10,2021,7904,0.8033333333333333,0.04
252,20,2021,7904,0.8366666666666667,0.03666666666666667
252,50,2021,7904,0.92,0.016666666666666666
252,1,2021,7925,0.5466666666666666,0.4166666666666667
252,5,2021,7925,0.6066666666666667,0.19
252,10,2021,7925,0.6166666666666667,0.05333333333333334
252,20,2021,7925,0.6333333333333333,0.01
252,50,2021,7925,0.6933333333333334,0.0
252,1,2021,7946,0.5133333333333333,0.38
252,5,2021,7946,0.36333333333333334,0.12333333333333334
252,10,2021,7946,0.36666666666666664,0.043333333333333335
252,20,2021,7946,0.2833333333333333,0.013333333333333334
252,50,2021,7946,0.21666666666666667,0.0
252,1,2021,7967,0.33666666666666667,0.25333333333333335
252,5,2021,7967,0.16666666666666666,0.07
252,10,2021,7967,0.08666666666666667,0.016666666666666666
252,20,2021,7967,0.03333333333333333,0.0
252,50,2021,7967,0.0033333333333333335,0.0
252,1,2021,7988,0.33666666666666667,0.27
252,5,2021,7988,0.18,0.08
252,10,2021,7988,0.17666666666666667,0.03666666666666667
252,20,2021,7988,0.07,0.0033333333333333335
252,50,2021,7988,0.0,0.0
252,1,2021,8009,0.42,0.36666666666666664
252,5,2021,8009,0.45,0.23666666666666666
252,10,2021,8009,0.36333333333333334,0.13333333333333333
252,20,2021,8009,0.37333333333333335,0.06666666666666667
252,50,2021,8009,0.2633333333333333,0.0033333333333333335
252,1,2021,8030,0.2966666666666667,0.24
252,5,2021,8030,0.17,0.1
252,10,2021,8030,0.10666666666666667,0.03666666666666667
252,20,2021,8030,0.03,0.006666666666666667
252,50,2021,8030,0.006666666666666667,0.0
252,1,2021,8072,0.31333333333333335,0.24666666666666667
252,5,2021,8072,0.13666666666666666,0.08
252,10,2021,8072,0.056666666666666664,0.02666666666666667
252,20,2021,8072,0.02666666666666667,0.0
252,50,2021,8072,0.0,0.0
252,1,2023,8387,0.7366666666666667,0.46
252,5,2023,8387,0.64,0.1
252,10,2023,8387,0.62,0.013333333333333334
252,20,2023,8387,0.64,0.0
252,50,2023,8387,0.6966666666666667,0.0
252,1,2023,8492,0.7466666666666667,0.52
252,5,2023,8492,0.6866666666666666,0.13666666666666666
252,10,2023,8492,0.7166666666666667,0.06
252,20,2023,8492,0.78,0.006666666666666667
252,50,2023,8492,0.8,0.0
252,1,2024,8639,0.7833333333333333,0.6733333333333333
252,5,2024,8639,0.8133333333333334,0.44666666666666666
252,10,2024,8639,0.8866666666666667,0.3466666666666667
252,20,2024,8639,0.9766666666666667,0.30333333333333334
252,50,2024,8639,0.9933333333333333,0.21
252,1,2024,8660,0.7433333333333333,0.68
252,5,2024,8660,0.8333333333333334,0.5
252,10,2024,8660,0.8666666666666667,0.31333333333333335
252,20,2024,8660,0.91,0.25666666666666665
252,50,2024,8660,0.99,0.22666666666666666
252,1,2024,8702,0.7433333333333333,0.71
252,5,2024,8702,0.81,0.54
252,10,2024,8702,0.8666666666666667,0.44666666666666666
252,20,2024,8702,0.9233333333333333,0.35
252,50,2024,8702,0.99,0.36
252,1,2024,8744,0.74,0.6866666666666666
252,5,2024,8744,0.8333333333333334,0.63
252,10,2024,8744,0.9233333333333333,0.5766666666666667
252,20,2024,8744,0.94,0.4866666666666667
252,50,2024,8744,1.0,0.4866666666666667
252,1,2024,8807,0.6133333333333333,0.55
252,5,2024,8807,0.64,0.4266666666666667
252,10,2024,8807,0.6933333333333334,0.37666666666666665
252,20,2024,8807,0.7066666666666667,0.24333333333333335
252,50,2024,8807,0.7966666666666666,0.08333333333333333
252,1,2024,8828,0.5966666666666667,0.54
252,5,2024,8828,0.6833333333333333,0.49
252,10,2024,8828,0.6866666666666666,0.3566666666666667
252,20,2024,8828,0.7133333333333334,0.21666666666666667
252,50,2024,8828,0.8,0.09333333333333334
252,1,2024,8849,0.6866666666666666,0.6633333333333333
252,5,2024,8849,0.82,0.63
252,10,2024,8849,0.8466666666666667,0.44333333333333336
252,20,2024,8849,0.8733333333333333,0.43333333333333335
252,50,2024,8849,0.99,0.38666666666666666
252,1,2025,8870,0.8166666666666667,0.7433333333333333
252,5,2025,8870,0.8866666666666667,0.5866666666666667
252,10,2025,8870,0.9366666666666666,0.4766666666666667
252,20,2025,8870,0.9766666666666667,0.49
252,50,2025,8870,1.0,0.4166666666666667
252,1,2025,8891,0.7666666666666667,0.71
252,5,2025,8891,0.7833333333333333,0.5533333333333333
252,10,2025,8891,0.88,0.4633333333333333
252,20,2025,8891,0.9333333333333333,0.4066666666666667
252,50,2025,8891,0.9933333333333333,0.43666666666666665
504,1,1991,302,0.86,0.86
504,5,1991,302,0.9933333333333333,0.9933333333333333
504,10,1991,302,1.0,1.0
504,20,1991,302,1.0,1.0
504,50,1991,302,1.0,1.0
504,1,1991,323,0.9133333333333333,0.9133333333333333
504,5,1991,323,0.9933333333333333,0.9933333333333333
504,10,1991,323,1.0,1.0
504,20,1991,323,1.0,1.0
504,50,1991,323,1.0,1.0
504,1,1991,344,0.9433333333333334,0.9433333333333334
504,5,1991,344,1.0,1.0
504,10,1991,344,1.0,1.0
504,20,1991,344,1.0,1.0
504,50,1991,344,1.0,1.0
504,1,1991,365,0.9166666666666666,0.9166666666666666
504,5,1991,365,0.9933333333333333,0.9933333333333333
504,10,1991,365,1.0,1.0
504,20,1991,365,1.0,1.0
504,50,1991,365,1.0,1.0
504,1,1991,386,0.8833333333333333,0.8833333333333333
504,5,1991,386,0.9966666666666667,0.9966666666666667
504,10,1991,386,1.0,1.0
504,20,1991,386,1.0,1.0
504,50,1991,386,1.0,1.0
504,1,1991,407,0.8466666666666667,0.8466666666666667
504,5,1991,407,0.9833333333333333,0.9833333333333333
504,10,1991,407,1.0,1.0
504,20,1991,407,1.0,1.0
504,50,1991,407,1.0,1.0
504,1,1991,428,0.8166666666666667,0.8166666666666667
504,5,1991,428,0.9933333333333333,0.9933333333333333
504,10,1991,428,1.0,1.0
504,20,1991,428,1.0,1.0
504,50,1991,428,1.0,1.0
504,1,1991,449,0.8766666666666667,0.8766666666666667
504,5,1991,449,0.9933333333333333,0.9933333333333333
504,10,1991,449,0.9933333333333333,0.9933333333333333
504,20,1991,449,1.0,1.0
504,50,1991,449,1.0,1.0
504,1,1991,470,0.8333333333333334,0.8333333333333334
504,5,1991,470,0.99,0.99
504,10,1991,470,1.0,1.0
504,20,1991,470,1.0,1.0
504,50,1991,470,1.0,1.0
504,1,1991,491,0.86,0.86
504,5,1991,491,0.9966666666666667,0.9966666666666667
504,10,1991,491,1.0,1.0
504,20,1991,491,1.0,1.0
504,50,1991,491,1.0,1.0
504,1,1992,512,0.82,0.82
504,5,1992,512,0.96,0.96
504,10,1992,512,0.9933333333333333,0.9933333333333333
504,20,1992,512,1.0,1.0
504,50,1992,512,1.0,1.0
504,1,1992,533,0.8666666666666667,0.8666666666666667
504,5,1992,533,0.9633333333333334,0.9633333333333334
504,10,1992,533,0.9966666666666667,0.9966666666666667
504,20,1992,533,1.0,1.0
504,50,1992,533,1.0,1.0
504,1,1992,554,0.8766666666666667,0.8766666666666667
504,5,1992,554,0.99,0.99
504,10,1992,554,1.0,1.0
504,20,1992,554,1.0,1.0
504,50,1992,554,1.0,1.0
504,1,1992,575,0.8166666666666667,0.8166666666666667
504,5,1992,575,0.94,0.94
504,10,1992,575,0.9966666666666667,0.9966666666666667
504,20,1992,575,1.0,1.0
504,50,1992,575,1.0,1.0
504,1,1992,596,0.7466666666666667,0.7466666666666667
504,5,1992,596,0.8133333333333334,0.8133333333333334
504,10,1992,596,0.93,0.93
504,20,1992,596,0.9633333333333334,0.9633333333333334
504,50,1992,596,0.9966666666666667,0.9966666666666667
504,1,1992,617,0.7866666666666666,0.7866666666666666
504,5,1992,617,0.9,0.9
504,10,1992,617,0.9466666666666667,0.9466666666666667
504,20,1992,617,0.9966666666666667,0.9966666666666667
504,50,1992,617,1.0,1.0
504,1,1992,638,0.6133333333333333,0.6133333333333333
504,5,1992,638,0.8333333333333334,0.8333333333333334
504,10,1992,638,0.8933333333333333,0.8933333333333333
504,20,1992,638,0.9466666666666667,0.9466666666666667
504,50,1992,638,0.9933333333333333,0.9933333333333333
504,1,1992,659,0.7,0.7
504,5,1992,659,0.9366666666666666,0.9366666666666666
504,10,1992,659,0.98,0.98
504,20,1992,659,1.0,1.0
504,50,1992,659,1.0,1.0
504,1,1992,680,0.71,0.71
504,5,1992,680,0.9466666666666667,0.9466666666666667
504,10,1992,680,0.9833333333333333,0.9833333333333333
504,20,1992,680,0.9933333333333333,0.9933333333333333
504,50,1992,680,1.0,1.0
504,1,1992,722,0.6066666666666667,0.6066666666666667
504,5,1992,722,0.8266666666666667,0.8266666666666667
504,10,1992,722,0.94,0.94
504,20,1992,722,0.9833333333333333,0.9833333333333333
504,50,1992,722,0.9966666666666667,0.9966666666666667
504,1,1992,743,0.6166666666666667,0.6166666666666667
504,5,1992,743,0.6933333333333334,0.6933333333333334
504,10,1992,743,0.84,0.84
504,20,1992,743,0.88,0.88
504,50,1992,743,0.9933333333333333,0.9933333333333333
504,1,1993,764,0.5666666666666667,0.5666666666666667
504,5,1993,764,0.7766666666666666,0.7766666666666666
504,10,1993,764,0.8666666666666667,0.8666666666666667
504,20,1993,764,0.9666666666666667,0.9666666666666667
504,50,1993,764,1.0,1.0
504,1,1993,785,0.6333333333333333,0.6333333333333333
504,5,1993,785,0.78,0.78
504,10,1993,785,0.8533333333333334,0.8533333333333334
504,20,1993,785,0.9233333333333333,0.9233333333333333
504,50,1993,785,0.9933333333333333,0.9933333333333333
504,1,1993,806,0.5666666666666667,0.5666666666666667
504,5,1993,806,0.6833333333333333,0.6833333333333333
504,10,1993,806,0.8033333333333333,0.8033333333333333
504,20,1993,806,0.8866666666666667,0.8866666666666667
504,50,1993,806,0.9633333333333334,0.9633333333333334
504,1,1993,827,0.6533333333333333,0.6533333333333333
504,5,1993,827,0.7866666666666666,0.7866666666666666
504,10,1993,827,0.86,0.86
504,20,1993,827,0.96,0.96
504,50,1993,827,0.9966666666666667,0.9966666666666667
504,1,1993,848,0.65,0.65
504,5,1993,848,0.8266666666666667,0.8266666666666667
504,10,1993,848,0.88,0.88
504,20,1993,848,0.96,0.96
504,50,1993,848,0.9966666666666667,0.9966666666666667
504,1,1993,869,0.7566666666666667,0.7566666666666667
504,5,1993,869,0.93,0.93
504,10,1993,869,0.99,0.99
504,20,1993,869,1.0,1.0
504,50,1993,869,1.0,1.0
504,1,1993,890,0.6633333333333333,0.6633333333333333
504,5,1993,890,0.9033333333333333,0.9033333333333333
504,10,1993,890,0.97,0.97
504,20,1993,890,0.9966666666666667,0.9966666666666667
504,50,1993,890,1.0,1.0
504,1,1993,911,0.7166666666666667,0.7166666666666667
504,5,1993,911,0.92,0.92
504,10,1993,911,0.97,0.97
504,20,1993,911,1.0,1.0
504,50,1993,911,1.0,1.0
504,1,1993,932,0.67,0.67
504,5,1993,932,0.85,0.85
504,10,1993,932,0.9566666666666667,0.9566666666666667
504,20,1993,932,0.99,0.99
504,50,1993,932,0.9966666666666667,0.9966666666666667
504,1,1993,953,0.7166666666666667,0.7166666666666667
504,5,1993,953,0.9266666666666666,0.9266666666666666
504,10,1993,953,0.98,0.98
504,20,1993,953,1.0,1.0
504,50,1993,953,1.0,1.0
504,1,1993,974,0.7466666666666667,0.7466666666666667
504,5,1993,974,0.9466666666666667,0.9466666666666667
504,10,1993,974,0.99,0.99
504,20,1993,974,1.0,1.0
504,50,1993,974,1.0,1.0
504,1,1993,995,0.8166666666666667,0.8166666666666667
504,5,1993,995,0.9533333333333334,0.9533333333333334
504,10,1993,995,0.9833333333333333,0.9833333333333333
504,20,1993,995,0.9966666666666667,0.9966666666666667
504,50,1993,995,1.0,1.0
504,1,1994,1016,0.9133333333333333,0.9133333333333333
504,5,1994,1016,0.9866666666666667,0.9866666666666667
504,10,1994,1016,1.0,1.0
504,20,1994,1016,1.0,1.0
504,50,1994,1016,1.0,1.0
504,1,1994,1037,0.8233333333333334,0.8233333333333334
504,5,1994,1037,0.9733333333333334,0.9733333333333334
504,10,1994,1037,1.0,1.0
504,20,1994,1037,1.0,1.0
504,50,1994,1037,1.0,1.0
504,1,1994,1058,0.8833333333333333,0.8833333333333333
504,5,1994,1058,0.9766666666666667,0.9766666666666667
504,10,1994,1058,0.9933333333333333,0.9933333333333333
504,20,1994,1058,1.0,1.0
504,50,1994,1058,1.0,1.0
504,1,1994,1079,0.8533333333333334,0.8533333333333334
504,5,1994,1079,0.97,0.97
504,10,1994,1079,1.0,1.0
504,20,1994,1079,1.0,1.0
504,50,1994,1079,1.0,1.0
504,1,1994,1184,0.9333333333333333,0.9333333333333333
504,5,1994,1184,1.0,1.0
504,10,1994,1184,1.0,1.0
504,20,1994,1184,1.0,1.0
504,50,1994,1184,1.0,1.0
504,1,1994,1226,0.8766666666666667,0.8766666666666667
504,5,1994,1226,1.0,1.0
504,10,1994,1226,1.0,1.0
504,20,1994,1226,1.0,1.0
504,50,1994,1226,1.0,1.0
504,1,1995,1289,0.92,0.92
504,5,1995,1289,0.9966666666666667,0.9966666666666667
504,10,1995,1289,1.0,1.0
504,20,1995,1289,1.0,1.0
504,50,1995,1289,1.0,1.0
504,1,1995,1310,0.9366666666666666,0.9366666666666666
504,5,1995,1310,1.0,1.0
504,10,1995,1310,1.0,1.0
504,20,1995,1310,1.0,1.0
504,50,1995,1310,1.0,1.0
504,1,1995,1331,0.93,0.93
504,5,1995,1331,1.0,1.0
504,10,1995,1331,1.0,1.0
504,20,1995,1331,1.0,1.0
504,50,1995,1331,1.0,1.0
504,1,1995,1352,0.9266666666666666,0.9266666666666666
504,5,1995,1352,1.0,1.0
504,10,1995,1352,1.0,1.0
504,20,1995,1352,1.0,1.0
504,50,1995,1352,1.0,1.0
504,1,1995,1373,0.9066666666666666,0.9066666666666666
504,5,1995,1373,0.99,0.99
504,10,1995,1373,1.0,1.0
504,20,1995,1373,1.0,1.0
504,50,1995,1373,1.0,1.0
504,1,1995,1394,0.92,0.92
504,5,1995,1394,1.0,1.0
504,10,1995,1394,1.0,1.0
504,20,1995,1394,1.0,1.0
504,50,1995,1394,1.0,1.0
504,1,1995,1415,0.9366666666666666,0.9366666666666666
504,5,1995,1415,1.0,1.0
504,10,1995,1415,1.0,1.0
504,20,1995,1415,1.0,1.0
504,50,1995,1415,1.0,1.0
504,1,1995,1436,0.9433333333333334,0.9433333333333334
504,5,1995,1436,0.9933333333333333,0.9933333333333333
504,10,1995,1436,1.0,1.0
504,20,1995,1436,1.0,1.0
504,50,1995,1436,1.0,1.0
504,1,1995,1457,0.9566666666666667,0.9566666666666667
504,5,1995,1457,1.0,1.0
504,10,1995,1457,1.0,1.0
504,20,1995,1457,1.0,1.0
504,50,1995,1457,1.0,1.0
504,1,1995,1478,0.9433333333333334,0.9433333333333334
504,5,1995,1478,1.0,1.0
504,10,1995,1478,1.0,1.0
504,20,1995,1478,1.0,1.0
504,50,1995,1478,1.0,1.0
504,1,1995,1499,0.9566666666666667,0.9566666666666667
504,5,1995,1499,1.0,1.0
504,10,1995,1499,1.0,1.0
504,20,1995,1499,1.0,1.0
504,50,1995,1499,1.0,1.0
504,1,1996,1520,0.9133333333333333,0.9133333333333333
504,5,1996,1520,1.0,1.0
504,10,1996,1520,1.0,1.0
504,20,1996,1520,1.0,1.0
504,50,1996,1520,1.0,1.0
504,1,1996,1541,0.94,0.94
504,5,1996,1541,0.9966666666666667,0.9966666666666667
504,10,1996,1541,1.0,1.0
504,20,1996,1541,1.0,1.0
504,50,1996,1541,1.0,1.0
504,1,1996,1562,0.97,0.97
504,5,1996,1562,1.0,1.0
504,10,1996,1562,1.0,1.0
504,20,1996,1562,1.0,1.0
504,50,1996,1562,1.0,1.0
504,1,1996,1583,0.94,0.94
504,5,1996,1583,1.0,1.0
504,10,1996,1583,1.0,1.0
504,20,1996,1583,1.0,1.0
504,50,1996,1583,1.0,1.0
504,1,1996,1604,0.9233333333333333,0.9233333333333333
504,5,1996,1604,1.0,1.0
504,10,1996,1604,1.0,1.0
504,20,1996,1604,1.0,1.0
504,50,1996,1604,1.0,1.0
504,1,1996,1625,0.9533333333333334,0.9533333333333334
504,5,1996,1625,1.0,1.0
504,10,1996,1625,1.0,1.0
504,20,1996,1625,1.0,1.0
504,50,1996,1625,1.0,1.0
504,1,1996,1646,0.9666666666666667,0.9666666666666667
504,5,1996,1646,0.9966666666666667,0.9966666666666667
504,10,1996,1646,1.0,1.0
504,20,1996,1646,1.0,1.0
504,50,1996,1646,1.0,1.0
504,1,1996,1730,0.8633333333333333,0.8633333333333333
504,5,1996,1730,0.9833333333333333,0.9833333333333333
504,10,1996,1730,0.99,0.99
504,20,1996,1730,0.9966666666666667,0.9966666666666667
504,50,1996,1730,1.0,1.0
504,1,1996,1772,0.89,0.89
504,5,1996,1772,0.9766666666666667,0.9766666666666667
504,10,1996,1772,0.9966666666666667,0.9966666666666667
504,20,1996,1772,1.0,1.0
504,50,1996,1772,1.0,1.0
504,1,1996,1793,0.8133333333333334,0.8133333333333334
504,5,1996,1793,0.9666666666666667,0.9666666666666667
504,10,1996,1793,0.9966666666666667,0.9966666666666667
504,20,1996,1793,1.0,1.0
504,50,1996,1793,1.0,1.0
504,1,1997,1814,0.7566666666666667,0.7566666666666667
504,5,1997,1814,0.96,0.96
504,10,1997,1814,0.9866666666666667,0.9866666666666667
504,20,1997,1814,1.0,1.0
504,50,1997,1814,1.0,1.0
504,1,1997,1835,0.7,0.7
504,5,1997,1835,0.93,0.93
504,10,1997,1835,0.9733333333333334,0.9733333333333334
504,20,1997,1835,1.0,1.0
504,50,1997,1835,1.0,1.0
504,1,1997,1856,0.69,0.69
504,5,1997,1856,0.87,0.87
504,10,1997,1856,0.9433333333333334,0.9433333333333334
504,20,1997,1856,0.9933333333333333,0.9933333333333333
504,50,1997,1856,1.0,1.0
504,1,1997,1877,0.6866666666666666,0.6866666666666666
504,5,1997,1877,0.89,0.89
504,10,1997,1877,0.93,0.93
504,20,1997,1877,0.9733333333333334,0.9733333333333334
504,50,1997,1877,1.0,1.0
504,1,1997,1898,0.6566666666666666,0.6566666666666666
504,5,1997,1898,0.9066666666666666,0.9066666666666666
504,10,1997,1898,0.9733333333333334,0.9733333333333334
504,20,1997,1898,1.0,1.0
504,50,1997,1898,1.0,1.0
504,1,1997,1919,0.73,0.73
504,5,1997,1919,0.92,0.92
504,10,1997,1919,0.9733333333333334,0.9733333333333334
504,20,1997,1919,0.9966666666666667,0.9966666666666667
504,50,1997,1919,1.0,1.0
504,1,1997,1940,0.66,0.66
504,5,1997,1940,0.8766666666666667,0.8766666666666667
504,10,1997,1940,0.9433333333333334,0.9433333333333334
504,20,1997,1940,0.9966666666666667,0.9966666666666667
504,50,1997,1940,1.0,1.0
504,1,1997,1961,0.59,0.59
504,5,1997,1961,0.7833333333333333,0.7833333333333333
504,10,1997,1961,0.8166666666666667,0.8166666666666667
504,20,1997,1961,0.9233333333333333,0.9233333333333333
504,50,1997,1961,0.9933333333333333,0.9933333333333333
504,1,1997,1982,0.55,0.55
504,5,1997,1982,0.66,0.66
504,10,1997,1982,0.7766666666666666,0.7766666666666666
504,20,1997,1982,0.83,0.83
504,50,1997,1982,0.9233333333333333,0.9233333333333333
504,1,1997,2003,0.46,0.46
504,5,1997,2003,0.45,0.45
504,10,1997,2003,0.45666666666666667,0.45666666666666667
504,20,1997,2003,0.2966666666666667,0.2966666666666667
504,50,1997,2003,0.26,0.26
504,1,1997,2024,0.5233333333333333,0.5233333333333333
504,5,1997,2024,0.5533333333333333,0.5533333333333333
504,10,1997,2024,0.61,0.61
504,20,1997,2024,0.64,0.64
504,50,1997,2024,0.7566666666666667,0.7566666666666667
504,1,1997,2045,0.36333333333333334,0.36333333333333334
504,5,1997,2045,0.2833333333333333,0.2833333333333333
504,10,1997,2045,0.19666666666666666,0.19666666666666666
504,20,1997,2045,0.14,0.14
504,50,1997,2045,0.06333333333333334,0.06333333333333334
504,1,1998,2066,0.25666666666666665,0.25666666666666665
504,5,1998,2066,0.18,0.18
504,10,1998,2066,0.15333333333333332,0.15333333333333332
504,20,1998,2066,0.08333333333333333,0.08333333333333333
504,50,1998,2066,0.016666666666666666,0.016666666666666666
504,1,1998,2087,0.29,0.29
504,5,1998,2087,0.11333333333333333,0.11333333333333333
504,10,1998,2087,0.08666666666666667,0.08666666666666667
504,20,1998,2087,0.05333333333333334,0.05333333333333334
504,50,1998,2087,0.006666666666666667,0.006666666666666667
504,1,1998,2108,0.17,0.17
504,5,1998,2108,0.07,0.07
504,10,1998,2108,0.02666666666666667,0.02666666666666667
504,20,1998,2108,0.0033333333333333335,0.0033333333333333335
504,50,1998,2108,0.0,0.0
504,1,1998,2129,0.22666666666666666,0.22666666666666666
504,5,1998,2129,0.13333333333333333,0.13333333333333333
504,10,1998,2129,0.05333333333333334,0.05333333333333334
504,20,1998,2129,0.013333333333333334,0.013333333333333334
504,50,1998,2129,0.0,0.0
504,1,1998,2150,0.32666666666666666,0.32666666666666666
504,5,1998,2150,0.14333333333333334,0.14333333333333334
504,10,1998,2150,0.09333333333333334,0.09333333333333334
504,20,1998,2150,0.03,0.03
504,50,1998,2150,0.0,0.0
504,1,1998,2171,0.33,0.33
504,5,1998,2171,0.15666666666666668,0.15666666666666668
504,10,1998,2171,0.09,0.09
504,20,1998,2171,0.06666666666666667,0.06666666666666667
504,50,1998,2171,0.0,0.0
504,1,1998,2192,0.2633333333333333,0.2633333333333333
504,5,1998,2192,0.12333333333333334,0.12333333333333334
504,10,1998,2192,0.03666666666666667,0.03666666666666667
504,20,1998,2192,0.0033333333333333335,0.0033333333333333335
504,50,1998,2192,0.0,0.0
504,1,1999,2444,0.8933333333333333,0.8933333333333333
504,5,1999,2444,0.9866666666666667,0.9866666666666667
504,10,1999,2444,0.9966666666666667,0.9966666666666667
504,20,1999,2444,1.0,1.0
504,50,1999,2444,1.0,1.0
504,1,1999,2465,0.84,0.84
504,5,1999,2465,0.9733333333333334,0.9733333333333334
504,10,1999,2465,0.9966666666666667,0.9966666666666667
504,20,1999,2465,1.0,1.0
504,50,1999,2465,1.0,1.0
504,1,1999,2486,0.82,0.82
504,5,1999,2486,0.9866666666666667,0.9866666666666667
504,10,1999,2486,0.9966666666666667,0.9966666666666667
504,20,1999,2486,1.0,1.0
504,50,1999,2486,1.0,1.0
504,1,1999,2507,0.78,0.78
504,5,1999,2507,0.9366666666666666,0.9366666666666666
504,10,1999,2507,0.9766666666666667,0.9766666666666667
504,20,1999,2507,1.0,1.0
504,50,1999,2507,1.0,1.0
504,1,2000,2717,0.89,0.89
504,5,2000,2717,0.9933333333333333,0.9933333333333333
504,10,2000,2717,1.0,1.0
504,20,2000,2717,1.0,1.0
504,50,2000,2717,1.0,1.0
504,1,2000,2738,0.8366666666666667,0.8366666666666667
504,5,2000,2738,0.9933333333333333,0.9933333333333333
504,10,2000,2738,1.0,1.0
504,20,2000,2738,1.0,1.0
504,50,2000,2738,1.0,1.0
504,1,2000,2759,0.78,0.78
504,5,2000,2759,0.9666666666666667,0.9666666666666667
504,10,2000,2759,1.0,1.0
504,20,2000,2759,1.0,1.0
504,50,2000,2759,1.0,1.0
504,1,2001,2843,0.9166666666666666,0.9166666666666666
504,5,2001,2843,1.0,1.0
504,10,2001,2843,1.0,1.0
504,20,2001,2843,1.0,1.0
504,50,2001,2843,1.0,1.0
504,1,2001,2906,0.8566666666666667,0.8566666666666667
504,5,2001,2906,0.9933333333333333,0.9933333333333333
504,10,2001,2906,1.0,1.0
504,20,2001,2906,1.0,1.0
504,50,2001,2906,1.0,1.0
504,1,2001,2927,0.9366666666666666,0.9366666666666666
504,5,2001,2927,1.0,1.0
504,10,2001,2927,1.0,1.0
504,20,2001,2927,1.0,1.0
504,50,2001,2927,1.0,1.0
504,1,2001,2948,0.8533333333333334,0.8533333333333334
504,5,2001,2948,1.0,1.0
504,10,2001,2948,1.0,1.0
504,20,2001,2948,1.0,1.0
504,50,2001,2948,1.0,1.0
504,1,2001,2969,0.85,0.85
504,5,2001,2969,0.99,0.99
504,10,2001,2969,0.9966666666666667,0.9966666666666667
504,20,2001,2969,1.0,1.0
504,50,2001,2969,1.0,1.0
504,1,2001,2990,0.8833333333333333,0.8833333333333333
504,5,2001,2990,0.9866666666666667,0.9866666666666667
504,10,2001,2990,1.0,1.0
504,20,2001,2990,1.0,1.0
504,50,2001,2990,1.0,1.0
504,1,2001,3053,0.93,0.93
504,5,2001,3053,0.9866666666666667,0.9866666666666667
504,10,2001,3053,1.0,1.0
504,20,2001,3053,1.0,1.0
504,50,2001,3053,1.0,1.0
504,1,2002,3074,0.96,0.96
504,5,2002,3074,0.9966666666666667,0.9966666666666667
504,10,2002,3074,1.0,1.0
504,20,2002,3074,1.0,1.0
504,50,2002,3074,1.0,1.0
504,1,2002,3095,0.9066666666666666,0.9066666666666666
504,5,2002,3095,1.0,1.0
504,10,2002,3095,1.0,1.0
504,20,2002,3095,1.0,1.0
504,50,2002,3095,1.0,1.0
504,1,2002,3116,0.89,0.89
504,5,2002,3116,1.0,1.0
504,10,2002,3116,1.0,1.0
504,20,2002,3116,1.0,1.0
504,50,2002,3116,1.0,1.0
504,1,2002,3137,0.88,0.88
504,5,2002,3137,1.0,1.0
504,10,2002,3137,1.0,1.0
504,20,2002,3137,1.0,1.0
504,50,2002,3137,1.0,1.0
504,1,2002,3158,0.8533333333333334,0.8533333333333334
504,5,2002,3158,0.9966666666666667,0.9966666666666667
504,10,2002,3158,1.0,1.0
504,20,2002,3158,1.0,1.0
504,50,2002,3158,1.0,1.0
504,1,2002,3179,0.8766666666666667,0.8766666666666667
504,5,2002,3179,1.0,1.0
504,10,2002,3179,1.0,1.0
504,20,2002,3179,1.0,1.0
504,50,2002,3179,1.0,1.0
504,1,2003,3389,0.9833333333333333,0.9833333333333333
504,5,2003,3389,1.0,1.0
504,10,2003,3389,1.0,1.0
504,20,2003,3389,1.0,1.0
504,50,2003,3389,1.0,1.0
504,1,2003,3410,0.9466666666666667,0.9466666666666667
504,5,2003,3410,1.0,1.0
504,10,2003,3410,1.0,1.0
504,20,2003,3410,1.0,1.0
504,50,2003,3410,1.0,1.0
504,1,2003,3431,0.9233333333333333,0.9233333333333333
504,5,2003,3431,1.0,1.0
504,10,2003,3431,1.0,1.0
504,20,2003,3431,1.0,1.0
504,50,2003,3431,1.0,1.0
504,1,2003,3452,0.9733333333333334,0.9733333333333334
504,5,2003,3452,1.0,1.0
504,10,2003,3452,1.0,1.0
504,20,2003,3452,1.0,1.0
504,50,2003,3452,1.0,1.0
504,1,2003,3473,0.9733333333333334,0.9733333333333334
504,5,2003,3473,1.0,1.0
504,10,2003,3473,1.0,1.0
504,20,2003,3473,1.0,1.0
504,50,2003,3473,1.0,1.0
504,1,2003,3494,0.9466666666666667,0.9466666666666667
504,5,2003,3494,1.0,1.0
504,10,2003,3494,1.0,1.0
504,20,2003,3494,1.0,1.0
504,50,2003,3494,1.0,1.0
504,1,2003,3515,0.9233333333333333,0.9233333333333333
504,5,2003,3515,1.0,1.0
504,10,2003,3515,1.0,1.0
504,20,2003,3515,1.0,1.0
504,50,2003,3515,1.0,1.0
504,1,2003,3536,0.88,0.88
504,5,2003,3536,0.9833333333333333,0.9833333333333333
504,10,2003,3536,1.0,1.0
504,20,2003,3536,1.0,1.0
504,50,2003,3536,1.0,1.0
504,1,2003,3557,0.8533333333333334,0.8533333333333334
504,5,2003,3557,0.97,0.97
504,10,2003,3557,1.0,1.0
504,20,2003,3557,1.0,1.0
504,50,2003,3557,1.0,1.0
504,1,2004,3578,0.86,0.86
504,5,2004,3578,0.9933333333333333,0.9933333333333333
504,10,2004,3578,1.0,1.0
504,20,2004,3578,1.0,1.0
504,50,2004,3578,1.0,1.0
504,1,2004,3599,0.8,0.8
504,5,2004,3599,0.9766666666666667,0.9766666666666667
504,10,2004,3599,1.0,1.0
504,20,2004,3599,1.0,1.0
504,50,2004,3599,1.0,1.0
504,1,2004,3620,0.7866666666666666,0.7866666666666666
504,5,2004,3620,0.98,0.98
504,10,2004,3620,0.9966666666666667,0.9966666666666667
504,20,2004,3620,1.0,1.0
504,50,2004,3620,1.0,1.0
504,1,2004,3641,0.8433333333333334,0.8433333333333334
504,5,2004,3641,0.9666666666666667,0.9666666666666667
504,10,2004,3641,1.0,1.0
504,20,2004,3641,1.0,1.0
504,50,2004,3641,1.0,1.0
504,1,2004,3662,0.7966666666666666,0.7966666666666666
504,5,2004,3662,0.9733333333333334,0.9733333333333334
504,10,2004,3662,0.9966666666666667,0.9966666666666667
504,20,2004,3662,1.0,1.0
504,50,2004,3662,1.0,1.0
504,1,2004,3683,0.7566666666666667,0.7566666666666667
504,5,2004,3683,0.9666666666666667,0.9666666666666667
504,10,2004,3683,0.99,0.99
504,20,2004,3683,1.0,1.0
504,50,2004,3683,1.0,1.0
504,1,2004,3704,0.8233333333333334,0.8233333333333334
504,5,2004,3704,0.9733333333333334,0.9733333333333334
504,10,2004,3704,0.9933333333333333,0.9933333333333333
504,20,2004,3704,1.0,1.0
504,50,2004,3704,1.0,1.0
504,1,2004,3767,0.8966666666666666,0.8966666666666666
504,5,2004,3767,0.9833333333333333,0.9833333333333333
504,10,2004,3767,0.9966666666666667,0.9966666666666667
504,20,2004,3767,1.0,1.0
504,50,2004,3767,1.0,1.0
504,1,2004,3788,0.8366666666666667,0.8366666666666667
504,5,2004,3788,0.9933333333333333,0.9933333333333333
504,10,2004,3788,1.0,1.0
504,20,2004,3788,1.0,1.0
504,50,2004,3788,1.0,1.0
504,1,2004,3809,0.9133333333333333,0.9133333333333333
504,5,2004,3809,0.9966666666666667,0.9966666666666667
504,10,2004,3809,1.0,1.0
504,20,2004,3809,1.0,1.0
504,50,2004,3809,1.0,1.0
504,1,2005,3830,0.92,0.92
504,5,2005,3830,0.9933333333333333,0.9933333333333333
504,10,2005,3830,1.0,1.0
504,20,2005,3830,1.0,1.0
504,50,2005,3830,1.0,1.0
504,1,2005,3851,0.8866666666666667,0.8866666666666667
504,5,2005,3851,0.9933333333333333,0.9933333333333333
504,10,2005,3851,1.0,1.0
504,20,2005,3851,1.0,1.0
504,50,2005,3851,1.0,1.0
504,1,2005,3872,0.8766666666666667,0.8766666666666667
504,5,2005,3872,0.98,0.98
504,10,2005,3872,1.0,1.0
504,20,2005,3872,1.0,1.0
504,50,2005,3872,1.0,1.0
504,1,2005,3893,0.8866666666666667,0.8866666666666667
504,5,2005,3893,0.9966666666666667,0.9966666666666667
504,10,2005,3893,1.0,1.0
504,20,2005,3893,1.0,1.0
504,50,2005,3893,1.0,1.0
504,1,2005,3914,0.9133333333333333,0.9133333333333333
504,5,2005,3914,0.9933333333333333,0.9933333333333333
504,10,2005,3914,1.0,1.0
504,20,2005,3914,1.0,1.0
504,50,2005,3914,1.0,1.0
504,1,2005,3935,0.8966666666666666,0.8966666666666666
504,5,2005,3935,0.9866666666666667,0.9866666666666667
504,10,2005,3935,1.0,1.0
504,20,2005,3935,1.0,1.0
504,50,2005,3935,1.0,1.0
504,1,2005,3956,0.8466666666666667,0.8466666666666667
504,5,2005,3956,0.99,0.99
504,10,2005,3956,1.0,1.0
504,20,2005,3956,1.0,1.0
504,50,2005,3956,1.0,1.0
504,1,2005,3977,0.7666666666666667,0.7666666666666667
504,5,2005,3977,0.9566666666666667,0.9566666666666667
504,10,2005,3977,1.0,1.0
504,20,2005,3977,1.0,1.0
504,50,2005,3977,1.0,1.0
504,1,2005,3998,0.8033333333333333,0.8033333333333333
504,5,2005,3998,0.97,0.97
504,10,2005,3998,0.99,0.99
504,20,2005,3998,1.0,1.0
504,50,2005,3998,1.0,1.0
504,1,2005,4019,0.7966666666666666,0.7966666666666666
504,5,2005,4019,0.9933333333333333,0.9933333333333333
504,10,2005,4019,1.0,1.0
504,20,2005,4019,1.0,1.0
504,50,2005,4019,1.0,1.0
504,1,2005,4040,0.7733333333333333,0.7733333333333333
504,5,2005,4040,0.9833333333333333,0.9833333333333333
504,10,2005,4040,0.9933333333333333,0.9933333333333333
504,20,2005,4040,1.0,1.0
504,50,2005,4040,1.0,1.0
504,1,2005,4061,0.6866666666666666,0.6866666666666666
504,5,2005,4061,0.9,0.9
504,10,2005,4061,0.99,0.99
504,20,2005,4061,1.0,1.0
504,50,2005,4061,1.0,1.0
504,1,2006,4082,0.6033333333333334,0.6033333333333334
504,5,2006,4082,0.6666666666666666,0.6666666666666666
504,10,2006,4082,0.7766666666666666,0.7766666666666666
504,20,2006,4082,0.8766666666666667,0.8766666666666667
504,50,2006,4082,0.9733333333333334,0.9733333333333334
504,1,2006,4103,0.54,0.54
504,5,2006,4103,0.6666666666666666,0.6666666666666666
504,10,2006,4103,0.8033333333333333,0.8033333333333333
504,20,2006,4103,0.85,0.85
504,50,2006,4103,0.98,0.98
504,1,2006,4124,0.49333333333333335,0.49333333333333335
504,5,2006,4124,0.5066666666666667,0.5066666666666667
504,10,2006,4124,0.5833333333333334,0.5833333333333334
504,20,2006,4124,0.65,0.65
504,50,2006,4124,0.76,0.76
504,1,2006,4145,0.4666666666666667,0.4666666666666667
504,5,2006,4145,0.5,0.5
504,10,2006,4145,0.54,0.54
504,20,2006,4145,0.62,0.62
504,50,2006,4145,0.6566666666666666,0.6566666666666666
504,1,2006,4166,0.5733333333333334,0.5733333333333334
504,5,2006,4166,0.6166666666666667,0.6166666666666667
504,10,2006,4166,0.6266666666666667,0.6266666666666667
504,20,2006,4166,0.71,0.71
504,50,2006,4166,0.7766666666666666,0.7766666666666666
504,1,2006,4187,0.48333333333333334,0.48333333333333334
504,5,2006,4187,0.5633333333333334,0.5633333333333334
504,10,2006,4187,0.5933333333333334,0.5933333333333334
504,20,2006,4187,0.5733333333333334,0.5733333333333334
504,50,2006,4187,0.6833333333333333,0.6833333333333333
504,1,2006,4208,0.42,0.42
504,5,2006,4208,0.2833333333333333,0.2833333333333333
504,10,2006,4208,0.16,0.16
504,20,2006,4208,0.10333333333333333,0.10333333333333333
504,50,2006,4208,0.03333333333333333,0.03333333333333333
504,1,2006,4271,0.13666666666666666,0.13666666666666666
504,5,2006,4271,0.013333333333333334,0.013333333333333334
504,10,2006,4271,0.04,0.04
504,20,2006,4271,0.07666666666666666,0.07666666666666666
504,50,2006,4271,0.10666666666666667,0.10666666666666667
504,1,2006,4292,0.17,0.17
504,5,2006,4292,0.01,0.01
504,10,2006,4292,0.0,0.0
504,20,2006,4292,0.0,0.0
504,50,2006,4292,0.0,0.0
504,1,2006,4313,0.11666666666666667,0.11666666666666667
504,5,2006,4313,0.016666666666666666,0.016666666666666666
504,10,2006,4313,0.016666666666666666,0.016666666666666666
504,20,2006,4313,0.02,0.02
504,50,2006,4313,0.0,0.0
504,1,2007,4334,0.09333333333333334,0.09333333333333334
504,5,2007,4334,0.02,0.02
504,10,2007,4334,0.0033333333333333335,0.0033333333333333335
504,20,2007,4334,0.01,0.01
504,50,2007,4334,0.006666666666666667,0.006666666666666667
504,1,2007,4355,0.07,0.07
504,5,2007,4355,0.006666666666666667,0.006666666666666667
504,10,2007,4355,0.016666666666666666,0.016666666666666666
504,20,2007,4355,0.023333333333333334,0.023333333333333334
504,50,2007,4355,0.0,0.0
504,1,2007,4376,0.05333333333333334,0.05333333333333334
504,5,2007,4376,0.01,0.01
504,10,2007,4376,0.023333333333333334,0.023333333333333334
504,20,2007,4376,0.03333333333333333,0.03333333333333333
504,50,2007,4376,0.09333333333333334,0.09333333333333334
504,1,2007,4397,0.09333333333333334,0.09333333333333334
504,5,2007,4397,0.0033333333333333335,0.0033333333333333335
504,10,2007,4397,0.0,0.0
504,20,2007,4397,0.0,0.0
504,50,2007,4397,0.0,0.0
504,1,2007,4418,0.07666666666666666,0.07666666666666666
504,5,2007,4418,0.0033333333333333335,0.0033333333333333335
504,10,2007,4418,0.0,0.0
504,20,2007,4418,0.0,0.0
504,50,2007,4418,0.0,0.0
504,1,2007,4439,0.11333333333333333,0.11333333333333333
504,5,2007,4439,0.016666666666666666,0.016666666666666666
504,10,2007,4439,0.0,0.0
504,20,2007,4439,0.0,0.0
504,50,2007,4439,0.0,0.0
504,1,2007,4460,0.13666666666666666,0.13666666666666666
504,5,2007,4460,0.0,0.0
504,10,2007,4460,0.0,0.0
504,20,2007,4460,0.0,0.0
504,50,2007,4460,0.0,0.0
504,1,2007,4523,0.38333333333333336,0.38333333333333336
504,5,2007,4523,0.18333333333333332,0.18333333333333332
504,10,2007,4523,0.04666666666666667,0.04666666666666667
504,20,2007,4523,0.01,0.01
504,50,2007,4523,0.0033333333333333335,0.0033333333333333335
504,1,2009,4985,0.7,0.7
504,5,2009,4985,0.75,0.5933333333333334
504,10,2009,4985,0.7333333333333333,0.5566666666666666
504,20,2009,4985,0.8766666666666667,0.6533333333333333
504,50,2009,4985,0.9366666666666666,0.67
504,1,2009,5006,0.7833333333333333,0.77
504,5,2009,5006,0.9533333333333334,0.8466666666666667
504,10,2009,5006,0.9666666666666667,0.8933333333333333
504,20,2009,5006,0.9966666666666667,0.96
504,50,2009,5006,1.0,1.0
504,1,2009,5027,0.7966666666666666,0.78
504,5,2009,5027,0.92,0.8566666666666667
504,10,2009,5027,0.9866666666666667,0.94
504,20,2009,5027,0.9966666666666667,0.9766666666666667
504,50,2009,5027,1.0,0.9966666666666667
504,1,2009,5048,0.8566666666666667,0.8366666666666667
504,5,2009,5048,0.9666666666666667,0.91
504,10,2009,5048,1.0,0.9833333333333333
504,20,2009,5048,1.0,1.0
504,50,2009,5048,1.0,1.0
504,1,2009,5069,0.8733333333333333,0.8566666666666667
504,5,2009,5069,0.9866666666666667,0.9033333333333333
504,10,2009,5069,1.0,0.98
504,20,2009,5069,1.0,0.9933333333333333
504,50,2009,5069,1.0,1.0
504,1,2010,5090,0.85,0.8266666666666667
504,5,2010,5090,0.97,0.9166666666666666
504,10,2010,5090,1.0,0.98
504,20,2010,5090,1.0,0.9966666666666667
504,50,2010,5090,1.0,1.0
504,1,2010,5111,0.9033333333333333,0.8966666666666666
504,5,2010,5111,0.99,0.9433333333333334
504,10,2010,5111,1.0,0.9866666666666667
504,20,2010,5111,1.0,1.0
504,50,2010,5111,1.0,1.0
504,1,2010,5132,0.9066666666666666,0.9033333333333333
504,5,2010,5132,0.9933333333333333,0.9466666666666667
504,10,2010,5132,1.0,0.9866666666666667
504,20,2010,5132,1.0,1.0
504,50,2010,5132,1.0,1.0
504,1,2010,5153,0.8933333333333333,0.8866666666666667
504,5,2010,5153,0.98,0.9466666666666667
504,10,2010,5153,1.0,0.99
504,20,2010,5153,1.0,1.0
504,50,2010,5153,1.0,1.0
504,1,2010,5174,0.8833333333333333,0.8833333333333333
504,5,2010,5174,0.9733333333333334,0.88
504,10,2010,5174,1.0,0.97
504,20,2010,5174,1.0,0.9933333333333333
504,50,2010,5174,1.0,1.0
504,1,2010,5195,0.8133333333333334,0.7733333333333333
504,5,2010,5195,0.97,0.7033333333333334
504,10,2010,5195,0.9966666666666667,0.74
504,20,2010,5195,0.9966666666666667,0.8666666666666667
504,50,2010,5195,1.0,0.9433333333333334
504,1,2010,5216,0.75,0.7233333333333334
504,5,2010,5216,0.9433333333333334,0.5633333333333334
504,10,2010,5216,0.9833333333333333,0.5733333333333334
504,20,2010,5216,0.9966666666666667,0.63
504,50,2010,5216,1.0,0.69
504,1,2010,5279,0.83,0.82
504,5,2010,5279,0.98,0.8533333333333334
504,10,2010,5279,1.0,0.92
504,20,2010,5279,1.0,0.98
504,50,2010,5279,1.0,1.0
504,1,2010,5300,0.8133333333333334,0.81
504,5,2010,5300,0.9633333333333334,0.86
504,10,2010,5300,0.9866666666666667,0.8866666666666667
504,20,2010,5300,0.9933333333333333,0.9633333333333334
504,50,2010,5300,1.0,0.9966666666666667
504,1,2010,5321,0.8033333333333333,0.7833333333333333
504,5,2010,5321,0.9633333333333334,0.8533333333333334
504,10,2010,5321,0.9833333333333333,0.93
504,20,2010,5321,1.0,0.9833333333333333
504,50,2010,5321,1.0,1.0
504,1,2011,5342,0.8233333333333334,0.8033333333333333
504,5,2011,5342,0.9733333333333334,0.8966666666666666
504,10,2011,5342,1.0,0.99
504,20,2011,5342,1.0,1.0
504,50,2011,5342,1.0,1.0
504,1,2011,5363,0.8266666666666667,0.8233333333333334
504,5,2011,5363,0.97,0.9133333333333333
504,10,2011,5363,0.99,0.9766666666666667
504,20,2011,5363,1.0,1.0
504,50,2011,5363,1.0,1.0
504,1,2011,5384,0.8633333333333333,0.8633333333333333
504,5,2011,5384,0.9933333333333333,0.9466666666666667
504,10,2011,5384,1.0,0.9733333333333334
504,20,2011,5384,1.0,0.9966666666666667
504,50,2011,5384,1.0,1.0
504,1,2011,5405,0.8633333333333333,0.85
504,5,2011,5405,0.9733333333333334,0.9166666666666666
504,10,2011,5405,0.9966666666666667,0.98
504,20,2011,5405,1.0,1.0
504,50,2011,5405,1.0,1.0
504,1,2011,5426,0.87,0.8566666666666667
504,5,2011,5426,0.9933333333333333,0.95
504,10,2011,5426,1.0,0.9833333333333333
504,20,2011,5426,1.0,1.0
504,50,2011,5426,1.0,1.0
504,1,2011,5447,0.8966666666666666,0.8766666666666667
504,5,2011,5447,0.9833333333333333,0.94
504,10,2011,5447,1.0,0.99
504,20,2011,5447,1.0,1.0
504,50,2011,5447,1.0,1.0
504,1,2011,5468,0.89,0.8833333333333333
504,5,2011,5468,0.9866666666666667,0.95
504,10,2011,5468,1.0,0.99
504,20,2011,5468,1.0,0.9966666666666667
504,50,2011,5468,1.0,1.0
504,1,2012,5615,0.8566666666666667,0.83
504,5,2012,5615,0.9733333333333334,0.9066666666666666
504,10,2012,5615,0.9966666666666667,0.9433333333333334
504,20,2012,5615,1.0,0.9966666666666667
504,50,2012,5615,1.0,1.0
504,1,2012,5636,0.8966666666666666,0.8866666666666667
504,5,2012,5636,0.9966666666666667,0.9766666666666667
504,10,2012,5636,1.0,0.9933333333333333
504,20,2012,5636,1.0,1.0
504,50,2012,5636,1.0,1.0
504,1,2012,5657,0.9,0.8966666666666666
504,5,2012,5657,0.9933333333333333,0.98
504,10,2012,5657,1.0,0.9933333333333333
504,20,2012,5657,1.0,1.0
504,50,2012,5657,1.0,1.0
504,1,2012,5678,0.9066666666666666,0.9033333333333333
504,5,2012,5678,1.0,0.9533333333333334
504,10,2012,5678,1.0,0.9933333333333333
504,20,2012,5678,1.0,1.0
504,50,2012,5678,1.0,1.0
504,1,2012,5720,0.8766666666666667,0.8666666666666667
504,5,2012,5720,0.99,0.91
504,10,2012,5720,0.9966666666666667,0.9766666666666667
504,20,2012,5720,1.0,0.9933333333333333
504,50,2012,5720,1.0,1.0
504,1,2012,5741,0.87,0.86
504,5,2012,5741,0.9833333333333333,0.8966666666666666
504,10,2012,5741,1.0,0.9933333333333333
504,20,2012,5741,1.0,0.9933333333333333
504,50,2012,5741,1.0,1.0
504,1,2012,5762,0.9233333333333333,0.91
504,5,2012,5762,0.99,0.9566666666666667
504,10,2012,5762,1.0,0.9733333333333334
504,20,2012,5762,1.0,0.9966666666666667
504,50,2012,5762,1.0,1.0
504,1,2012,5783,0.89,0.87
504,5,2012,5783,0.9866666666666667,0.93
504,10,2012,5783,0.9966666666666667,0.9633333333333334
504,20,2012,5783,1.0,1.0
504,50,2012,5783,1.0,1.0
504,1,2012,5825,0.87,0.8466666666666667
504,5,2012,5825,0.9833333333333333,0.94
504,10,2012,5825,1.0,0.9733333333333334
504,20,2012,5825,1.0,0.9966666666666667
504,50,2012,5825,1.0,1.0
504,1,2013,5846,0.8933333333333333,0.86
504,5,2013,5846,0.9766666666666667,0.9433333333333334
504,10,2013,5846,1.0,0.98
504,20,2013,5846,1.0,1.0
504,50,2013,5846,1.0,1.0
504,1,2013,5867,0.86,0.8333333333333334
504,5,2013,5867,0.99,0.91
504,10,2013,5867,1.0,0.98
504,20,2013,5867,1.0,0.9966666666666667
504,50,2013,5867,1.0,1.0
504,1,2013,5888,0.8233333333333334,0.7933333333333333
504,5,2013,5888,0.9833333333333333,0.91
504,10,2013,5888,1.0,0.96
504,20,2013,5888,1.0,0.98
504,50,2013,5888,1.0,1.0
504,1,2013,5909,0.8866666666666667,0.85
504,5,2013,5909,0.9933333333333333,0.9066666666666666
504,10,2013,5909,1.0,0.9266666666666666
504,20,2013,5909,1.0,0.9866666666666667
504,50,2013,5909,1.0,1.0
504,1,2013,5930,0.8433333333333334,0.8166666666666667
504,5,2013,5930,0.95,0.78
504,10,2013,5930,0.9933333333333333,0.9166666666666666
504,20,2013,5930,1.0,0.97
504,50,2013,5930,1.0,1.0
504,1,2013,5951,0.8766666666666667,0.8333333333333334
504,5,2013,5951,0.9733333333333334,0.8333333333333334
504,10,2013,5951,0.99,0.9
504,20,2013,5951,1.0,0.9633333333333334
504,50,2013,5951,1.0,1.0
504,1,2013,5972,0.85,0.8133333333333334
504,5,2013,5972,0.9666666666666667,0.8533333333333334
504,10,2013,5972,1.0,0.8933333333333333
504,20,2013,5972,1.0,0.9666666666666667
504,50,2013,5972,1.0,0.9966666666666667
504,1,2013,5993,0.8133333333333334,0.7666666666666667
504,5,2013,5993,0.95,0.7633333333333333
504,10,2013,5993,0.99,0.8266666666666667
504,20,2013,5993,1.0,0.9133333333333333
504,50,2013,5993,1.0,0.9866666666666667
504,1,2013,6014,0.7733333333333333,0.7266666666666667
504,5,2013,6014,0.92,0.6733333333333333
504,10,2013,6014,0.96,0.7133333333333334
504,20,2013,6014,0.9966666666666667,0.79
504,50,2013,6014,1.0,0.93
504,1,2013,6035,0.7466666666666667,0.7066666666666667
504,5,2013,6035,0.8766666666666667,0.6566666666666666
504,10,2013,6035,0.9633333333333334,0.6866666666666666
504,20,2013,6035,0.9833333333333333,0.7166666666666667
504,50,2013,6035,1.0,0.8233333333333334
504,1,2013,6056,0.7833333333333333,0.7533333333333333
504,5,2013,6056,0.88,0.69
504,10,2013,6056,0.9266666666666666,0.72
504,20,2013,6056,0.9866666666666667,0.81
504,50,2013,6056,1.0,0.9533333333333334
504,1,2013,6077,0.6366666666666667,0.6
504,5,2013,6077,0.7666666666666667,0.6233333333333333
504,10,2013,6077,0.8666666666666667,0.6433333333333333
504,20,2013,6077,0.9466666666666667,0.6733333333333333
504,50,2013,6077,0.99,0.8
504,1,2014,6098,0.5433333333333333,0.5
504,5,2014,6098,0.6333333333333333,0.43
504,10,2014,6098,0.6566666666666666,0.39666666666666667
504,20,2014,6098,0.6533333333333333,0.35
504,50,2014,6098,0.7966666666666666,0.28
504,1,2014,6119,0.6133333333333333,0.5333333333333333
504,5,2014,6119,0.6733333333333333,0.49666666666666665
504,10,2014,6119,0.67,0.45666666666666667
504,20,2014,6119,0.7933333333333333,0.45
504,50,2014,6119,0.8533333333333334,0.38
504,1,2014,6140,0.6966666666666667,0.64
504,5,2014,6140,0.7833333333333333,0.62
504,10,2014,6140,0.84,0.59
504,20,2014,6140,0.9233333333333333,0.65
504,50,2014,6140,0.9966666666666667,0.7466666666666667
504,1,2014,6161,0.7333333333333333,0.6566666666666666
504,5,2014,6161,0.78,0.6033333333333334
504,10,2014,6161,0.8633333333333333,0.65
504,20,2014,6161,0.9666666666666667,0.7566666666666667
504,50,2014,6161,0.9966666666666667,0.8266666666666667
504,1,2014,6182,0.6833333333333333,0.6366666666666667
504,5,2014,6182,0.7266666666666667,0.57
504,10,2014,6182,0.8366666666666667,0.61
504,20,2014,6182,0.9266666666666666,0.6833333333333333
504,50,2014,6182,0.9866666666666667,0.74
504,1,2014,6203,0.7233333333333334,0.68
504,5,2014,6203,0.76,0.5933333333333334
504,10,2014,6203,0.82,0.5733333333333334
504,20,2014,6203,0.9266666666666666,0.59
504,50,2014,6203,0.9766666666666667,0.71
504,1,2014,6224,0.67,0.6233333333333333
504,5,2014,6224,0.7566666666666667,0.5866666666666667
504,10,2014,6224,0.8233333333333334,0.62
504,20,2014,6224,0.93,0.7033333333333334
504,50,2014,6224,0.9833333333333333,0.7666666666666667
504,1,2014,6245,0.7,0.6466666666666666
504,5,2014,6245,0.8366666666666667,0.66
504,10,2014,6245,0.9466666666666667,0.71
504,20,2014,6245,0.9766666666666667,0.7966666666666666
504,50,2014,6245,0.9966666666666667,0.8966666666666666
504,1,2014,6266,0.67,0.63
504,5,2014,6266,0.8133333333333334,0.6733333333333333
504,10,2014,6266,0.9133333333333333,0.72
504,20,2014,6266,0.97,0.81
504,50,2014,6266,0.9933333333333333,0.88
504,1,2015,6371,0.8566666666666667,0.7933333333333333
504,5,2015,6371,0.95,0.7133333333333334
504,10,2015,6371,0.99,0.7866666666666666
504,20,2015,6371,1.0,0.92
504,50,2015,6371,1.0,0.9766666666666667
504,1,2015,6392,0.86,0.8133333333333334
504,5,2015,6392,0.9833333333333333,0.79
504,10,2015,6392,0.99,0.8133333333333334
504,20,2015,6392,1.0,0.9066666666666666
504,50,2015,6392,1.0,0.97
504,1,2015,6413,0.9,0.87
504,5,2015,6413,0.95,0.7866666666666666
504,10,2015,6413,0.9933333333333333,0.8233333333333334
504,20,2015,6413,1.0,0.9233333333333333
504,50,2015,6413,1.0,0.98
504,1,2015,6434,0.8433333333333334,0.7966666666666666
504,5,2015,6434,0.9666666666666667,0.8266666666666667
504,10,2015,6434,0.9933333333333333,0.85
504,20,2015,6434,1.0,0.97
504,50,2015,6434,1.0,1.0
504,1,2015,6455,0.8633333333333333,0.84
504,5,2015,6455,0.9666666666666667,0.8366666666666667
504,10,2015,6455,0.9966666666666667,0.9133333333333333
504,20,2015,6455,1.0,0.9766666666666667
504,50,2015,6455,1.0,1.0
504,1,2015,6476,0.8733333333333333,0.8233333333333334
504,5,2015,6476,0.98,0.8233333333333334
504,10,2015,6476,1.0,0.9366666666666666
504,20,2015,6476,1.0,0.97
504,50,2015,6476,1.0,0.9933333333333333
504,1,2016,6707,0.8466666666666667,0.7133333333333334
504,5,2016,6707,0.98,0.5766666666666667
504,10,2016,6707,1.0,0.6266666666666667
504,20,2016,6707,1.0,0.7166666666666667
504,50,2016,6707,1.0,0.7733333333333333
504,1,2016,6728,0.8533333333333334,0.7
504,5,2016,6728,0.9666666666666667,0.5266666666666666
504,10,2016,6728,0.9933333333333333,0.45
504,20,2016,6728,1.0,0.45666666666666667
504,50,2016,6728,1.0,0.47
504,1,2016,6749,0.7933333333333333,0.6866666666666666
504,5,2016,6749,0.9466666666666667,0.44
504,10,2016,6749,0.9933333333333333,0.49
504,20,2016,6749,1.0,0.4766666666666667
504,50,2016,6749,1.0,0.48
504,1,2016,6770,0.87,0.7166666666666667
504,5,2016,6770,0.9633333333333334,0.52
504,10,2016,6770,0.9933333333333333,0.5366666666666666
504,20,2016,6770,1.0,0.5
504,50,2016,6770,1.0,0.48333333333333334
504,1,2016,6791,0.8433333333333334,0.6866666666666666
504,5,2016,6791,0.96,0.5466666666666666
504,10,2016,6791,0.9866666666666667,0.52
504,20,2016,6791,1.0,0.6066666666666667
504,50,2016,6791,1.0,0.5533333333333333
504,1,2016,6812,0.8466666666666667,0.6633333333333333
504,5,2016,6812,0.9433333333333334,0.46
504,10,2016,6812,1.0,0.49333333333333335
504,20,2016,6812,1.0,0.44666666666666666
504,50,2016,6812,1.0,0.44333333333333336
504,1,2016,6833,0.7466666666666667,0.63
504,5,2016,6833,0.8966666666666666,0.37
504,10,2016,6833,0.9366666666666666,0.29333333333333333
504,20,2016,6833,0.99,0.21
504,50,2016,6833,1.0,0.10666666666666667
504,1,2017,6854,0.72,0.53
504,5,2017,6854,0.85,0.23
504,10,2017,6854,0.9466666666666667,0.16666666666666666
504,20,2017,6854,0.98,0.08333333333333333
504,50,2017,6854,1.0,0.013333333333333334
504,1,2017,6875,0.79,0.6166666666666667
504,5,2017,6875,0.8866666666666667,0.39
504,10,2017,6875,0.9433333333333334,0.35
504,20,2017,6875,0.9866666666666667,0.21
504,50,2017,6875,1.0,0.14
504,1,2017,6896,0.7666666666666667,0.6133333333333333
504,5,2017,6896,0.93,0.49333333333333335
504,10,2017,6896,0.9633333333333334,0.36
504,20,2017,6896,0.9966666666666667,0.35
504,50,2017,6896,1.0,0.27666666666666667
504,1,2017,6917,0.76,0.63
504,5,2017,6917,0.9466666666666667,0.48
504,10,2017,6917,0.9866666666666667,0.4266666666666667
504,20,2017,6917,0.99,0.36333333333333334
504,50,2017,6917,1.0,0.27
504,1,2017,6938,0.8166666666666667,0.6966666666666667
504,5,2017,6938,0.93,0.4666666666666667
504,10,2017,6938,0.9733333333333334,0.38333333333333336
504,20,2017,6938,0.9966666666666667,0.38
504,50,2017,6938,1.0,0.30333333333333334
504,1,2017,6959,0.8066666666666666,0.6666666666666666
504,5,2017,6959,0.8933333333333333,0.43333333333333335
504,10,2017,6959,0.98,0.4033333333333333
504,20,2017,6959,1.0,0.37
504,50,2017,6959,1.0,0.2733333333333333
504,1,2017,6980,0.81,0.6933333333333334
504,5,2017,6980,0.8866666666666667,0.48
504,10,2017,6980,0.9433333333333334,0.37333333333333335
504,20,2017,6980,0.9966666666666667,0.3566666666666667
504,50,2017,6980,1.0,0.26666666666666666
504,1,2017,7001,0.81,0.6733333333333333
504,5,2017,7001,0.89,0.4033333333333333
504,10,2017,7001,0.95,0.3333333333333333
504,20,2017,7001,0.9866666666666667,0.2833333333333333
504,50,2017,7001,1.0,0.16333333333333333
504,1,2017,7022,0.82,0.6866666666666666
504,5,2017,7022,0.92,0.43666666666666665
504,10,2017,7022,0.97,0.38666666666666666
504,20,2017,7022,0.9966666666666667,0.30333333333333334
504,50,2017,7022,1.0,0.2733333333333333
504,1,2017,7043,0.7233333333333334,0.63
504,5,2017,7043,0.88,0.4033333333333333
504,10,2017,7043,0.9433333333333334,0.35333333333333333
504,20,2017,7043,0.9866666666666667,0.2633333333333333
504,50,2017,7043,1.0,0.15
504,1,2017,7064,0.8133333333333334,0.6533333333333333
504,5,2017,7064,0.91,0.44666666666666666
504,10,2017,7064,0.97,0.42
504,20,2017,7064,0.9966666666666667,0.43333333333333335
504,50,2017,7064,1.0,0.32666666666666666
504,1,2017,7085,0.8066666666666666,0.67
504,5,2017,7085,0.8933333333333333,0.43
504,10,2017,7085,0.9633333333333334,0.3933333333333333
504,20,2017,7085,0.9933333333333333,0.3466666666666667
504,50,2017,7085,1.0,0.2833333333333333
504,1,2018,7106,0.79,0.6533333333333333
504,5,2018,7106,0.89,0.4066666666666667
504,10,2018,7106,0.96,0.36333333333333334
504,20,2018,7106,0.9833333333333333,0.31333333333333335
504,50,2018,7106,1.0,0.23666666666666666
504,1,2018,7127,0.7966666666666666,0.5966666666666667
504,5,2018,7127,0.9233333333333333,0.33
504,10,2018,7127,0.9633333333333334,0.2633333333333333
504,20,2018,7127,0.9966666666666667,0.20666666666666667
504,50,2018,7127,1.0,0.10333333333333333
504,1,2018,7148,0.4633333333333333,0.22666666666666666
504,5,2018,7148,0.22,0.02
504,10,2018,7148,0.12,0.0033333333333333335
504,20,2018,7148,0.043333333333333335,0.0
504,50,2018,7148,0.0,0.0
504,1,2018,7169,0.5966666666666667,0.31333333333333335
504,5,2018,7169,0.34,0.016666666666666666
504,10,2018,7169,0.19333333333333333,0.0033333333333333335
504,20,2018,7169,0.13666666666666666,0.0
504,50,2018,7169,0.04666666666666667,0.0
504,1,2018,7190,0.4866666666666667,0.31
504,5,2018,7190,0.34,0.08
504,10,2018,7190,0.25,0.023333333333333334
504,20,2018,7190,0.16333333333333333,0.0033333333333333335
504,50,2018,7190,0.04666666666666667,0.0
504,1,2018,7211,0.58,0.43333333333333335
504,5,2018,7211,0.5466666666666666,0.15666666666666668
504,10,2018,7211,0.44333333333333336,0.06
504,20,2018,7211,0.5166666666666667,0.013333333333333334
504,50,2018,7211,0.5333333333333333,0.006666666666666667
504,1,2018,7232,0.6066666666666667,0.44333333333333336
504,5,2018,7232,0.44666666666666666,0.16666666666666666
504,10,2018,7232,0.3566666666666667,0.09666666666666666
504,20,2018,7232,0.3333333333333333,0.03666666666666667
504,50,2018,7232,0.26666666666666666,0.0
504,1,2018,7253,0.5933333333333334,0.46
504,5,2018,7253,0.6066666666666667,0.21333333333333335
504,10,2018,7253,0.53,0.13333333333333333
504,20,2018,7253,0.57,0.08
504,50,2018,7253,0.64,0.02
504,1,2018,7274,0.5933333333333334,0.43666666666666665
504,5,2018,7274,0.56,0.23333333333333334
504,10,2018,7274,0.5,0.15666666666666668
504,20,2018,7274,0.51,0.05333333333333334
504,50,2018,7274,0.5,0.0033333333333333335
504,1,2019,7484,0.8366666666666667,0.6433333333333333
504,5,2019,7484,0.93,0.35
504,10,2019,7484,0.9833333333333333,0.30333333333333334
504,20,2019,7484,0.9966666666666667,0.22
504,50,2019,7484,1.0,0.10666666666666667
504,1,2019,7526,0.8366666666666667,0.5466666666666666
504,5,2019,7526,0.9466666666666667,0.23
504,10,2019,7526,0.9866666666666667,0.12333333333333334
504,20,2019,7526,1.0,0.08666666666666667
504,50,2019,7526,1.0,0.013333333333333334
504,1,2019,7589,0.8266666666666667,0.6133333333333333
504,5,2019,7589,0.9566666666666667,0.41333333333333333
504,10,2019,7589,0.9633333333333334,0.33
504,20,2019,7589,1.0,0.3
504,50,2019,7589,1.0,0.2633333333333333
504,1,2020,7610,0.8433333333333334,0.6966666666666667
504,5,2020,7610,0.9566666666666667,0.52
504,10,2020,7610,0.9933333333333333,0.5066666666666667
504,20,2020,7610,1.0,0.5133333333333333
504,50,2020,7610,1.0,0.5066666666666667
504,1,2020,7631,0.73,0.5566666666666666
504,5,2020,7631,0.8733333333333333,0.30333333333333334
504,10,2020,7631,0.9,0.22
504,20,2020,7631,0.98,0.22
504,50,2020,7631,1.0,0.09666666666666666
504,1,2020,7736,0.74,0.38
504,5,2020,7736,0.6633333333333333,0.016666666666666666
504,10,2020,7736,0.5733333333333334,0.0033333333333333335
504,20,2020,7736,0.59,0.0
504,50,2020,7736,0.6533333333333333,0.0
504,1,2020,7757,0.79,0.4266666666666667
504,5,2020,7757,0.81,0.04666666666666667
504,10,2020,7757,0.7466666666666667,0.01
504,20,2020,7757,0.7733333333333333,0.0
504,50,2020,7757,0.8833333333333333,0.0
504,1,2020,7778,0.61,0.31333333333333335
504,5,2020,7778,0.6433333333333333,0.04666666666666667
504,10,2020,7778,0.6233333333333333,0.02
504,20,2020,7778,0.6766666666666666,0.04666666666666667
504,50,2020,7778,0.68,0.02666666666666667
504,1,2020,7799,0.5366666666666666,0.17666666666666667
504,5,2020,7799,0.38333333333333336,0.0033333333333333335
504,10,2020,7799,0.39,0.0
504,20,2020,7799,0.3466666666666667,0.0
504,50,2020,7799,0.26,0.0
504,1,2020,7820,0.5233333333333333,0.21666666666666667
504,5,2020,7820,0.4,0.016666666666666666
504,10,2020,7820,0.33666666666666667,0.0
504,20,2020,7820,0.2633333333333333,0.0
504,50,2020,7820,0.15666666666666668,0.0
504,1,2020,7841,0.49333333333333335,0.22666666666666666
504,5,2020,7841,0.49,0.03333333333333333
504,10,2020,7841,0.49,0.006666666666666667
504,20,2020,7841,0.4866666666666667,0.0
504,50,2020,7841,0.5,0.0
504,1,2021,7862,0.6566666666666666,0.37
504,5,2021,7862,0.6666666666666666,0.07666666666666666
504,10,2021,7862,0.73,0.016666666666666666
504,20,2021,7862,0.77,0.0
504,50,2021,7862,0.8933333333333333,0.0
504,1,2021,7883,0.71,0.48333333333333334
504,5,2021,7883,0.81,0.20333333333333334
504,10,2021,7883,0.8233333333333334,0.05333333333333334
504,20,2021,7883,0.91,0.04
504,50,2021,7883,0.98,0.01
504,1,2021,7904,0.48333333333333334,0.26666666666666666
504,5,2021,7904,0.35,0.06
504,10,2021,7904,0.36,0.043333333333333335
504,20,2021,7904,0.30666666666666664,0.02
504,50,2021,7904,0.3,0.0033333333333333335
504,1,2021,7925,0.4866666666666667,0.31333333333333335
504,5,2021,7925,0.4533333333333333,0.09666666666666666
504,10,2021,7925,0.44,0.02
504,20,2021,7925,0.38,0.0
504,50,2021,7925,0.3333333333333333,0.0
504,1,2021,7946,0.47333333333333333,0.2966666666666667
504,5,2021,7946,0.38,0.08666666666666667
504,10,2021,7946,0.3333333333333333,0.023333333333333334
504,20,2021,7946,0.2833333333333333,0.0033333333333333335
504,50,2021,7946,0.18,0.0
504,1,2021,7967,0.41333333333333333,0.30666666666666664
504,5,2021,7967,0.36333333333333334,0.12666666666666668
504,10,2021,7967,0.36,0.06666666666666667
504,20,2021,7967,0.2866666666666667,0.01
504,50,2021,7967,0.25666666666666665,0.0
504,1,2021,7988,0.5166666666666667,0.4066666666666667
504,5,2021,7988,0.43666666666666665,0.19666666666666666
504,10,2021,7988,0.4766666666666667,0.11333333333333333
504,20,2021,7988,0.47333333333333333,0.016666666666666666
504,50,2021,7988,0.4766666666666667,0.0
504,1,2021,8009,0.36333333333333334,0.30333333333333334
504,5,2021,8009,0.35,0.12
504,10,2021,8009,0.24666666666666667,0.06
504,20,2021,8009,0.15333333333333332,0.02666666666666667
504,50,2021,8009,0.10666666666666667,0.03666666666666667
504,1,2021,8030,0.4033333333333333,0.30333333333333334
504,5,2021,8030,0.31,0.16333333333333333
504,10,2021,8030,0.30333333333333334,0.07666666666666666
504,20,2021,8030,0.23666666666666666,0.03
504,50,2021,8030,0.19,0.043333333333333335
504,1,2021,8072,0.41,0.31333333333333335
504,5,2021,8072,0.2633333333333333,0.09333333333333334
504,10,2021,8072,0.22333333333333333,0.03333333333333333
504,20,2021,8072,0.18,0.0
504,50,2021,8072,0.056666666666666664,0.0
504,1,2023,8387,0.7566666666666667,0.4033333333333333
504,5,2023,8387,0.69,0.016666666666666666
504,10,2023,8387,0.6833333333333333,0.016666666666666666
504,20,2023,8387,0.7933333333333333,0.0
504,50,2023,8387,0.8766666666666667,0.0
504,1,2023,8492,0.7366666666666667,0.42
504,5,2023,8492,0.74,0.09
504,10,2023,8492,0.7266666666666667,0.043333333333333335
504,20,2023,8492,0.8366666666666667,0.02
504,50,2023,8492,0.95,0.0
504,1,2024,8639,0.8166666666666667,0.68
504,5,2024,8639,0.8533333333333334,0.46
504,10,2024,8639,0.9233333333333333,0.41
504,20,2024,8639,0.9766666666666667,0.36333333333333334
504,50,2024,8639,1.0,0.3333333333333333
504,1,2024,8660,0.74,0.6333333333333333
504,5,2024,8660,0.81,0.44666666666666666
504,10,2024,8660,0.87,0.3466666666666667
504,20,2024,8660,0.9566666666666667,0.33
504,50,2024,8660,0.9966666666666667,0.26666666666666666
504,1,2024,8702,0.7966666666666666,0.7
504,5,2024,8702,0.8866666666666667,0.49
504,10,2024,8702,0.9366666666666666,0.52
504,20,2024,8702,0.9833333333333333,0.51
504,50,2024,8702,1.0,0.5466666666666666
756,1,1991,302,0.89,0.89
756,5,1991,302,0.9866666666666667,0.9866666666666667
756,10,1991,302,1.0,1.0
756,20,1991,302,1.0,1.0
756,50,1991,302,1.0,1.0
756,1,1991,323,0.8566666666666667,0.8566666666666667
756,5,1991,323,0.9833333333333333,0.9833333333333333
756,10,1991,323,1.0,1.0
756,20,1991,323,1.0,1.0
756,50,1991,323,1.0,1.0
756,1,1991,344,0.8633333333333333,0.8633333333333333
756,5,1991,344,0.99,0.99
756,10,1991,344,1.0,1.0
756,20,1991,344,1.0,1.0
756,50,1991,344,1.0,1.0
756,1,1991,365,0.87,0.87
756,5,1991,365,0.9866666666666667,0.9866666666666667
756,10,1991,365,0.9966666666666667,0.9966666666666667
756,20,1991,365,1.0,1.0
756,50,1991,365,1.0,1.0
756,1,1991,386,0.78,0.78
756,5,1991,386,0.96,0.96
756,10,1991,386,0.98,0.98
756,20,1991,386,1.0,1.0
756,50,1991,386,1.0,1.0
756,1,1991,407,0.7733333333333333,0.7733333333333333
756,5,1991,407,0.9833333333333333,0.9833333333333333
756,10,1991,407,0.9866666666666667,0.9866666666666667
756,20,1991,407,1.0,1.0
756,50,1991,407,1.0,1.0
756,1,1991,428,0.76,0.76
756,5,1991,428,0.93,0.93
756,10,1991,428,0.9933333333333333,0.9933333333333333
756,20,1991,428,1.0,1.0
756,50,1991,428,1.0,1.0
756,1,1991,449,0.7866666666666666,0.7866666666666666
756,5,1991,449,0.9466666666666667,0.9466666666666667
756,10,1991,449,0.98,0.98
756,20,1991,449,1.0,1.0
756,50,1991,449,1.0,1.0
756,1,1991,470,0.7466666666666667,0.7466666666666667
756,5,1991,470,0.9333333333333333,0.9333333333333333
756,10,1991,470,0.99,0.99
756,20,1991,470,1.0,1.0
756,50,1991,470,1.0,1.0
756,1,1991,491,0.7533333333333333,0.7533333333333333
756,5,1991,491,0.9466666666666667,0.9466666666666667
756,10,1991,491,0.9966666666666667,0.9966666666666667
756,20,1991,491,1.0,1.0
756,50,1991,491,1.0,1.0
756,1,1992,512,0.6866666666666666,0.6866666666666666
756,5,1992,512,0.9,0.9
756,10,1992,512,0.9533333333333334,0.9533333333333334
756,20,1992,512,0.99,0.99
756,50,1992,512,1.0,1.0
756,1,1992,533,0.88,0.88
756,5,1992,533,0.9433333333333334,0.9433333333333334
756,10,1992,533,0.99,0.99
756,20,1992,533,1.0,1.0
756,50,1992,533,1.0,1.0
756,1,1992,554,0.8633333333333333,0.8633333333333333
756,5,1992,554,0.9933333333333333,0.9933333333333333
756,10,1992,554,1.0,1.0
756,20,1992,554,1.0,1.0
756,50,1992,554,1.0,1.0
756,1,1992,575,0.9166666666666666,0.9166666666666666
756,5,1992,575,0.9866666666666667,0.9866666666666667
756,10,1992,575,0.9966666666666667,0.9966666666666667
756,20,1992,575,1.0,1.0
756,50,1992,575,1.0,1.0
756,1,1992,596,0.8566666666666667,0.8566666666666667
756,5,1992,596,0.9266666666666666,0.9266666666666666
756,10,1992,596,0.9933333333333333,0.9933333333333333
756,20,1992,596,1.0,1.0
756,50,1992,596,1.0,1.0
756,1,1992,617,0.8833333333333333,0.8833333333333333
756,5,1992,617,0.9466666666666667,0.9466666666666667
756,10,1992,617,0.99,0.99
756,20,1992,617,1.0,1.0
756,50,1992,617,1.0,1.0
756,1,1992,638,0.84,0.84
756,5,1992,638,0.9466666666666667,0.9466666666666667
756,10,1992,638,0.9833333333333333,0.9833333333333333
756,20,1992,638,1.0,1.0
756,50,1992,638,1.0,1.0
756,1,1992,659,0.83,0.83
756,5,1992,659,0.9966666666666667,0.9966666666666667
756,10,1992,659,1.0,1.0
756,20,1992,659,1.0,1.0
756,50,1992,659,1.0,1.0
756,1,1992,680,0.9,0.9
756,5,1992,680,0.99,0.99
756,10,1992,680,1.0,1.0
756,20,1992,680,1.0,1.0
756,50,1992,680,1.0,1.0
756,1,1992,722,0.8333333333333334,0.8333333333333334
756,5,1992,722,0.9933333333333333,0.9933333333333333
756,10,1992,722,1.0,1.0
756,20,1992,722,1.0,1.0
756,50,1992,722,1.0,1.0
756,1,1992,743,0.83,0.83
756,5,1992,743,0.9866666666666667,0.9866666666666667
756,10,1992,743,1.0,1.0
756,20,1992,743,1.0,1.0
756,50,1992,743,1.0,1.0
756,1,1993,764,0.9,0.9
756,5,1993,764,0.9966666666666667,0.9966666666666667
756,10,1993,764,1.0,1.0
756,20,1993,764,1.0,1.0
756,50,1993,764,1.0,1.0
756,1,1993,785,0.8133333333333334,0.8133333333333334
756,5,1993,785,0.99,0.99
756,10,1993,785,1.0,1.0
756,20,1993,785,1.0,1.0
756,50,1993,785,1.0,1.0
756,1,1993,806,0.85,0.85
756,5,1993,806,0.97,0.97
756,10,1993,806,1.0,1.0
756,20,1993,806,1.0,1.0
756,50,1993,806,1.0,1.0
756,1,1993,827,0.8466666666666667,0.8466666666666667
756,5,1993,827,0.98,0.98
756,10,1993,827,1.0,1.0
756,20,1993,827,1.0,1.0
756,50,1993,827,1.0,1.0
756,1,1993,848,0.7666666666666667,0.7666666666666667
756,5,1993,848,0.9733333333333334,0.9733333333333334
756,10,1993,848,0.9933333333333333,0.9933333333333333
756,20,1993,848,1.0,1.0
756,50,1993,848,1.0,1.0
756,1,1993,869,0.8133333333333334,0.8133333333333334
756,5,1993,869,0.9933333333333333,0.9933333333333333
756,10,1993,869,1.0,1.0
756,20,1993,869,1.0,1.0
756,50,1993,869,1.0,1.0
756,1,1993,890,0.8333333333333334,0.8333333333333334
756,5,1993,890,0.9833333333333333,0.9833333333333333
756,10,1993,890,0.9966666666666667,0.9966666666666667
756,20,1993,890,1.0,1.0
756,50,1993,890,1.0,1.0
756,1,1993,932,0.7833333333333333,0.7833333333333333
756,5,1993,932,0.9633333333333334,0.9633333333333334
756,10,1993,932,0.9933333333333333,0.9933333333333333
756,20,1993,932,1.0,1.0
756,50,1993,932,1.0,1.0
756,1,1993,974,0.9233333333333333,0.9233333333333333
756,5,1993,974,1.0,1.0
756,10,1993,974,1.0,1.0
756,20,1993,974,1.0,1.0
756,50,1993,974,1.0,1.0
756,1,1993,995,0.9333333333333333,0.9333333333333333
756,5,1993,995,1.0,1.0
756,10,1993,995,1.0,1.0
756,20,1993,995,1.0,1.0
756,50,1993,995,1.0,1.0
756,1,1994,1016,0.9566666666666667,0.9566666666666667
756,5,1994,1016,1.0,1.0
756,10,1994,1016,1.0,1.0
756,20,1994,1016,1.0,1.0
756,50,1994,1016,1.0,1.0
756,1,1994,1037,0.9033333333333333,0.9033333333333333
756,5,1994,1037,1.0,1.0
756,10,1994,1037,1.0,1.0
756,20,1994,1037,1.0,1.0
756,50,1994,1037,1.0,1.0
756,1,1994,1058,0.9533333333333334,0.9533333333333334
756,5,1994,1058,1.0,1.0
756,10,1994,1058,1.0,1.0
756,20,1994,1058,1.0,1.0
756,50,1994,1058,1.0,1.0
756,1,1994,1079,0.9366666666666666,0.9366666666666666
756,5,1994,1079,0.9933333333333333,0.9933333333333333
756,10,1994,1079,1.0,1.0
756,20,1994,1079,1.0,1.0
756,50,1994,1079,1.0,1.0
756,1,1994,1184,1.0,1.0
756,5,1994,1184,1.0,1.0
756,10,1994,1184,1.0,1.0
756,20,1994,1184,1.0,1.0
756,50,1994,1184,1.0,1.0
756,1,1994,1226,0.97,0.97
756,5,1994,1226,1.0,1.0
756,10,1994,1226,1.0,1.0
756,20,1994,1226,1.0,1.0
756,50,1994,1226,1.0,1.0
756,1,1995,1289,0.9933333333333333,0.9933333333333333
756,5,1995,1289,1.0,1.0
756,10,1995,1289,1.0,1.0
756,20,1995,1289,1.0,1.0
756,50,1995,1289,1.0,1.0
756,1,1995,1310,0.9966666666666667,0.9966666666666667
756,5,1995,1310,1.0,1.0
756,10,1995,1310,1.0,1.0
756,20,1995,1310,1.0,1.0
756,50,1995,1310,1.0,1.0
756,1,1995,1331,0.96,0.96
756,5,1995,1331,1.0,1.0
756,10,1995,1331,1.0,1.0
756,20,1995,1331,1.0,1.0
756,50,1995,1331,1.0,1.0
756,1,1995,1352,0.9633333333333334,0.9633333333333334
756,5,1995,1352,1.0,1.0
756,10,1995,1352,1.0,1.0
756,20,1995,1352,1.0,1.0
756,50,1995,1352,1.0,1.0
756,1,1995,1373,0.97,0.97
756,5,1995,1373,1.0,1.0
756,10,1995,1373,1.0,1.0
756,20,1995,1373,1.0,1.0
756,50,1995,1373,1.0,1.0
756,1,1995,1394,0.9766666666666667,0.9766666666666667
756,5,1995,1394,1.0,1.0
756,10,1995,1394,1.0,1.0
756,20,1995,1394,1.0,1.0
756,50,1995,1394,1.0,1.0
756,1,1995,1415,0.93,0.93
756,5,1995,1415,1.0,1.0
756,10,1995,1415,1.0,1.0
756,20,1995,1415,1.0,1.0
756,50,1995,1415,1.0,1.0
756,1,1995,1436,0.92,0.92
756,5,1995,1436,1.0,1.0
756,10,1995,1436,1.0,1.0
756,20,1995,1436,1.0,1.0
756,50,1995,1436,1.0,1.0
756,1,1995,1457,0.9333333333333333,0.9333333333333333
756,5,1995,1457,1.0,1.0
756,10,1995,1457,1.0,1.0
756,20,1995,1457,1.0,1.0
756,50,1995,1457,1.0,1.0
756,1,1995,1478,0.85,0.85
756,5,1995,1478,0.9933333333333333,0.9933333333333333
756,10,1995,1478,1.0,1.0
756,20,1995,1478,1.0,1.0
756,50,1995,1478,1.0,1.0
756,1,1995,1499,0.8833333333333333,0.8833333333333333
756,5,1995,1499,0.9966666666666667,0.9966666666666667
756,10,1995,1499,1.0,1.0
756,20,1995,1499,1.0,1.0
756,50,1995,1499,1.0,1.0
756,1,1996,1520,0.91,0.91
756,5,1996,1520,1.0,1.0
756,10,1996,1520,1.0,1.0
756,20,1996,1520,1.0,1.0
756,50,1996,1520,1.0,1.0
756,1,1996,1541,0.8966666666666666,0.8966666666666666
756,5,1996,1541,0.9966666666666667,0.9966666666666667
756,10,1996,1541,1.0,1.0
756,20,1996,1541,1.0,1.0
756,50,1996,1541,1.0,1.0
756,1,1996,1562,0.9033333333333333,0.9033333333333333
756,5,1996,1562,1.0,1.0
756,10,1996,1562,1.0,1.0
756,20,1996,1562,1.0,1.0
756,50,1996,1562,1.0,1.0
756,1,1996,1583,0.85,0.85
756,5,1996,1583,0.99,0.99
756,10,1996,1583,1.0,1.0
756,20,1996,1583,1.0,1.0
756,50,1996,1583,1.0,1.0
756,1,1996,1604,0.83,0.83
756,5,1996,1604,0.9866666666666667,0.9866666666666667
756,10,1996,1604,0.9966666666666667,0.9966666666666667
756,20,1996,1604,1.0,1.0
756,50,1996,1604,1.0,1.0
756,1,1996,1625,0.82,0.82
756,5,1996,1625,0.9833333333333333,0.9833333333333333
756,10,1996,1625,1.0,1.0
756,20,1996,1625,1.0,1.0
756,50,1996,1625,1.0,1.0
756,1,1996,1646,0.9133333333333333,0.9133333333333333
756,5,1996,1646,0.9966666666666667,0.9966666666666667
756,10,1996,1646,1.0,1.0
756,20,1996,1646,1.0,1.0
756,50,1996,1646,1.0,1.0
756,1,1996,1730,0.7966666666666666,0.7966666666666666
756,5,1996,1730,0.99,0.99
756,10,1996,1730,1.0,1.0
756,20,1996,1730,1.0,1.0
756,50,1996,1730,1.0,1.0
756,1,1996,1772,0.8066666666666666,0.8066666666666666
756,5,1996,1772,0.9533333333333334,0.9533333333333334
756,10,1996,1772,0.9933333333333333,0.9933333333333333
756,20,1996,1772,1.0,1.0
756,50,1996,1772,1.0,1.0
756,1,1996,1793,0.6666666666666666,0.6666666666666666
756,5,1996,1793,0.8866666666666667,0.8866666666666667
756,10,1996,1793,0.9633333333333334,0.9633333333333334
756,20,1996,1793,0.9966666666666667,0.9966666666666667
756,50,1996,1793,1.0,1.0
756,1,1997,1814,0.58,0.58
756,5,1997,1814,0.73,0.73
756,10,1997,1814,0.86,0.86
756,20,1997,1814,0.9433333333333334,0.9433333333333334
756,50,1997,1814,0.9866666666666667,0.9866666666666667
756,1,1997,1835,0.55,0.55
756,5,1997,1835,0.75,0.75
756,10,1997,1835,0.85,0.85
756,20,1997,1835,0.9266666666666666,0.9266666666666666
756,50,1997,1835,0.9933333333333333,0.9933333333333333
756,1,1997,1856,0.49,0.49
756,5,1997,1856,0.54,0.54
756,10,1997,1856,0.5666666666666667,0.5666666666666667
756,20,1997,1856,0.6666666666666666,0.6666666666666666
756,50,1997,1856,0.7966666666666666,0.7966666666666666
756,1,1997,1877,0.6,0.6
756,5,1997,1877,0.7733333333333333,0.7733333333333333
756,10,1997,1877,0.86,0.86
756,20,1997,1877,0.9033333333333333,0.9033333333333333
756,50,1997,1877,0.9966666666666667,0.9966666666666667
756,1,1997,1898,0.6666666666666666,0.6666666666666666
756,5,1997,1898,0.72,0.72
756,10,1997,1898,0.86,0.86
756,20,1997,1898,0.9233333333333333,0.9233333333333333
756,50,1997,1898,0.99,0.99
756,1,1997,1919,0.6366666666666667,0.6366666666666667
756,5,1997,1919,0.8133333333333334,0.8133333333333334
756,10,1997,1919,0.86,0.86
756,20,1997,1919,0.9466666666666667,0.9466666666666667
756,50,1997,1919,1.0,1.0
756,1,1997,1940,0.5933333333333334,0.5933333333333334
756,5,1997,1940,0.6466666666666666,0.6466666666666666
756,10,1997,1940,0.7,0.7
756,20,1997,1940,0.8066666666666666,0.8066666666666666
756,50,1997,1940,0.9,0.9
756,1,1997,1961,0.56,0.56
756,5,1997,1961,0.6266666666666667,0.6266666666666667
756,10,1997,1961,0.7266666666666667,0.7266666666666667
756,20,1997,1961,0.84,0.84
756,50,1997,1961,0.97,0.97
756,1,1997,1982,0.6033333333333334,0.6033333333333334
756,5,1997,1982,0.6733333333333333,0.6733333333333333
756,10,1997,1982,0.75,0.75
756,20,1997,1982,0.8466666666666667,0.8466666666666667
756,50,1997,1982,0.9566666666666667,0.9566666666666667
756,1,1997,2003,0.5866666666666667,0.5866666666666667
756,5,1997,2003,0.5733333333333334,0.5733333333333334
756,10,1997,2003,0.68,0.68
756,20,1997,2003,0.7233333333333334,0.7233333333333334
756,50,1997,2003,0.8633333333333333,0.8633333333333333
756,1,1997,2024,0.6,0.6
756,5,1997,2024,0.6433333333333333,0.6433333333333333
756,10,1997,2024,0.76,0.76
756,20,1997,2024,0.81,0.81
756,50,1997,2024,0.96,0.96
756,1,1997,2045,0.58,0.58
756,5,1997,2045,0.52,0.52
756,10,1997,2045,0.57,0.57
756,20,1997,2045,0.6333333333333333,0.6333333333333333
756,50,1997,2045,0.6433333333333333,0.6433333333333333
756,1,1998,2066,0.5033333333333333,0.5033333333333333
756,5,1998,2066,0.6066666666666667,0.6066666666666667
756,10,1998,2066,0.6066666666666667,0.6066666666666667
756,20,1998,2066,0.64,0.64
756,50,1998,2066,0.6866666666666666,0.6866666666666666
756,1,1998,2087,0.5833333333333334,0.5833333333333334
756,5,1998,2087,0.7266666666666667,0.7266666666666667
756,10,1998,2087,0.7766666666666666,0.7766666666666666
756,20,1998,2087,0.8666666666666667,0.8666666666666667
756,50,1998,2087,0.9466666666666667,0.9466666666666667
756,1,1998,2108,0.64,0.64
756,5,1998,2108,0.76,0.76
756,10,1998,2108,0.8266666666666667,0.8266666666666667
756,20,1998,2108,0.9233333333333333,0.9233333333333333
756,50,1998,2108,0.9966666666666667,0.9966666666666667
756,1,1998,2129,0.5733333333333334,0.5733333333333334
756,5,1998,2129,0.6166666666666667,0.6166666666666667
756,10,1998,2129,0.6833333333333333,0.6833333333333333
756,20,1998,2129,0.76,0.76
756,50,1998,2129,0.8633333333333333,0.8633333333333333
756,1,1998,2150,0.6066666666666667,0.6066666666666667
756,5,1998,2150,0.6766666666666666,0.6766666666666666
756,10,1998,2150,0.7766666666666666,0.7766666666666666
756,20,1998,2150,0.8733333333333333,0.8733333333333333
756,50,1998,2150,0.97,0.97
756,1,1998,2171,0.63,0.63
756,5,1998,2171,0.7333333333333333,0.7333333333333333
756,10,1998,2171,0.83,0.83
756,20,1998,2171,0.8666666666666667,0.8666666666666667
756,50,1998,2171,0.9733333333333334,0.9733333333333334
756,1,1998,2192,0.6966666666666667,0.6966666666666667
756,5,1998,2192,0.7533333333333333,0.7533333333333333
756,10,1998,2192,0.8266666666666667,0.8266666666666667
756,20,1998,2192,0.9533333333333334,0.9533333333333334
756,50,1998,2192,0.99,0.99
756,1,1999,2444,0.8033333333333333,0.8033333333333333
756,5,1999,2444,0.98,0.98
756,10,1999,2444,1.0,1.0
756,20,1999,2444,1.0,1.0
756,50,1999,2444,1.0,1.0
756,1,1999,2465,0.8633333333333333,0.8633333333333333
756,5,1999,2465,0.9766666666666667,0.9766666666666667
756,10,1999,2465,0.9966666666666667,0.9966666666666667
756,20,1999,2465,1.0,1.0
756,50,1999,2465,1.0,1.0
756,1,1999,2486,0.83,0.83
756,5,1999,2486,0.9833333333333333,0.9833333333333333
756,10,1999,2486,1.0,1.0
756,20,1999,2486,1.0,1.0
756,50,1999,2486,1.0,1.0
756,1,1999,2507,0.6333333333333333,0.6333333333333333
756,5,1999,2507,0.9133333333333333,0.9133333333333333
756,10,1999,2507,0.98,0.98
756,20,1999,2507,0.9966666666666667,0.9966666666666667
756,50,1999,2507,1.0,1.0
756,1,2000,2717,0.9466666666666667,0.9466666666666667
756,5,2000,2717,1.0,1.0
756,10,2000,2717,1.0,1.0
756,20,2000,2717,1.0,1.0
756,50,2000,2717,1.0,1.0
756,1,2000,2738,0.88,0.88
756,5,2000,2738,0.9966666666666667,0.9966666666666667
756,10,2000,2738,1.0,1.0
756,20,2000,2738,1.0,1.0
756,50,2000,2738,1.0,1.0
756,1,2000,2759,0.94,0.94
756,5,2000,2759,1.0,1.0
756,10,2000,2759,1.0,1.0
756,20,2000,2759,1.0,1.0
756,50,2000,2759,1.0,1.0
756,1,2001,2843,0.96,0.96
756,5,2001,2843,1.0,1.0
756,10,2001,2843,1.0,1.0
756,20,2001,2843,1.0,1.0
756,50,2001,2843,1.0,1.0
756,1,2001,2906,0.92,0.92
756,5,2001,2906,1.0,1.0
756,10,2001,2906,1.0,1.0
756,20,2001,2906,1.0,1.0
756,50,2001,2906,1.0,1.0
756,1,2001,2927,0.9366666666666666,0.9366666666666666
756,5,2001,2927,1.0,1.0
756,10,2001,2927,1.0,1.0
756,20,2001,2927,1.0,1.0
756,50,2001,2927,1.0,1.0
756,1,2001,2948,0.9533333333333334,0.9533333333333334
756,5,2001,2948,0.9966666666666667,0.9966666666666667
756,10,2001,2948,1.0,1.0
756,20,2001,2948,1.0,1.0
756,50,2001,2948,1.0,1.0
756,1,2001,2969,0.94,0.94
756,5,2001,2969,1.0,1.0
756,10,2001,2969,1.0,1.0
756,20,2001,2969,1.0,1.0
756,50,2001,2969,1.0,1.0
756,1,2001,2990,0.93,0.93
756,5,2001,2990,1.0,1.0
756,10,2001,2990,1.0,1.0
756,20,2001,2990,1.0,1.0
756,50,2001,2990,1.0,1.0
756,1,2001,3053,0.9433333333333334,0.9433333333333334
756,5,2001,3053,1.0,1.0
756,10,2001,3053,1.0,1.0
756,20,2001,3053,1.0,1.0
756,50,2001,3053,1.0,1.0
756,1,2002,3074,0.9333333333333333,0.9333333333333333
756,5,2002,3074,1.0,1.0
756,10,2002,3074,1.0,1.0
756,20,2002,3074,1.0,1.0
756,50,2002,3074,1.0,1.0
756,1,2002,3095,0.93,0.93
756,5,2002,3095,1.0,1.0
756,10,2002,3095,1.0,1.0
756,20,2002,3095,1.0,1.0
756,50,2002,3095,1.0,1.0
756,1,2002,3116,0.9466666666666667,0.9466666666666667
756,5,2002,3116,1.0,1.0
756,10,2002,3116,1.0,1.0
756,20,2002,3116,1.0,1.0
756,50,2002,3116,1.0,1.0
756,1,2002,3137,0.9233333333333333,0.9233333333333333
756,5,2002,3137,1.0,1.0
756,10,2002,3137,1.0,1.0
756,20,2002,3137,1.0,1.0
756,50,2002,3137,1.0,1.0
756,1,2002,3158,0.93,0.93
756,5,2002,3158,1.0,1.0
756,10,2002,3158,1.0,1.0
756,20,2002,3158,1.0,1.0
756,50,2002,3158,1.0,1.0
756,1,2002,3179,0.9266666666666666,0.9266666666666666
756,5,2002,3179,1.0,1.0
756,10,2002,3179,1.0,1.0
756,20,2002,3179,1.0,1.0
756,50,2002,3179,1.0,1.0
756,1,2003,3389,0.9933333333333333,0.9933333333333333
756,5,2003,3389,1.0,1.0
756,10,2003,3389,1.0,1.0
756,20,2003,3389,1.0,1.0
756,50,2003,3389,1.0,1.0
756,1,2003,3410,0.9633333333333334,0.9633333333333334
756,5,2003,3410,1.0,1.0
756,10,2003,3410,1.0,1.0
756,20,2003,3410,1.0,1.0
756,50,2003,3410,1.0,1.0
756,1,2003,3431,0.9233333333333333,0.9233333333333333
756,5,2003,3431,0.9966666666666667,0.9966666666666667
756,10,2003,3431,1.0,1.0
756,20,2003,3431,1.0,1.0
756,50,2003,3431,1.0,1.0
756,1,2003,3452,0.9533333333333334,0.9533333333333334
756,5,2003,3452,0.9966666666666667,0.9966666666666667
756,10,2003,3452,1.0,1.0
756,20,2003,3452,1.0,1.0
756,50,2003,3452,1.0,1.0
756,1,2003,3473,0.9333333333333333,0.9333333333333333
756,5,2003,3473,1.0,1.0
756,10,2003,3473,1.0,1.0
756,20,2003,3473,1.0,1.0
756,50,2003,3473,1.0,1.0
756,1,2003,3494,0.9433333333333334,0.9433333333333334
756,5,2003,3494,0.9966666666666667,0.9966666666666667
756,10,2003,3494,1.0,1.0
756,20,2003,3494,1.0,1.0
756,50,2003,3494,1.0,1.0
756,1,2003,3515,0.9233333333333333,0.9233333333333333
756,5,2003,3515,1.0,1.0
756,10,2003,3515,1.0,1.0
756,20,2003,3515,1.0,1.0
756,50,2003,3515,1.0,1.0
756,1,2003,3536,0.9,0.9
756,5,2003,3536,1.0,1.0
756,10,2003,3536,1.0,1.0
756,20,2003,3536,1.0,1.0
756,50,2003,3536,1.0,1.0
756,1,2003,3557,0.8566666666666667,0.8566666666666667
756,5,2003,3557,0.9966666666666667,0.9966666666666667
756,10,2003,3557,1.0,1.0
756,20,2003,3557,1.0,1.0
756,50,2003,3557,1.0,1.0
756,1,2004,3578,0.91,0.91
756,5,2004,3578,0.99,0.99
756,10,2004,3578,1.0,1.0
756,20,2004,3578,1.0,1.0
756,50,2004,3578,1.0,1.0
756,1,2004,3599,0.8966666666666666,0.8966666666666666
756,5,2004,3599,1.0,1.0
756,10,2004,3599,1.0,1.0
756,20,2004,3599,1.0,1.0
756,50,2004,3599,1.0,1.0
756,1,2004,3620,0.8266666666666667,0.8266666666666667
756,5,2004,3620,0.99,0.99
756,10,2004,3620,1.0,1.0
756,20,2004,3620,1.0,1.0
756,50,2004,3620,1.0,1.0
756,1,2004,3641,0.8666666666666667,0.8666666666666667
756,5,2004,3641,0.98,0.98
756,10,2004,3641,1.0,1.0
756,20,2004,3641,1.0,1.0
756,50,2004,3641,1.0,1.0
756,1,2004,3662,0.82,0.82
756,5,2004,3662,0.98,0.98
756,10,2004,3662,1.0,1.0
756,20,2004,3662,1.0,1.0
756,50,2004,3662,1.0,1.0
756,1,2004,3683,0.7833333333333333,0.7833333333333333
756,5,2004,3683,0.99,0.99
756,10,2004,3683,1.0,1.0
756,20,2004,3683,1.0,1.0
756,50,2004,3683,1.0,1.0
756,1,2004,3704,0.8966666666666666,0.8966666666666666
756,5,2004,3704,1.0,1.0
756,10,2004,3704,1.0,1.0
756,20,2004,3704,1.0,1.0
756,50,2004,3704,1.0,1.0
756,1,2004,3767,0.86,0.86
756,5,2004,3767,0.98,0.98
756,10,2004,3767,1.0,1.0
756,20,2004,3767,1.0,1.0
756,50,2004,3767,1.0,1.0
756,1,2004,3788,0.73,0.73
756,5,2004,3788,0.9666666666666667,0.9666666666666667
756,10,2004,3788,0.9966666666666667,0.9966666666666667
756,20,2004,3788,1.0,1.0
756,50,2004,3788,1.0,1.0
756,1,2004,3809,0.7866666666666666,0.7866666666666666
756,5,2004,3809,0.9766666666666667,0.9766666666666667
756,10,2004,3809,0.9966666666666667,0.9966666666666667
756,20,2004,3809,1.0,1.0
756,50,2004,3809,1.0,1.0
756,1,2005,3830,0.7966666666666666,0.7966666666666666
756,5,2005,3830,0.9333333333333333,0.9333333333333333
756,10,2005,3830,0.9633333333333334,0.9633333333333334
756,20,2005,3830,0.9966666666666667,0.9966666666666667
756,50,2005,3830,1.0,1.0
756,1,2005,3851,0.66,0.66
756,5,2005,3851,0.8833333333333333,0.8833333333333333
756,10,2005,3851,0.9666666666666667,0.9666666666666667
756,20,2005,3851,0.99,0.99
756,50,2005,3851,1.0,1.0
756,1,2005,3872,0.6366666666666667,0.6366666666666667
756,5,2005,3872,0.8366666666666667,0.8366666666666667
756,10,2005,3872,0.8833333333333333,0.8833333333333333
756,20,2005,3872,0.95,0.95
756,50,2005,3872,1.0,1.0
756,1,2005,3893,0.75,0.75
756,5,2005,3893,0.9166666666666666,0.9166666666666666
756,10,2005,3893,0.9633333333333334,0.9633333333333334
756,20,2005,3893,0.9966666666666667,0.9966666666666667
756,50,2005,3893,1.0,1.0
756,1,2005,3914,0.7566666666666667,0.7566666666666667
756,5,2005,3914,0.9266666666666666,0.9266666666666666
756,10,2005,3914,0.9833333333333333,0.9833333333333333
756,20,2005,3914,0.9966666666666667,0.9966666666666667
756,50,2005,3914,1.0,1.0
756,1,2005,3935,0.64,0.64
756,5,2005,3935,0.8566666666666667,0.8566666666666667
756,10,2005,3935,0.9233333333333333,0.9233333333333333
756,20,2005,3935,0.9833333333333333,0.9833333333333333
756,50,2005,3935,0.9966666666666667,0.9966666666666667
756,1,2005,3956,0.5933333333333334,0.5933333333333334
756,5,2005,3956,0.6866666666666666,0.6866666666666666
756,10,2005,3956,0.75,0.75
756,20,2005,3956,0.83,0.83
756,50,2005,3956,0.93,0.93
756,1,2005,3977,0.6966666666666667,0.6966666666666667
756,5,2005,3977,0.7933333333333333,0.7933333333333333
756,10,2005,3977,0.9066666666666666,0.9066666666666666
756,20,2005,3977,0.9833333333333333,0.9833333333333333
756,50,2005,3977,1.0,1.0
756,1,2005,3998,0.6866666666666666,0.6866666666666666
756,5,2005,3998,0.7466666666666667,0.7466666666666667
756,10,2005,3998,0.8533333333333334,0.8533333333333334
756,20,2005,3998,0.9433333333333334,0.9433333333333334
756,50,2005,3998,0.9966666666666667,0.9966666666666667
756,1,2005,4019,0.32,0.32
756,5,2005,4019,0.17666666666666667,0.17666666666666667
756,10,2005,4019,0.11,0.11
756,20,2005,4019,0.016666666666666666,0.016666666666666666
756,50,2005,4019,0.0033333333333333335,0.0033333333333333335
756,1,2005,4040,0.33666666666666667,0.33666666666666667
756,5,2005,4040,0.15666666666666668,0.15666666666666668
756,10,2005,4040,0.13666666666666666,0.13666666666666666
756,20,2005,4040,0.07,0.07
756,50,2005,4040,0.0033333333333333335,0.0033333333333333335
756,1,2005,4061,0.19333333333333333,0.19333333333333333
756,5,2005,4061,0.09333333333333334,0.09333333333333334
756,10,2005,4061,0.04666666666666667,0.04666666666666667
756,20,2005,4061,0.006666666666666667,0.006666666666666667
756,50,2005,4061,0.0,0.0
756,1,2006,4082,0.26,0.26
756,5,2006,4082,0.11,0.11
756,10,2006,4082,0.016666666666666666,0.016666666666666666
756,20,2006,4082,0.0033333333333333335,0.0033333333333333335
756,50,2006,4082,0.0,0.0
756,1,2006,4103,0.16666666666666666,0.16666666666666666
756,5,2006,4103,0.023333333333333334,0.023333333333333334
756,10,2006,4103,0.0033333333333333335,0.0033333333333333335
756,20,2006,4103,0.0,0.0
756,50,2006,4103,0.0,0.0
756,1,2006,4124,0.11333333333333333,0.11333333333333333
756,5,2006,4124,0.01,0.01
756,10,2006,4124,0.0,0.0
756,20,2006,4124,0.0,0.0
756,50,2006,4124,0.0,0.0
756,1,2006,4145,0.19,0.19
756,5,2006,4145,0.02,0.02
756,10,2006,4145,0.006666666666666667,0.006666666666666667
756,20,2006,4145,0.0,0.0
756,50,2006,4145,0.0,0.0
756,1,2006,4166,0.14666666666666667,0.14666666666666667
756,5,2006,4166,0.043333333333333335,0.043333333333333335
756,10,2006,4166,0.02,0.02
756,20,2006,4166,0.0033333333333333335,0.0033333333333333335
756,50,2006,4166,0.0,0.0
756,1,2006,4187,0.23333333333333334,0.23333333333333334
756,5,2006,4187,0.08333333333333333,0.08333333333333333
756,10,2006,4187,0.03333333333333333,0.03333333333333333
756,20,2006,4187,0.0033333333333333335,0.0033333333333333335
756,50,2006,4187,0.0,0.0
756,1,2006,4208,0.25666666666666665,0.25666666666666665
756,5,2006,4208,0.05333333333333334,0.05333333333333334
756,10,2006,4208,0.023333333333333334,0.023333333333333334
756,20,2006,4208,0.01,0.01
756,50,2006,4208,0.0,0.0
756,1,2006,4271,0.36,0.36
756,5,2006,4271,0.15333333333333332,0.15333333333333332
756,10,2006,4271,0.10333333333333333,0.10333333333333333
756,20,2006,4271,0.08333333333333333,0.08333333333333333
756,50,2006,4271,0.013333333333333334,0.013333333333333334
756,1,2006,4292,0.37333333333333335,0.37333333333333335
756,5,2006,4292,0.16333333333333333,0.16333333333333333
756,10,2006,4292,0.08,0.08
756,20,2006,4292,0.03666666666666667,0.03666666666666667
756,50,2006,4292,0.0,0.0
756,1,2006,4313,0.31666666666666665,0.31666666666666665
756,5,2006,4313,0.16,0.16
756,10,2006,4313,0.07333333333333333,0.07333333333333333
756,20,2006,4313,0.06,0.06
756,50,2006,4313,0.02666666666666667,0.02666666666666667
756,1,2007,4334,0.4166666666666667,0.4166666666666667
756,5,2007,4334,0.23,0.23
756,10,2007,4334,0.11666666666666667,0.11666666666666667
756,20,2007,4334,0.04,0.04
756,50,2007,4334,0.01,0.01
756,1,2007,4355,0.2833333333333333,0.2833333333333333
756,5,2007,4355,0.10333333333333333,0.10333333333333333
756,10,2007,4355,0.07,0.06666666666666667
756,20,2007,4355,0.03333333333333333,0.03333333333333333
756,50,2007,4355,0.01,0.01
756,1,2007,4376,0.41,0.41
756,5,2007,4376,0.3333333333333333,0.3333333333333333
756,10,2007,4376,0.24,0.24
756,20,2007,4376,0.12666666666666668,0.12666666666666668
756,50,2007,4376,0.043333333333333335,0.043333333333333335
756,1,2007,4397,0.44333333333333336,0.44333333333333336
756,5,2007,4397,0.36666666666666664,0.36666666666666664
756,10,2007,4397,0.26666666666666666,0.26666666666666666
756,20,2007,4397,0.15,0.15
756,50,2007,4397,0.08,0.08
756,1,2007,4418,0.4266666666666667,0.4266666666666667
756,5,2007,4418,0.22666666666666666,0.22666666666666666
756,10,2007,4418,0.11333333333333333,0.11333333333333333
756,20,2007,4418,0.08,0.08
756,50,2007,4418,0.03333333333333333,0.03333333333333333
756,1,2007,4439,0.29333333333333333,0.29333333333333333
756,5,2007,4439,0.14333333333333334,0.14333333333333334
756,10,2007,4439,0.1,0.1
756,20,2007,4439,0.043333333333333335,0.043333333333333335
756,50,2007,4439,0.0,0.0
756,1,2007,4460,0.34,0.34
756,5,2007,4460,0.18,0.18
756,10,2007,4460,0.13333333333333333,0.13333333333333333
756,20,2007,4460,0.05,0.05
756,50,2007,4460,0.0033333333333333335,0.0033333333333333335
756,1,2007,4523,0.3933333333333333,0.3933333333333333
756,5,2007,4523,0.46,0.46
756,10,2007,4523,0.4066666666666667,0.4066666666666667
756,20,2007,4523,0.44,0.44
756,50,2007,4523,0.38666666666666666,0.38666666666666666
756,1,2009,4985,0.6766666666666666,0.6766666666666666
756,5,2009,4985,0.8266666666666667,0.7033333333333334
756,10,2009,4985,0.85,0.74
756,20,2009,4985,0.9633333333333334,0.8366666666666667
756,50,2009,4985,0.9933333333333333,0.9566666666666667
756,1,2009,5006,0.7933333333333333,0.77
756,5,2009,5006,0.9666666666666667,0.9
756,10,2009,5006,0.9933333333333333,0.9666666666666667
756,20,2009,5006,1.0,0.9966666666666667
756,50,2009,5006,1.0,1.0
756,1,2009,5027,0.8933333333333333,0.8633333333333333
756,5,2009,5027,0.98,0.9366666666666666
756,10,2009,5027,1.0,0.98
756,20,2009,5027,1.0,0.9966666666666667
756,50,2009,5027,1.0,1.0
756,1,2009,5048,0.94,0.92
756,5,2009,5048,0.98,0.93
756,10,2009,5048,1.0,0.9733333333333334
756,20,2009,5048,1.0,1.0
756,50,2009,5048,1.0,1.0
756,1,2009,5069,0.9366666666666666,0.9033333333333333
756,5,2009,5069,0.9933333333333333,0.9466666666666667
756,10,2009,5069,1.0,0.99
756,20,2009,5069,1.0,1.0
756,50,2009,5069,1.0,1.0
756,1,2010,5090,0.9166666666666666,0.9033333333333333
756,5,2010,5090,0.9966666666666667,0.9533333333333334
756,10,2010,5090,1.0,0.9933333333333333
756,20,2010,5090,1.0,0.9966666666666667
756,50,2010,5090,1.0,1.0
756,1,2010,5111,0.9133333333333333,0.89
756,5,2010,5111,0.9966666666666667,0.9733333333333334
756,10,2010,5111,1.0,1.0
756,20,2010,5111,1.0,1.0
756,50,2010,5111,1.0,1.0
756,1,2010,5132,0.93,0.91
756,5,2010,5132,1.0,0.9866666666666667
756,10,2010,5132,1.0,1.0
756,20,2010,5132,1.0,1.0
756,50,2010,5132,1.0,1.0
756,1,2010,5153,0.8866666666666667,0.86
756,5,2010,5153,1.0,0.98
756,10,2010,5153,1.0,1.0
756,20,2010,5153,1.0,1.0
756,50,2010,5153,1.0,1.0
756,1,2010,5174,0.92,0.8733333333333333
756,5,2010,5174,1.0,0.9566666666666667
756,10,2010,5174,1.0,1.0
756,20,2010,5174,1.0,1.0
756,50,2010,5174,1.0,1.0
756,1,2010,5195,0.8233333333333334,0.7933333333333333
756,5,2010,5195,0.98,0.8133333333333334
756,10,2010,5195,1.0,0.9233333333333333
756,20,2010,5195,1.0,0.9633333333333334
756,50,2010,5195,1.0,1.0
756,1,2010,5216,0.7233333333333334,0.7166666666666667
756,5,2010,5216,0.9633333333333334,0.66
756,10,2010,5216,0.99,0.7133333333333334
756,20,2010,5216,1.0,0.84
756,50,2010,5216,1.0,0.95
756,1,2010,5279,0.85,0.8266666666666667
756,5,2010,5279,0.9966666666666667,0.9266666666666666
756,10,2010,5279,1.0,0.96
756,20,2010,5279,1.0,0.9933333333333333
756,50,2010,5279,1.0,1.0
756,1,2010,5300,0.85,0.84
756,5,2010,5300,1.0,0.95
756,10,2010,5300,1.0,0.9866666666666667
756,20,2010,5300,1.0,1.0
756,50,2010,5300,1.0,1.0
756,1,2010,5321,0.88,0.8533333333333334
756,5,2010,5321,0.9966666666666667,0.9566666666666667
756,10,2010,5321,1.0,0.9733333333333334
756,20,2010,5321,1.0,0.9966666666666667
756,50,2010,5321,1.0,1.0
756,1,2011,5342,0.8766666666666667,0.86
756,5,2011,5342,1.0,0.9633333333333334
756,10,2011,5342,1.0,0.9966666666666667
756,20,2011,5342,1.0,1.0
756,50,2011,5342,1.0,1.0
756,1,2011,5363,0.86,0.8433333333333334
756,5,2011,5363,0.99,0.9466666666666667
756,10,2011,5363,1.0,0.9966666666666667
756,20,2011,5363,1.0,1.0
756,50,2011,5363,1.0,1.0
756,1,2011,5384,0.9033333333333333,0.8866666666666667
756,5,2011,5384,0.9933333333333333,0.9433333333333334
756,10,2011,5384,1.0,0.9966666666666667
756,20,2011,5384,1.0,1.0
756,50,2011,5384,1.0,1.0
756,1,2011,5405,0.8933333333333333,0.8833333333333333
756,5,2011,5405,0.99,0.9566666666666667
756,10,2011,5405,1.0,1.0
756,20,2011,5405,1.0,1.0
756,50,2011,5405,1.0,1.0
756,1,2011,5426,0.8566666666666667,0.85
756,5,2011,5426,0.99,0.9633333333333334
756,10,2011,5426,1.0,0.9966666666666667
756,20,2011,5426,1.0,1.0
756,50,2011,5426,1.0,1.0
756,1,2011,5447,0.9433333333333334,0.92
756,5,2011,5447,0.9933333333333333,0.9766666666666667
756,10,2011,5447,1.0,0.9966666666666667
756,20,2011,5447,1.0,1.0
756,50,2011,5447,1.0,1.0
756,1,2011,5468,0.8766666666666667,0.8633333333333333
756,5,2011,5468,1.0,0.98
756,10,2011,5468,1.0,1.0
756,20,2011,5468,1.0,1.0
756,50,2011,5468,1.0,1.0
756,1,2012,5615,0.89,0.85
756,5,2012,5615,0.9933333333333333,0.94
756,10,2012,5615,1.0,0.9766666666666667
756,20,2012,5615,1.0,0.9933333333333333
756,50,2012,5615,1.0,1.0
756,1,2012,5636,0.9,0.8766666666666667
756,5,2012,5636,0.9966666666666667,0.9333333333333333
756,10,2012,5636,1.0,0.99
756,20,2012,5636,1.0,1.0
756,50,2012,5636,1.0,1.0
756,1,2012,5657,0.9133333333333333,0.8933333333333333
756,5,2012,5657,0.99,0.97
756,10,2012,5657,1.0,0.9966666666666667
756,20,2012,5657,1.0,1.0
756,50,2012,5657,1.0,1.0
756,1,2012,5678,0.8866666666666667,0.84
756,5,2012,5678,0.99,0.9233333333333333
756,10,2012,5678,1.0,0.98
756,20,2012,5678,1.0,0.9933333333333333
756,50,2012,5678,1.0,1.0
756,1,2012,5720,0.8266666666666667,0.7766666666666666
756,5,2012,5720,0.99,0.89
756,10,2012,5720,1.0,0.9666666666666667
756,20,2012,5720,1.0,0.9966666666666667
756,50,2012,5720,1.0,1.0
756,1,2012,5741,0.84,0.7933333333333333
756,5,2012,5741,0.9566666666666667,0.8766666666666667
756,10,2012,5741,1.0,0.9333333333333333
756,20,2012,5741,1.0,0.98
756,50,2012,5741,1.0,1.0
756,1,2012,5762,0.8066666666666666,0.7333333333333333
756,5,2012,5762,0.9766666666666667,0.89
756,10,2012,5762,0.9933333333333333,0.89
756,20,2012,5762,1.0,0.9866666666666667
756,50,2012,5762,1.0,1.0
756,1,2012,5783,0.84,0.8
756,5,2012,5783,0.9766666666666667,0.88
756,10,2012,5783,0.9933333333333333,0.9366666666666666
756,20,2012,5783,1.0,0.99
756,50,2012,5783,1.0,1.0
756,1,2012,5825,0.87,0.8233333333333334
756,5,2012,5825,0.9633333333333334,0.83
756,10,2012,5825,0.9966666666666667,0.9233333333333333
756,20,2012,5825,1.0,0.9733333333333334
756,50,2012,5825,1.0,0.9966666666666667
756,1,2013,5846,0.82,0.76
756,5,2013,5846,0.9266666666666666,0.8133333333333334
756,10,2013,5846,0.99,0.8733333333333333
756,20,2013,5846,1.0,0.9233333333333333
756,50,2013,5846,1.0,0.9933333333333333
756,1,2013,5867,0.7666666666666667,0.6733333333333333
756,5,2013,5867,0.88,0.71
756,10,2013,5867,0.9633333333333334,0.78
756,20,2013,5867,0.9966666666666667,0.8966666666666666
756,50,2013,5867,1.0,0.98
756,1,2013,5888,0.7733333333333333,0.71
756,5,2013,5888,0.9266666666666666,0.78
756,10,2013,5888,0.99,0.8766666666666667
756,20,2013,5888,0.9966666666666667,0.9333333333333333
756,50,2013,5888,1.0,1.0
756,1,2013,5909,0.8166666666666667,0.7566666666666667
756,5,2013,5909,0.9433333333333334,0.7866666666666666
756,10,2013,5909,0.9933333333333333,0.8866666666666667
756,20,2013,5909,1.0,0.9066666666666666
756,50,2013,5909,1.0,0.9866666666666667
756,1,2013,5930,0.83,0.7533333333333333
756,5,2013,5930,0.9466666666666667,0.7533333333333333
756,10,2013,5930,0.9866666666666667,0.84
756,20,2013,5930,1.0,0.93
756,50,2013,5930,1.0,0.9933333333333333
756,1,2013,5951,0.8233333333333334,0.76
756,5,2013,5951,0.9766666666666667,0.7933333333333333
756,10,2013,5951,1.0,0.8933333333333333
756,20,2013,5951,1.0,0.9533333333333334
756,50,2013,5951,1.0,1.0
756,1,2013,5972,0.7966666666666666,0.7366666666666667
756,5,2013,5972,0.97,0.8366666666666667
756,10,2013,5972,0.9966666666666667,0.8933333333333333
756,20,2013,5972,1.0,0.9633333333333334
756,50,2013,5972,1.0,1.0
756,1,2013,5993,0.8266666666666667,0.7566666666666667
756,5,2013,5993,0.9666666666666667,0.79
756,10,2013,5993,0.9966666666666667,0.9
756,20,2013,5993,1.0,0.96
756,50,2013,5993,1.0,1.0
756,1,2013,6014,0.79,0.7366666666666667
756,5,2013,6014,0.9266666666666666,0.71
756,10,2013,6014,0.9866666666666667,0.86
756,20,2013,6014,1.0,0.9333333333333333
756,50,2013,6014,1.0,0.99
756,1,2013,6035,0.72,0.6566666666666666
756,5,2013,6035,0.93,0.73
756,10,2013,6035,0.97,0.7633333333333333
756,20,2013,6035,0.9966666666666667,0.84
756,50,2013,6035,1.0,0.9666666666666667
756,1,2013,6056,0.7866666666666666,0.6866666666666666
756,5,2013,6056,0.9333333333333333,0.77
756,10,2013,6056,0.9866666666666667,0.86
756,20,2013,6056,1.0,0.9133333333333333
756,50,2013,6056,1.0,0.9766666666666667
756,1,2013,6077,0.7966666666666666,0.74
756,5,2013,6077,0.9566666666666667,0.85
756,10,2013,6077,0.9933333333333333,0.9266666666666666
756,20,2013,6077,1.0,0.9733333333333334
756,50,2013,6077,1.0,1.0
756,1,2014,6098,0.7666666666666667,0.68
756,5,2014,6098,0.9633333333333334,0.8266666666666667
756,10,2014,6098,0.9933333333333333,0.9033333333333333
756,20,2014,6098,0.9966666666666667,0.9633333333333334
756,50,2014,6098,1.0,1.0
756,1,2014,6119,0.7966666666666666,0.7333333333333333
756,5,2014,6119,0.9666666666666667,0.8433333333333334
756,10,2014,6119,0.99,0.9133333333333333
756,20,2014,6119,1.0,0.9766666666666667
756,50,2014,6119,1.0,1.0
756,1,2014,6140,0.8466666666666667,0.7833333333333333
756,5,2014,6140,0.9533333333333334,0.82
756,10,2014,6140,0.9966666666666667,0.9133333333333333
756,20,2014,6140,1.0,0.95
756,50,2014,6140,1.0,0.9966666666666667
756,1,2014,6161,0.82,0.7366666666666667
756,5,2014,6161,0.9433333333333334,0.7766666666666666
756,10,2014,6161,0.9733333333333334,0.83
756,20,2014,6161,1.0,0.9466666666666667
756,50,2014,6161,1.0,0.99
756,1,2014,6182,0.7733333333333333,0.6733333333333333
756,5,2014,6182,0.94,0.7366666666666667
756,10,2014,6182,0.99,0.8733333333333333
756,20,2014,6182,1.0,0.9133333333333333
756,50,2014,6182,1.0,0.9766666666666667
756,1,2014,6203,0.76,0.6866666666666666
756,5,2014,6203,0.9266666666666666,0.7366666666666667
756,10,2014,6203,0.96,0.77
756,20,2014,6203,1.0,0.91
756,50,2014,6203,1.0,0.9766666666666667
756,1,2014,6224,0.7833333333333333,0.7033333333333334
756,5,2014,6224,0.9133333333333333,0.74
756,10,2014,6224,0.98,0.8166666666666667
756,20,2014,6224,0.9966666666666667,0.8866666666666667
756,50,2014,6224,1.0,0.96
756,1,2014,6245,0.8133333333333334,0.7533333333333333
756,5,2014,6245,0.92,0.77
756,10,2014,6245,0.98,0.8466666666666667
756,20,2014,6245,0.9966666666666667,0.9
756,50,2014,6245,1.0,0.98
756,1,2014,6266,0.8033333333333333,0.7466666666666667
756,5,2014,6266,0.9433333333333334,0.7666666666666667
756,10,2014,6266,0.9833333333333333,0.8566666666666667
756,20,2014,6266,1.0,0.9133333333333333
756,50,2014,6266,1.0,1.0
756,1,2015,6371,0.8166666666666667,0.6933333333333334
756,5,2015,6371,0.9266666666666666,0.58
756,10,2015,6371,0.9866666666666667,0.6566666666666666
756,20,2015,6371,1.0,0.6966666666666667
756,50,2015,6371,1.0,0.82
756,1,2015,6392,0.8533333333333334,0.7133333333333334
756,5,2015,6392,0.9833333333333333,0.6366666666666667
756,10,2015,6392,1.0,0.69
756,20,2015,6392,1.0,0.7766666666666666
756,50,2015,6392,1.0,0.88
756,1,2015,6413,0.8233333333333334,0.6833333333333333
756,5,2015,6413,0.9566666666666667,0.7233333333333334
756,10,2015,6413,0.99,0.72
756,20,2015,6413,1.0,0.8133333333333334
756,50,2015,6413,1.0,0.92
756,1,2015,6434,0.8133333333333334,0.7033333333333334
756,5,2015,6434,0.9566666666666667,0.6933333333333334
756,10,2015,6434,0.9966666666666667,0.76
756,20,2015,6434,1.0,0.87
756,50,2015,6434,1.0,0.9466666666666667
756,1,2015,6455,0.9,0.7566666666666667
756,5,2015,6455,0.9933333333333333,0.7766666666666666
756,10,2015,6455,0.9966666666666667,0.82
756,20,2015,6455,1.0,0.9033333333333333
756,50,2015,6455,1.0,0.97
756,1,2015,6476,0.8633333333333333,0.7366666666666667
756,5,2015,6476,0.9866666666666667,0.7233333333333334
756,10,2015,6476,1.0,0.84
756,20,2015,6476,1.0,0.89
756,50,2015,6476,1.0,0.99
756,1,2016,6707,0.8566666666666667,0.6566666666666666
756,5,2016,6707,0.9666666666666667,0.59
756,10,2016,6707,1.0,0.6033333333333334
756,20,2016,6707,1.0,0.58
756,50,2016,6707,1.0,0.6366666666666667
756,1,2016,6728,0.89,0.64
756,5,2016,6728,0.9666666666666667,0.51
756,10,2016,6728,0.9933333333333333,0.45666666666666667
756,20,2016,6728,1.0,0.41
756,50,2016,6728,1.0,0.32666666666666666
756,1,2016,6749,0.85,0.6766666666666666
756,5,2016,6749,0.9466666666666667,0.42
756,10,2016,6749,0.9866666666666667,0.42
756,20,2016,6749,1.0,0.4166666666666667
756,50,2016,6749,1.0,0.31
756,1,2016,6770,0.9033333333333333,0.6533333333333333
756,5,2016,6770,0.97,0.43
756,10,2016,6770,0.9966666666666667,0.4066666666666667
756,20,2016,6770,1.0,0.4
756,50,2016,6770,1.0,0.31333333333333335
756,1,2016,6791,0.8433333333333334,0.6666666666666666
756,5,2016,6791,0.9833333333333333,0.6033333333333334
756,10,2016,6791,0.9966666666666667,0.62
756,20,2016,6791,1.0,0.6433333333333333
756,50,2016,6791,1.0,0.7133333333333334
756,1,2016,6812,0.86,0.6566666666666666
756,5,2016,6812,0.9866666666666667,0.6
756,10,2016,6812,0.9966666666666667,0.5833333333333334
756,20,2016,6812,1.0,0.6166666666666667
756,50,2016,6812,1.0,0.6333333333333333
756,1,2016,6833,0.8566666666666667,0.66
756,5,2016,6833,0.95,0.4866666666666667
756,10,2016,6833,0.9966666666666667,0.5166666666666667
756,20,2016,6833,1.0,0.46
756,50,2016,6833,1.0,0.44
756,1,2017,6854,0.84,0.61
756,5,2017,6854,0.9466666666666667,0.3933333333333333
756,10,2017,6854,0.9933333333333333,0.35
756,20,2017,6854,0.9966666666666667,0.3333333333333333
756,50,2017,6854,1.0,0.24
756,1,2017,6875,0.81,0.5933333333333334
756,5,2017,6875,0.9633333333333334,0.48
756,10,2017,6875,1.0,0.5
756,20,2017,6875,1.0,0.4533333333333333
756,50,2017,6875,1.0,0.47333333333333333
756,1,2017,6896,0.5233333333333333,0.31666666666666665
756,5,2017,6896,0.51,0.11666666666666667
756,10,2017,6896,0.52,0.06333333333333334
756,20,2017,6896,0.5733333333333334,0.013333333333333334
756,50,2017,6896,0.6166666666666667,0.0
756,1,2017,6917,0.6633333333333333,0.45
756,5,2017,6917,0.58,0.14333333333333334
756,10,2017,6917,0.6666666666666666,0.08333333333333333
756,20,2017,6917,0.7533333333333333,0.05333333333333334
756,50,2017,6917,0.87,0.01
756,1,2017,6938,0.6466666666666666,0.46
756,5,2017,6938,0.6,0.20333333333333334
756,10,2017,6938,0.7133333333333334,0.14
756,20,2017,6938,0.7566666666666667,0.07
756,50,2017,6938,0.9333333333333333,0.013333333333333334
756,1,2017,6959,0.66,0.4666666666666667
756,5,2017,6959,0.7566666666666667,0.3
756,10,2017,6959,0.8666666666666667,0.24
756,20,2017,6959,0.9333333333333333,0.15333333333333332
756,50,2017,6959,0.9866666666666667,0.06333333333333334
756,1,2017,6980,0.6433333333333333,0.45666666666666667
756,5,2017,6980,0.7566666666666667,0.2633333333333333
756,10,2017,6980,0.8066666666666666,0.19666666666666666
756,20,2017,6980,0.9233333333333333,0.1
756,50,2017,6980,0.9866666666666667,0.02
756,1,2017,7001,0.7233333333333334,0.5566666666666666
756,5,2017,7001,0.78,0.30666666666666664
756,10,2017,7001,0.8833333333333333,0.24666666666666667
756,20,2017,7001,0.9333333333333333,0.16666666666666666
756,50,2017,7001,0.9966666666666667,0.11333333333333333
756,1,2017,7022,0.6466666666666666,0.49333333333333335
756,5,2017,7022,0.7833333333333333,0.3333333333333333
756,10,2017,7022,0.8833333333333333,0.2733333333333333
756,20,2017,7022,0.9533333333333334,0.16
756,50,2017,7022,0.9966666666666667,0.08333333333333333
756,1,2017,7043,0.6566666666666666,0.44
756,5,2017,7043,0.7266666666666667,0.3333333333333333
756,10,2017,7043,0.8166666666666667,0.22
756,20,2017,7043,0.8866666666666667,0.13333333333333333
756,50,2017,7043,0.9666666666666667,0.05333333333333334
756,1,2017,7064,0.7566666666666667,0.5833333333333334
756,5,2017,7064,0.7966666666666666,0.31666666666666665
756,10,2017,7064,0.9233333333333333,0.2833333333333333
756,20,2017,7064,0.95,0.23666666666666666
756,50,2017,7064,0.9966666666666667,0.12
756,1,2017,7085,0.6966666666666667,0.48333333333333334
756,5,2017,7085,0.86,0.37666666666666665
756,10,2017,7085,0.9366666666666666,0.29
756,20,2017,7085,0.9833333333333333,0.27
756,50,2017,7085,1.0,0.13333333333333333
756,1,2018,7106,0.7366666666666667,0.5433333333333333
756,5,2018,7106,0.87,0.39666666666666667
756,10,2018,7106,0.9633333333333334,0.37333333333333335
756,20,2018,7106,0.9966666666666667,0.29333333333333333
756,50,2018,7106,1.0,0.18666666666666668
756,1,2018,7127,0.8066666666666666,0.51
756,5,2018,7127,0.9133333333333333,0.38
756,10,2018,7127,0.9633333333333334,0.24
756,20,2018,7127,0.9966666666666667,0.20666666666666667
756,50,2018,7127,1.0,0.09333333333333334
756,1,2018,7148,0.8233333333333334,0.5266666666666666
756,5,2018,7148,0.9533333333333334,0.2833333333333333
756,10,2018,7148,0.99,0.16666666666666666
756,20,2018,7148,1.0,0.06666666666666667
756,50,2018,7148,1.0,0.016666666666666666
756,1,2018,7169,0.8233333333333334,0.48
756,5,2018,7169,0.9433333333333334,0.14666666666666667
756,10,2018,7169,0.9833333333333333,0.11
756,20,2018,7169,0.9966666666666667,0.03666666666666667
756,50,2018,7169,1.0,0.0
756,1,2018,7190,0.8133333333333334,0.5066666666666667
756,5,2018,7190,0.9166666666666666,0.3
756,10,2018,7190,0.97,0.25666666666666665
756,20,2018,7190,0.9966666666666667,0.17333333333333334
756,50,2018,7190,1.0,0.04666666666666667
756,1,2018,7211,0.8333333333333334,0.58
756,5,2018,7211,0.97,0.30333333333333334
756,10,2018,7211,0.9866666666666667,0.2633333333333333
756,20,2018,7211,1.0,0.18333333333333332
756,50,2018,7211,1.0,0.09666666666666666
756,1,2018,7232,0.79,0.5533333333333333
756,5,2018,7232,0.94,0.4066666666666667
756,10,2018,7232,0.9833333333333333,0.37333333333333335
756,20,2018,7232,1.0,0.3433333333333333
756,50,2018,7232,1.0,0.28
756,1,2018,7253,0.7966666666666666,0.5366666666666666
756,5,2018,7253,0.9166666666666666,0.38666666666666666
756,10,2018,7253,0.99,0.39666666666666667
756,20,2018,7253,0.9966666666666667,0.39
756,50,2018,7253,1.0,0.2733333333333333
756,1,2018,7274,0.7866666666666666,0.49333333333333335
756,5,2018,7274,0.9533333333333334,0.37333333333333335
756,10,2018,7274,0.97,0.35
756,20,2018,7274,1.0,0.30666666666666664
756,50,2018,7274,1.0,0.20666666666666667
756,1,2019,7484,0.79,0.5033333333333333
756,5,2019,7484,0.8533333333333334,0.14333333333333334
756,10,2019,7484,0.95,0.06666666666666667
756,20,2019,7484,0.98,0.05333333333333334
756,50,2019,7484,1.0,0.02666666666666667
756,1,2019,7526,0.76,0.47
756,5,2019,7526,0.84,0.10333333333333333
756,10,2019,7526,0.8933333333333333,0.05
756,20,2019,7526,0.9766666666666667,0.02
756,50,2019,7526,1.0,0.0
756,1,2019,7589,0.7333333333333333,0.48
756,5,2019,7589,0.83,0.29
756,10,2019,7589,0.91,0.16666666666666666
756,20,2019,7589,0.9666666666666667,0.09666666666666666
756,50,2019,7589,1.0,0.10333333333333333
756,1,2020,7610,0.79,0.58
756,5,2020,7610,0.8833333333333333,0.35333333333333333
756,10,2020,7610,0.9266666666666666,0.28
756,20,2020,7610,0.9666666666666667,0.20666666666666667
756,50,2020,7610,1.0,0.12666666666666668
756,1,2020,7631,0.7833333333333333,0.5666666666666667
756,5,2020,7631,0.7633333333333333,0.26
756,10,2020,7631,0.9333333333333333,0.21333333333333335
756,20,2020,7631,0.9733333333333334,0.12333333333333334
756,50,2020,7631,1.0,0.07333333333333333
756,1,2020,7736,0.7933333333333333,0.33666666666666667
756,5,2020,7736,0.7466666666666667,0.01
756,10,2020,7736,0.5933333333333334,0.0
756,20,2020,7736,0.5366666666666666,0.0
756,50,2020,7736,0.6266666666666667,0.0
756,1,2020,7757,0.6533333333333333,0.23333333333333334
756,5,2020,7757,0.5866666666666667,0.02666666666666667
756,10,2020,7757,0.6066666666666667,0.0
756,20,2020,7757,0.5366666666666666,0.0
756,50,2020,7757,0.5433333333333333,0.0
756,1,2020,7778,0.6833333333333333,0.28
756,5,2020,7778,0.6233333333333333,0.016666666666666666
756,10,2020,7778,0.6533333333333333,0.0033333333333333335
756,20,2020,7778,0.6233333333333333,0.0
756,50,2020,7778,0.71,0.0
756,1,2020,7799,0.5733333333333334,0.24333333333333335
756,5,2020,7799,0.5366666666666666,0.023333333333333334
756,10,2020,7799,0.4766666666666667,0.0
756,20,2020,7799,0.51,0.0
756,50,2020,7799,0.57,0.0
756,1,2020,7820,0.64,0.29
756,5,2020,7820,0.6166666666666667,0.03333333333333333
756,10,2020,7820,0.5766666666666667,0.01
756,20,2020,7820,0.5833333333333334,0.04
756,50,2020,7820,0.5933333333333334,0.0
756,1,2020,7841,0.6766666666666666,0.30333333333333334
756,5,2020,7841,0.7833333333333333,0.06666666666666667
756,10,2020,7841,0.76,0.0033333333333333335
756,20,2020,7841,0.8366666666666667,0.0
756,50,2020,7841,0.92,0.0
756,1,2021,7862,0.6933333333333334,0.38666666666666666
756,5,2021,7862,0.7666666666666667,0.11333333333333333
756,10,2021,7862,0.8666666666666667,0.03
756,20,2021,7862,0.93,0.0
756,50,2021,7862,0.9766666666666667,0.0
756,1,2021,7883,0.7933333333333333,0.5266666666666666
756,5,2021,7883,0.89,0.16333333333333333
756,10,2021,7883,0.93,0.07
756,20,2021,7883,0.9766666666666667,0.01
756,50,2021,7883,1.0,0.0
756,1,2021,7904,0.7866666666666666,0.5466666666666666
756,5,2021,7904,0.9033333333333333,0.12
756,10,2021,7904,0.9433333333333334,0.07333333333333333
756,20,2021,7904,0.9733333333333334,0.0033333333333333335
756,50,2021,7904,0.9966666666666667,0.0
756,1,2021,7925,0.5833333333333334,0.3566666666666667
756,5,2021,7925,0.74,0.08666666666666667
756,10,2021,7925,0.7533333333333333,0.02
756,20,2021,7925,0.7966666666666666,0.0033333333333333335
756,50,2021,7925,0.88,0.0
756,1,2021,7946,0.69,0.48
756,5,2021,7946,0.82,0.17666666666666667
756,10,2021,7946,0.9033333333333333,0.09666666666666666
756,20,2021,7946,0.9466666666666667,0.05
756,50,2021,7946,0.9933333333333333,0.0033333333333333335
756,1,2021,7967,0.5666666666666667,0.39666666666666667
756,5,2021,7967,0.7133333333333334,0.24333333333333335
756,10,2021,7967,0.7733333333333333,0.14333333333333334
756,20,2021,7967,0.82,0.05
756,50,2021,7967,0.92,0.01
756,1,2021,7988,0.66,0.4766666666666667
756,5,2021,7988,0.77,0.25666666666666665
756,10,2021,7988,0.8233333333333334,0.18
756,20,2021,7988,0.8833333333333333,0.17
756,50,2021,7988,0.9833333333333333,0.03
756,1,2021,8009,0.66,0.51
756,5,2021,8009,0.7233333333333334,0.32666666666666666
756,10,2021,8009,0.8433333333333334,0.24666666666666667
756,20,2021,8009,0.9033333333333333,0.13333333333333333
756,50,2021,8009,0.9733333333333334,0.09
756,1,2021,8030,0.7233333333333334,0.6233333333333333
756,5,2021,8030,0.82,0.39666666666666667
756,10,2021,8030,0.9166666666666666,0.3933333333333333
756,20,2021,8030,0.9733333333333334,0.31
756,50,2021,8030,1.0,0.18666666666666668
756,1,2021,8072,0.6933333333333334,0.5333333333333333
756,5,2021,8072,0.8066666666666666,0.33666666666666667
756,10,2021,8072,0.8766666666666667,0.25333333333333335
756,20,2021,8072,0.9433333333333334,0.2
756,50,2021,8072,0.9966666666666667,0.02666666666666667
756,1,2023,8387,0.7633333333333333,0.37333333333333335
756,5,2023,8387,0.76,0.056666666666666664
756,10,2023,8387,0.79,0.04
756,20,2023,8387,0.8766666666666667,0.0033333333333333335
756,50,2023,8387,0.9533333333333334,0.0
