{
  "n_months": 248,
  "cagr": 0.23022282429760277,
  "sharpe": 0.8399169428766634,
  "sortino": 1.6901368825858276,
  "max_dd": -0.5161545420347716,
  "best_m": 0.5046827934181425,
  "worst_m": -0.2516998271654581,
  "positive_months": 158,
  "total_months": 248,
  "cash_months": 4,
  "sub_sharpes": [
    0.44087533542324076,
    0.9669264695065812,
    1.2221187010176522
  ],
  "sub_sharpe_min": 0.44087533542324076,
  "exp_name": "dq_vc0.75_K5",
  "K": 5,
  "wall_time_s": 0.24
}