{
  "n_months": 248,
  "cagr": 0.12344950803861954,
  "sharpe": 0.9954690884492495,
  "sortino": 1.9618780510616964,
  "max_dd": -0.18455346081619162,
  "best_m": 0.17873826199362855,
  "worst_m": -0.11659699254505206,
  "positive_months": 154,
  "total_months": 248,
  "cash_months": 4,
  "sub_sharpes": [
    1.031705586708649,
    1.3522857526306593,
    0.7712904456070595
  ],
  "sub_sharpe_min": 0.7712904456070595,
  "exp_name": "ra_pred_div_vol_K3",
  "K": 3,
  "wall_time_s": 0.18
}