universe,variant,k,weighting,mid_hold,vol_lambda,cagr_pct,spy_cagr_pct,edge_pp,sharpe,mdd_pct,n_cash,n_rebalances,wf_mean_cagr_pct,wf_mean_edge_pp,wf_n_beats_spy,wf_n_splits
combined,baseline,3,ew,False,0.0,9.286503032231241,10.933466267881254,-1.646963235650012,0.43012652884896924,-84.5010115478391,4,47,14.795853194074382,2.159653286901412,6,10
combined,k5_ew,5,ew,False,0.0,9.655357370234396,10.933466267881254,-1.2781088976468569,0.4315558084635099,-84.91143264415291,4,47,15.327572711217421,2.6913728040444522,6,10
combined,k5_ew_midhold,5,ew,True,0.0,9.997557568945602,10.933466267881254,-0.9359086989356502,0.43984582206188083,-82.25549409036275,12,58,14.875921529863032,2.2397216226900634,5,10
combined,k5_invvol,5,invvol,False,0.0,8.828417746291016,10.933466267881254,-2.105048521590236,0.4133934504217342,-83.25975341169031,4,47,14.84604381690528,2.2098439097323106,6,10
combined,k5_invvol_midhold,5,invvol,True,0.0,9.663762720806378,10.933466267881254,-1.269703547074874,0.43844324617240166,-80.10751526497535,12,58,14.432573330669468,1.7963734234964988,5,10
combined,k3_ew_midhold,3,ew,True,0.0,10.681896160235516,10.933466267881254,-0.25157010764573773,0.44604400317290555,-83.33841344802792,12,58,14.562912534457507,1.9267126272845367,5,10
combined,k7_ew_midhold,7,ew,True,0.0,13.892439926012212,10.933466267881254,2.958973658130959,0.5514034515956667,-73.90675996426414,12,58,18.576876700571727,5.940676793398755,7,10
combined,k5_ew_volscore,5,ew,False,0.1,10.273006712469957,10.933466267881254,-0.6604595554112969,0.5182106677147083,-50.87278169981763,4,47,13.575029699098062,0.9388297919250921,7,10
combined,kitchen_sink,5,invvol,True,0.1,10.199683983320451,10.933466267881254,-0.7337822845608022,0.6375531759906055,-30.884911250783464,12,58,10.805125659235983,-1.8310742479369857,4,10
