universe,variant,k,weighting,mid_hold,vol_lambda,cagr_pct,spy_cagr_pct,edge_pp,sharpe,mdd_pct,n_cash,n_rebalances,wf_mean_cagr_pct,wf_mean_edge_pp,wf_n_beats_spy,wf_n_splits
levered,baseline,3,ew,False,0.0,27.288170497794397,13.91559198454997,13.372578513244427,0.7593896762221204,-70.25786073327997,0,31,30.77189348250004,16.796899715798403,8,9
levered,k5_ew,5,ew,False,0.0,28.03173562962169,13.91559198454997,14.116143645071721,0.7852888615864931,-71.5380536197062,0,31,29.33823101490281,15.363237248201166,9,9
levered,k5_ew_midhold,5,ew,True,0.0,20.95112673778776,13.91559198454997,7.035534753237793,0.648101968860942,-76.39661864732116,7,40,20.567573697403436,6.592579930701792,6,9
levered,k5_invvol,5,invvol,False,0.0,24.410828781357587,13.91559198454997,10.495236796807617,0.7340077455567222,-70.05722838180165,0,31,27.005101345398014,13.030107578696374,8,9
levered,k5_invvol_midhold,5,invvol,True,0.0,20.229242153906647,13.91559198454997,6.313650169356677,0.6460660180755232,-71.81097838269211,7,40,19.53871096127067,5.563717194569025,6,9
levered,k3_ew_midhold,3,ew,True,0.0,23.17123363979143,13.91559198454997,9.255641655241465,0.6762637006705999,-68.75712572435208,7,40,24.265941672747815,10.290947906046172,8,9
levered,k7_ew_midhold,7,ew,True,0.0,20.4225114047212,13.91559198454997,6.506919420171231,0.6635556116363659,-72.28493190136624,7,40,21.131450950246755,7.156457183545111,6,9
levered,k5_ew_volscore,5,ew,False,0.1,16.966062855013185,13.91559198454997,3.0504708704632177,0.7185774310625681,-38.323495321335585,0,31,19.378284381229793,5.40329061452815,7,9
levered,kitchen_sink,5,invvol,True,0.1,11.452366029198568,13.91559198454997,-2.4632259553514,0.5740707168888896,-39.82252678748646,7,40,12.373001892319682,-1.6019918743819623,4,9
