universe,variant,k,weighting,mid_hold,vol_lambda,cagr_pct,spy_cagr_pct,edge_pp,sharpe,mdd_pct,n_cash,n_rebalances,wf_mean_cagr_pct,wf_mean_edge_pp,wf_n_beats_spy,wf_n_splits
broad,baseline,3,ew,False,0.0,1.771955315366136,10.933466762258458,-9.161511446892323,0.19264462432116763,-67.15404582729356,4,47,-1.0759488201124956,-13.712151152330602,0,10
broad,k5_ew,5,ew,False,0.0,4.803770863979873,10.933466762258458,-6.1296958982785865,0.3345568661462357,-47.64439433612812,4,47,2.289527666764083,-10.346674665454026,1,10
broad,k5_ew_midhold,5,ew,True,0.0,5.18305354160109,10.933466762258458,-5.750413220657369,0.3675836883882066,-46.88806502683814,12,58,3.7762579630246393,-8.859944369193467,1,10
broad,k5_invvol,5,invvol,False,0.0,5.452806711028946,10.933466762258458,-5.480660051229513,0.3719140421027454,-46.39779104340593,4,47,3.8957700504877084,-8.7404322817304,1,10
broad,k5_invvol_midhold,5,invvol,True,0.0,4.84147313488914,10.933466762258458,-6.091993627369319,0.3610231106956721,-43.53533488644518,12,58,3.0944623197759915,-9.541740012442116,1,10
broad,k3_ew_midhold,3,ew,True,0.0,1.4534442096994837,10.933466762258458,-9.480022552558975,0.17282362486124112,-66.00977853821026,12,58,0.4596918331606225,-12.176510499057484,1,10
broad,k7_ew_midhold,7,ew,True,0.0,8.304419466064527,10.933466762258458,-2.6290472961939315,0.5519369101664263,-42.77004111706945,12,58,6.35228143399573,-6.283920898222377,1,10
broad,k5_ew_volscore,5,ew,False,0.1,5.3133077544410545,10.933466762258458,-5.620159007817405,0.456184850920067,-36.52133816905102,4,47,4.329039846110104,-8.307162486108002,0,10
broad,kitchen_sink,5,invvol,True,0.1,6.446978322646135,10.933466762258458,-4.486488439612324,0.7152760840056384,-18.60246033824747,12,58,5.224384414369267,-7.411817917848841,1,10
