universe,variant,k,weighting,mid_hold,vol_lambda,cagr_pct,spy_cagr_pct,edge_pp,sharpe,mdd_pct,n_cash,n_rebalances,wf_mean_cagr_pct,wf_mean_edge_pp,wf_n_beats_spy,wf_n_splits
sp500_pit,baseline,3,ew,False,0.0,39.774061893185106,11.117792566100192,28.656269327084914,0.9553637477926258,-49.82861928502926,4,48,42.8005380033208,30.124831102829678,10,10
sp500_pit,k5_ew,5,ew,False,0.0,29.808336390911784,11.117792566100192,18.69054382481159,0.8588307090930304,-59.09142089595415,4,48,29.544281793433687,16.868574892942558,8,10
sp500_pit,k5_ew_midhold,5,ew,True,0.0,27.854259318431684,11.117792566100192,16.73646675233149,0.87704869593688,-42.93538376940613,12,60,26.12466413405895,13.448957233567816,7,10
sp500_pit,k5_invvol,5,invvol,False,0.0,26.81150599760487,11.117792566100192,15.693713431504674,0.8324614202293541,-57.36405197259409,4,48,27.597015627739253,14.921308727248123,9,10
sp500_pit,k5_invvol_midhold,5,invvol,True,0.0,27.473595310298982,11.117792566100192,16.35580274419879,0.8950218669855846,-44.90867593443378,12,60,27.7329388947417,15.057231994250575,8,10
sp500_pit,k3_ew_midhold,3,ew,True,0.0,29.07288375429591,11.117792566100192,17.955091188195716,0.8093952445038002,-50.246628072372815,12,60,27.842946393851104,15.167239493359972,7,10
sp500_pit,k7_ew_midhold,7,ew,True,0.0,25.17606647084878,11.117792566100192,14.058273904748585,0.8987341713013458,-47.70587539121262,12,60,23.01250095314902,10.336794052657888,7,10
sp500_pit,k5_ew_volscore,5,ew,False,0.1,14.135085709104178,11.117792566100192,3.017293143003985,0.6745383262620931,-48.40755990206107,4,48,13.504368380557333,0.8286614800662037,4,10
sp500_pit,kitchen_sink,5,invvol,True,0.1,5.010437162292658,11.117792566100192,-6.107355403807535,0.3761177791063946,-61.81019309741479,12,60,2.527736541423712,-10.147970359067417,3,10
