variant,cagr_pct,spy_cagr_pct,edge_pp,sharpe,mdd_pct,n_cash,n_rebalances,wf_mean_cagr_pct,wf_mean_edge_pp,wf_n_beats_spy,wf_n_splits
baseline,39.774061893185106,11.117792566100192,28.656269327084914,0.9553637477926258,-49.82861928502926,4,48,42.8005380033208,30.124831102829678,10,10
robust,5.010437162292658,11.117792566100192,-6.107355403807535,0.3761177791063946,-61.81019309741479,12,60,2.527736541423712,-10.147970359067417,3,10
robust_v2_invvol_k5,26.81150599760487,11.117792566100192,15.693713431504674,0.8324614202293541,-57.36405197259409,4,48,27.597015627739253,14.921308727248123,9,10
ablation_midhold_only,29.07288375429591,11.117792566100192,17.955091188195716,0.8093952445038002,-50.246628072372815,12,60,27.842946393851104,15.167239493359972,7,10
ablation_volscore_only,10.022919890329018,11.117792566100192,-1.0948726757711746,0.5078281612728853,-52.55334271522071,4,48,9.30813680988497,-3.367570090606158,4,10
ablation_invvolk5_only,26.81150599760487,11.117792566100192,15.693713431504674,0.8324614202293541,-57.36405197259409,4,48,27.597015627739253,14.921308727248123,9,10
