{
  "name": "pillars_1_2",
  "cagr_full": 0.18464371201769825,
  "spy_cagr_full": 0.1194382410561079,
  "edge_full_pp": 6.520547096159035,
  "sharpe": 1.0587706970818385,
  "max_dd": -0.4060763572963163,
  "n_cash": 4,
  "wf_mean_cagr": 0.21838798789448727,
  "wf_median_cagr": 0.23860565455372718,
  "wf_min_cagr": 0.06702583364903592,
  "wf_max_cagr": 0.3986652106673543,
  "wf_mean_sharpe": 1.2552814214187926,
  "wf_min_sharpe": 0.3987982800735465,
  "wf_mean_dd": -0.21620619793604093,
  "wf_min_dd": -0.3712428767705097,
  "wf_mean_edge_pp": 7.032779055505268,
  "wf_n_pos": 10,
  "wf_n_beats_spy": 8,
  "wf_n_splits": 10
}