{
  "n_months": 248,
  "cagr": 0.14437220125103822,
  "sharpe": 0.8771676796693803,
  "sortino": 1.660628133588404,
  "max_dd": -0.3866571949304592,
  "best_m": 0.37318442284326403,
  "worst_m": -0.18121558373527413,
  "positive_months": 161,
  "total_months": 248,
  "cash_months": 4,
  "sub_sharpes": [
    0.6504065336497288,
    1.8871985837341596,
    0.577196427041051
  ],
  "sub_sharpe_min": 0.577196427041051,
  "wall_time_s": 0.21,
  "window": "research",
  "exp_name": "invvol_w0.25",
  "K": 3,
  "hold": 6,
  "vol_target": null
}