{
  "cfg": {
    "name": "exp_09_ml136",
    "K": 3,
    "hold_months": 6,
    "weighting": "ew",
    "cost_bps_per_leg": 5.0,
    "cash_yield_apr": 0.0,
    "crash_gate": true,
    "soft_cash": false,
    "score_fn_name": "ml_136",
    "pick_filter": "none",
    "conv_lambda": 0.0,
    "cash_score_floor": 0.0
  },
  "metrics": {
    "n_months": 248,
    "cagr": 0.36942295798611524,
    "sharpe": 0.8847528288615064,
    "sortino": 2.306560860356457,
    "max_dd": -0.49828619285029274,
    "best_m": 0.8495509234283266,
    "worst_m": -0.3357942381205953,
    "positive_months": 155,
    "total_months": 248,
    "cash_months": 4,
    "window": "research",
    "wall_time_s": 0.16
  },
  "run_id": "20260510_133107_exp_09_ml136_d839b93465_research",
  "git_sha": "ed52fb1deb6ade154808a7aea1fa9884423831fd"
}