{
  "n_months": 248,
  "cagr": 0.18755921945150256,
  "sharpe": 0.7885940151264847,
  "sortino": 1.43856087145388,
  "max_dd": -0.5334101958416458,
  "best_m": 0.3499391846329284,
  "worst_m": -0.2516998271654581,
  "positive_months": 157,
  "total_months": 248,
  "cash_months": 4,
  "sub_sharpes": [
    0.8152208260563946,
    0.9606269612806945,
    0.7308622807816676
  ],
  "sub_sharpe_min": 0.7308622807816676,
  "exp_name": "dq_vc0.55_K5",
  "K": 5,
  "wall_time_s": 0.25
}