{
  "n_months": 248,
  "cagr": 0.12852457527101957,
  "sharpe": 0.6669171072910207,
  "sortino": 1.1572807105897407,
  "max_dd": -0.5063471028599941,
  "best_m": 0.21034608194163945,
  "worst_m": -0.24105940762370381,
  "positive_months": 148,
  "total_months": 248,
  "cash_months": 4,
  "sub_sharpes": [
    0.6642974291337224,
    1.110783140918283,
    0.5600753664166456
  ],
  "sub_sharpe_min": 0.5600753664166456,
  "wall_time_s": 0.18,
  "window": "research",
  "exp_name": "qualvol0.45",
  "K": 3,
  "hold": 6,
  "vol_target": null
}