{
  "n_months": 248,
  "cagr": 0.2049640062778506,
  "sharpe": 0.9351906379904082,
  "sortino": 1.6985062249643341,
  "max_dd": -0.40968239693329095,
  "best_m": 0.19831164336218912,
  "worst_m": -0.24199304375691985,
  "positive_months": 158,
  "total_months": 248,
  "cash_months": 4,
  "sub_sharpes": [
    0.9894262438952378,
    1.2972807604695795,
    0.790546938137595
  ],
  "sub_sharpe_min": 0.790546938137595,
  "wall_time_s": 0.2,
  "window": "research",
  "exp_name": "qualvol0.50_qf0.40",
  "K": 3,
  "hold": 6,
  "vol_target": null
}