{
  "n_months": 248,
  "cagr": 0.14423311035055386,
  "sharpe": 0.7455266190075208,
  "sortino": 1.2589210855437982,
  "max_dd": -0.41871443791888363,
  "best_m": 0.17846397497482913,
  "worst_m": -0.25954570698333246,
  "positive_months": 154,
  "total_months": 248,
  "cash_months": 4,
  "sub_sharpes": [
    0.7609771569549565,
    1.2807763587956154,
    0.48465690310583615
  ],
  "sub_sharpe_min": 0.48465690310583615,
  "wall_time_s": 0.2,
  "window": "research",
  "exp_name": "qualvol0.45_qf0.40",
  "K": 3,
  "hold": 6,
  "vol_target": null
}