{
  "ic_up": {
    "mom_12_1": -0.001305157560599517,
    "mom_6_1": 0.006428942674179148,
    "chr_drift": 0.027292986778269614,
    "ttm_trend": -0.004804456596625054,
    "lowvol": -0.012601911107717922,
    "lowbeta": -0.01799659488738417,
    "chr_downside": -0.014200380210814724,
    "trend_health": 0.016727236319222606,
    "quality5y": 0.015508880086127493,
    "recovery": 0.0014122932203162462,
    "pullback": -0.008596591569284774
  },
  "ic_safe": {
    "mom_12_1": 0.009213443920441029,
    "mom_6_1": 0.0041888200617027005,
    "chr_drift": -9.918318094171182e-06,
    "ttm_trend": -0.018931595317530903,
    "lowvol": 0.05090508746618539,
    "lowbeta": 0.02412088246936582,
    "chr_downside": 0.036526601032020746,
    "trend_health": 0.04137255314008289,
    "quality5y": 0.04544112013866784,
    "recovery": 0.008203013974921082,
    "pullback": 0.03711130762517296
  },
  "ic_shallow": {
    "mom_12_1": 0.046639071012152686,
    "mom_6_1": 0.03003265079064009,
    "chr_drift": -0.051051349460195676,
    "ttm_trend": -0.0556074684454082,
    "lowvol": 0.2716792620161632,
    "lowbeta": 0.1890732445895421,
    "chr_downside": 0.21955075892390158,
    "trend_health": 0.1256806490787938,
    "quality5y": 0.1655785918683275,
    "recovery": 0.031204920439183194,
    "pullback": 0.17287256276387047
  },
  "backtest": {
    "equal-weight (all)": {
      "n": 253,
      "uw": 0.414944475814041,
      "ever": 0.8980237154150197,
      "endb": 0.39446640316205533,
      "dd": -0.07432076972409053,
      "ret": 1.0560975857902923,
      "safe": 0.3347826086956522
    },
    "corr-neutral (factors only)": {
      "n": 213,
      "uw": 0.39905358074372155,
      "ever": 0.8849765258215964,
      "endb": 0.37276995305164323,
      "dd": -0.0736599553173671,
      "ret": 0.01714574332612661,
      "safe": 0.3605633802816902
    },
    "corr-neutral (+ HF models)": {
      "n": 213,
      "uw": 0.40049929204858786,
      "ever": 0.8887323943661972,
      "endb": 0.3755868544600939,
      "dd": -0.07606281319571755,
      "ret": 1.0686800968899879,
      "safe": 0.3596244131455399
    }
  }
}