{
  "pooled": {
    "floor": {
      "1m": {
        "n": 2540,
        "uw": 0.4286276715410574,
        "ever": 0.8354330708661417,
        "endb": 0.40433070866141735,
        "dd": -0.035972506841163085,
        "ret": 0.38374427056955984,
        "medret": 0.010349765980226633,
        "safe": 0.3476377952755906
      },
      "3m": {
        "n": 2530,
        "uw": 0.39545768241420415,
        "ever": 0.8909090909090909,
        "endb": 0.3660079051383399,
        "dd": -0.06403252200479162,
        "ret": 0.3175787389747054,
        "medret": 0.02968145458716598,
        "safe": 0.35612648221343873
      },
      "6m": {
        "n": 2500,
        "uw": 0.3673396825396825,
        "ever": 0.9128,
        "endb": 0.3208,
        "dd": -0.08631708298972887,
        "ret": 0.28003730269585225,
        "medret": 0.05506226188455643,
        "safe": 0.3872
      },
      "12m": {
        "n": 2440,
        "uw": 0.3284348165495707,
        "ever": 0.9319672131147541,
        "endb": 0.27418032786885244,
        "dd": -0.11421536102930023,
        "ret": 0.17339056417091644,
        "medret": 0.10600751214435178,
        "safe": 0.44508196721311477
      }
    },
    "maxsafe": {
      "1m": {
        "n": 2540,
        "uw": 0.420697412823397,
        "ever": 0.8251968503937008,
        "endb": 0.3968503937007874,
        "dd": -0.03549677816732225,
        "ret": 0.006610072462634843,
        "medret": 0.011772598576694437,
        "safe": 0.3547244094488189
      },
      "3m": {
        "n": 2530,
        "uw": 0.38585858585858585,
        "ever": 0.8845849802371542,
        "endb": 0.3565217391304348,
        "dd": -0.06305430018145766,
        "ret": 0.024583440366104155,
        "medret": 0.03134055943153424,
        "safe": 0.3715415019762846
      },
      "6m": {
        "n": 2500,
        "uw": 0.358815873015873,
        "ever": 0.9116,
        "endb": 0.3164,
        "dd": -0.08499978178470116,
        "ret": 0.0519126544101352,
        "medret": 0.05594334306320725,
        "safe": 0.3924
      },
      "12m": {
        "n": 2440,
        "uw": 0.3195094977881863,
        "ever": 0.9290983606557377,
        "endb": 0.26434426229508196,
        "dd": -0.1115139893092347,
        "ret": 0.12093515166944037,
        "medret": 0.110926922835905,
        "safe": 0.4491803278688525
      }
    },
    "universe": {
      "1m": {
        "n": 104745,
        "uw": 0.44582648563745514,
        "ever": 0.8345983101818703,
        "endb": 0.43969640555635114,
        "dd": -0.05435354617834599,
        "ret": 0.04942175839123192,
        "medret": 0.010018270941490215,
        "safe": 0.3357773640746575
      },
      "3m": {
        "n": 104251,
        "uw": 0.4249716001353876,
        "ever": 0.8930369972470288,
        "endb": 0.4089265330788194,
        "dd": -0.09899465885063345,
        "ret": 0.11332804028122502,
        "medret": 0.0277867266617704,
        "safe": 0.332390096977487
      },
      "6m": {
        "n": 102773,
        "uw": 0.4049380519465075,
        "ever": 0.9172739921963939,
        "endb": 0.3758866628394617,
        "dd": -0.13490587683091668,
        "ret": 0.23267404837405684,
        "medret": 0.05427360680456661,
        "safe": 0.3478150876202894
      },
      "12m": {
        "n": 99839,
        "uw": 0.377344389546535,
        "ever": 0.9354861326736045,
        "endb": 0.3424513466681357,
        "dd": -0.18056507217647175,
        "ret": 0.4329190958365961,
        "medret": 0.1052823522609121,
        "safe": 0.38488967237251975
      }
    },
    "lowvol": {
      "1m": {
        "n": 2540,
        "uw": 0.4260967379077615,
        "ever": 0.8311023622047244,
        "endb": 0.4082677165354331,
        "dd": -0.03156500325215413,
        "ret": 0.003750893568804518,
        "medret": 0.009284154864321548,
        "safe": 0.3539370078740158
      },
      "3m": {
        "n": 2530,
        "uw": 0.3971516406299015,
        "ever": 0.8889328063241106,
        "endb": 0.36719367588932805,
        "dd": -0.060911919837321166,
        "ret": 0.012125799303322766,
        "medret": 0.025043093586081366,
        "safe": 0.35375494071146246
      },
      "6m": {
        "n": 2500,
        "uw": 0.36534920634920637,
        "ever": 0.9112,
        "endb": 0.3224,
        "dd": -0.0815706648813538,
        "ret": 0.03143955907854707,
        "medret": 0.04923907407054107,
        "safe": 0.3892
      },
      "12m": {
        "n": 2440,
        "uw": 0.32715977101223,
        "ever": 0.9241803278688525,
        "endb": 0.27459016393442626,
        "dd": -0.10948725494434278,
        "ret": 0.07688804764580762,
        "medret": 0.09761933277492352,
        "safe": 0.4344262295081967
      }
    },
    "spy": {
      "1m": {
        "n": 254,
        "uw": 0.3595800524934384,
        "ever": 0.7913385826771654,
        "endb": 0.3188976377952756,
        "dd": -0.025485086213227988,
        "ret": 0.009089768553082463,
        "medret": 0.014313438896674913,
        "safe": 0.4330708661417323
      },
      "3m": {
        "n": 253,
        "uw": 0.313507748290357,
        "ever": 0.849802371541502,
        "endb": 0.2727272727272727,
        "dd": -0.04573576814031285,
        "ret": 0.028418953031962204,
        "medret": 0.0386842032339092,
        "safe": 0.45454545454545453
      },
      "6m": {
        "n": 250,
        "uw": 0.2784126984126984,
        "ever": 0.88,
        "endb": 0.204,
        "dd": -0.06304211060215416,
        "ret": 0.05958001118534345,
        "medret": 0.07042507942589171,
        "safe": 0.512
      },
      "12m": {
        "n": 244,
        "uw": 0.22558873276086389,
        "ever": 0.8934426229508197,
        "endb": 0.13114754098360656,
        "dd": -0.08590285693747648,
        "ret": 0.12473338957372605,
        "medret": 0.13909794140277043,
        "safe": 0.5778688524590164
      }
    }
  },
  "by_era": {
    "2003-2009": {
      "floor": {
        "n": 840,
        "uw": 0.41033635676492813,
        "ever": 0.8892857142857142,
        "endb": 0.38452380952380955,
        "dd": -0.06560092017070361,
        "ret": 0.1793259355797096,
        "medret": 0.027853831597174805,
        "safe": 0.3619047619047619
      },
      "universe": {
        "n": 28508,
        "uw": 0.425809185280211,
        "ever": 0.8929072541041111,
        "endb": 0.4050792759927038,
        "dd": -0.10201627441691194,
        "ret": 0.2033631185187297,
        "medret": 0.029972246857989715,
        "safe": 0.32867966886488004
      }
    },
    "2010-2019": {
      "floor": {
        "n": 1020,
        "uw": 0.3610333022097728,
        "ever": 0.8725490196078431,
        "endb": 0.33137254901960783,
        "dd": -0.044327665205607186,
        "ret": 0.6399198419751851,
        "medret": 0.032979358638842604,
        "safe": 0.396078431372549
      },
      "universe": {
        "n": 43571,
        "uw": 0.4067595564692257,
        "ever": 0.8887562828486838,
        "endb": 0.39087925455004474,
        "dd": -0.07754156656638957,
        "ret": 0.13801937926143332,
        "medret": 0.030199840602005423,
        "safe": 0.35177067315416216
      }
    },
    "2020-2026": {
      "floor": {
        "n": 670,
        "uw": 0.4292110874200426,
        "ever": 0.9208955223880597,
        "endb": 0.39552238805970147,
        "dd": -0.09206461077464538,
        "ret": 0.00018236552889471517,
        "medret": 0.02481326814806395,
        "safe": 0.2880597014925373
      },
      "universe": {
        "n": 32172,
        "uw": 0.4488942371262401,
        "ever": 0.8989493969911725,
        "endb": 0.4367773218948154,
        "dd": -0.12537139847991735,
        "ret": 0.00010703005178831156,
        "medret": 0.021929530813275977,
        "safe": 0.30943056073604375
      }
    }
  },
  "by_year_3m_endbelow": [
    {
      "year": 2003,
      "floor_endb": 0.20833333333333334,
      "uni_endb": 0.199247109438021,
      "win": false
    },
    {
      "year": 2004,