{
  "floor_top10": {
    "3m": {
      "n": 253,
      "mo": 254,
      "mo_pct": 99.60629921259843,
      "uw": 0.32605558692515213,
      "ever": 0.857707509881423,
      "endb": 0.26877470355731226,
      "dd": -0.04310599595695608,
      "ret": 0.3175787389747054,
      "safe": 0.42292490118577075,
      "never": 0.1422924901185771
    },
    "12m": {
      "n": 244,
      "mo": 254,
      "mo_pct": 96.06299212598425,
      "uw": 0.2311182669789227,
      "ever": 0.889344262295082,
      "endb": 0.14754098360655737,
      "dd": -0.07389528031107792,
      "ret": 0.17339056417091642,
      "safe": 0.5901639344262295,
      "never": 0.11065573770491803
    }
  },
  "floor_top20": {
    "3m": {
      "n": 253,
      "mo": 254,
      "mo_pct": 99.60629921259843,
      "uw": 0.31633101198318586,
      "ever": 0.8695652173913043,
      "endb": 0.2885375494071146,
      "dd": -0.04267022812554293,
      "ret": 0.16977820663585122,
      "safe": 0.44664031620553357,
      "never": 0.13043478260869565
    },
    "12m": {
      "n": 244,
      "mo": 254,
      "mo_pct": 96.06299212598425,
      "uw": 0.2145784543325527,
      "ever": 0.9057377049180327,
      "endb": 0.1557377049180328,
      "dd": -0.07131161529996095,
      "ret": 0.14195955776011196,
      "safe": 0.6065573770491803,
      "never": 0.0942622950819672
    }
  },
  "floor_top10_regime": {
    "3m": {
      "n": 203,
      "mo": 204,
      "mo_pct": 79.92125984251969,
      "uw": 0.3079208694972242,
      "ever": 0.8669950738916257,
      "endb": 0.2413793103448276,
      "dd": -0.038424716681979006,
      "ret": 0.3879375145198314,
      "safe": 0.43842364532019706,
      "never": 0.1330049261083744
    },
    "12m": {
      "n": 194,
      "mo": 204,
      "mo_pct": 76.37795275590551,
      "uw": 0.19904680085092458,
      "ever": 0.9020618556701031,
      "endb": 0.10309278350515463,
      "dd": -0.05373346539526614,
      "ret": 0.20073065132478307,
      "safe": 0.6082474226804123,
      "never": 0.0979381443298969
    }
  },
  "floor_top20_regime": {
    "3m": {
      "n": 203,
      "mo": 204,
      "mo_pct": 79.92125984251969,
      "uw": 0.3036202986941903,
      "ever": 0.8817733990147784,
      "endb": 0.27586206896551724,
      "dd": -0.0384089257760533,
      "ret": 0.20303798287326325,
      "safe": 0.45320197044334976,
      "never": 0.11822660098522167
    },
    "12m": {
      "n": 194,
      "mo": 204,
      "mo_pct": 76.37795275590551,
      "uw": 0.18828751431844212,
      "ever": 0.9226804123711341,
      "endb": 0.10824742268041238,
      "dd": -0.05070749252602734,
      "ret": 0.15816770139575406,
      "safe": 0.634020618556701,
      "never": 0.07731958762886598
    }
  },
  "spy": {
    "3m": {
      "n": 253,
      "mo": 254,
      "mo_pct": 99.60629921259843,
      "uw": 0.313507748290357,
      "ever": 0.849802371541502,
      "endb": 0.2727272727272727,
      "dd": -0.04573576814031285,
      "ret": 0.028418953031962204,
      "safe": 0.45454545454545453,
      "never": 0.15019762845849802
    },
    "12m": {
      "n": 244,
      "mo": 254,
      "mo_pct": 96.06299212598425,
      "uw": 0.22558873276086389,
      "ever": 0.8934426229508197,
      "endb": 0.13114754098360656,
      "dd": -0.08590285693747648,
      "ret": 0.12473338957372605,
      "safe": 0.5778688524590164,
      "never": 0.10655737704918032
    }
  },
  "spy_regime": {
    "3m": {
      "n": 203,
      "mo": 204,
      "mo_pct": 79.92125984251969,
      "uw": 0.2917350848385331,
      "ever": 0.8522167487684729,
      "endb": 0.2512315270935961,
      "dd": -0.03619932729351566,
      "ret": 0.029714299616935193,
      "safe": 0.4729064039408867,
      "never": 0.1477832512315271
    },
    "12m": {
      "n": 194,
      "mo": 204,
      "mo_pct": 76.37795275590551,
      "uw": 0.2015218458517427,
      "ever": 0.9020618556701031,
      "endb": 0.10824742268041238,
      "dd": -0.0687311213220759,
      "ret": 0.12361676106891066,
      "safe": 0.5824742268041238,
      "never": 0.0979381443298969
    }
  }
}