{
  "SPY (buy & hold)": {
    "cagr": 0.1238012249303313,
    "vol": 0.14490758874416224,
    "sharpe": 0.8823067735654813,
    "maxdd": -0.3422046315875946,
    "underwater": 0.5573770491803278,
    "pos_mo": 0.6721311475409836
  },
  "equal-weight": {
    "cagr": 0.13768194931800326,
    "vol": 0.12684957477524872,
    "sharpe": 1.0860407849547937,
    "maxdd": -0.2604210086279074,
    "underwater": 0.5300546448087432,
    "pos_mo": 0.6557377049180327
  },
  "inverse-vol": {
    "cagr": 0.13250519688731965,
    "vol": 0.12116797496922396,
    "sharpe": 1.0931260007605639,
    "maxdd": -0.24391052830198867,
    "underwater": 0.5300546448087432,
    "pos_mo": 0.6666666666666666
  },
  "min-variance (pred cov)": {
    "cagr": 0.12304302224722607,
    "vol": 0.10958285664384415,
    "sharpe": 1.1183032709712861,
    "maxdd": -0.1756614282751382,
    "underwater": 0.5519125683060109,
    "pos_mo": 0.6502732240437158
  },
  "HRP (Lopez de Prado)": {
    "cagr": 0.13331710074758307,
    "vol": 0.11860094924131692,
    "sharpe": 1.1199739675109772,
    "maxdd": -0.229142521348092,
    "underwater": 0.5081967213114754,
    "pos_mo": 0.6830601092896175
  },
  "HRP + vol-target 10%": {
    "cagr": 0.11067552580150286,
    "vol": 0.10565732906390875,
    "sharpe": 1.0508336217361565,
    "maxdd": -0.18831859707312915,
    "underwater": 0.546448087431694,
    "pos_mo": 0.6830601092896175
  }
}