{
  "ic": {
    "own_1m": [
      -0.004033475136654953,
      -0.27893489499549023
    ],
    "net_1m": [
      -0.005127362103678881,
      -0.3207230570881982
    ],
    "own_3m": [
      -0.008449362765034447,
      -0.6529704961163338
    ],
    "net_3m": [
      -0.020889804381079288,
      -1.383057433623541
    ]
  },
  "portfolio": {
    "SPY (long only)": {
      "cagr": 0.1238012249303313,
      "sharpe": 0.8823067735654813,
      "maxdd": -0.3422046315875946
    },
    "universe avg": {
      "cagr": 0.12554008106237902,
      "sharpe": 0.754356303140877,
      "maxdd": -0.41029795601924723
    },
    "own-momentum": {
      "cagr": 0.10374723606714209,
      "sharpe": 0.6579836204622721,
      "maxdd": -0.38967289676883754
    },
    "network-momentum": {
      "cagr": 0.11325642242530565,
      "sharpe": 0.7124632348490578,
      "maxdd": -0.3131124248077124
    }
  }
}