{
  "predictability": {
    "vol_persistence_ic": 0.7440969060734836,
    "vol_to_drawdown_ic": 0.2559057513653919
  },
  "portfolio": {
    "SPY (buy & hold)": {
      "cagr": 0.1238012249303313,
      "vol": 0.14490758874416224,
      "sharpe": 0.8823067735654813,
      "maxdd": -0.3422046315875946,
      "underwater": 0.5573770491803278,
      "worst_mo": -0.16518657835645367,
      "pos_mo": 0.6721311475409836
    },
    "Floor basket (equal wt)": {
      "cagr": 0.15423412248377755,
      "vol": 0.12721152387441,
      "sharpe": 1.1976709362998414,
      "maxdd": -0.21346753413386144,
      "underwater": 0.546448087431694,
      "worst_mo": -0.12215667159575738,
      "pos_mo": 0.6502732240437158
    },
    "Floor basket (inverse-vol)": {
      "cagr": 0.1434708301038703,
      "vol": 0.11953666229403664,
      "sharpe": 1.1875316331487957,
      "maxdd": -0.19748380219287176,
      "underwater": 0.5409836065573771,
      "worst_mo": -0.11127521207396764,
      "pos_mo": 0.6612021857923497
    },
    "Floor invvol + vol-target 10%": {
      "cagr": 0.1251516791100562,
      "vol": 0.10415109520662187,
      "sharpe": 1.1898339391025627,
      "maxdd": -0.16027524476826205,
      "underwater": 0.5573770491803278,
      "worst_mo": -0.11127521207396764,
      "pos_mo": 0.6612021857923497
    },
    "SPY + vol-target 10%": {
      "cagr": 0.08490813510877726,
      "vol": 0.11452155877882259,
      "sharpe": 0.7722207672648037,
      "maxdd": -0.29826641955093236,
      "underwater": 0.639344262295082,
      "worst_mo": -0.16518657835645367,
      "pos_mo": 0.6721311475409836
    }
  }
}