{
  "n_months": 248,
  "cagr": 0.1487161539087687,
  "sharpe": 1.057102709826533,
  "sortino": 1.9420058380111003,
  "max_dd": -0.2327934571053299,
  "best_m": 0.1335112407914429,
  "worst_m": -0.13943715323738476,
  "positive_months": 158,
  "total_months": 248,
  "cash_months": 4,
  "sub_sharpes": [
    1.1697682003284322,
    1.2103299171440542,
    0.9508872029695077
  ],
  "sub_sharpe_min": 0.9508872029695077,
  "exp_name": "invvol_port_K10_vc0.5_vt0.12",
  "K": 10,
  "hold": 6,
  "vol_target": 0.12,
  "wall_time_s": 0.32
}