{
  "n_months": 248,
  "cagr": 0.12841267059376404,
  "sharpe": 1.0913753567651587,
  "sortino": 2.04216344629544,
  "max_dd": -0.23298537369727362,
  "best_m": 0.14664795317239035,
  "worst_m": -0.16036133044822365,
  "positive_months": 158,
  "total_months": 248,
  "cash_months": 4,
  "sub_sharpes": [
    1.1655590524197776,
    1.760727381731847,
    0.6787070925248103
  ],
  "sub_sharpe_min": 0.6787070925248103,
  "exp_name": "ra_pred_div_vol_K7",
  "K": 7,
  "wall_time_s": 0.21
}