{
  "cfg": {
    "name": "exp_05_donchian",
    "K": 3,
    "hold_months": 6,
    "weighting": "ew",
    "cost_bps_per_leg": 5.0,
    "cash_yield_apr": 0.0,
    "crash_gate": true,
    "soft_cash": false,
    "score_fn_name": "ml_3plus6",
    "pick_filter": "donchian130",
    "conv_lambda": 0.0,
    "cash_score_floor": 0.0
  },
  "metrics": {
    "n_months": 248,
    "cagr": 0.48730521686462325,
    "sharpe": 1.0034695361228718,
    "sortino": 2.7756100000408668,
    "max_dd": -0.5698805278680615,
    "best_m": 0.8495509234283266,
    "worst_m": -0.3357942381205953,
    "positive_months": 157,
    "total_months": 248,
    "cash_months": 4,
    "window": "research",
    "wall_time_s": 0.21
  },
  "run_id": "20260510_132934_exp_05_donchian_63e5d753dd_research",
  "git_sha": "ed52fb1deb6ade154808a7aea1fa9884423831fd"
}