{
  "n_months": 248,
  "cagr": 0.2415995470388539,
  "sharpe": 0.9257624264311826,
  "sortino": 2.326797474507031,
  "max_dd": -0.4742563835625151,
  "best_m": 0.7414182996511071,
  "worst_m": -0.2387172426873405,
  "positive_months": 155,
  "total_months": 248,
  "cash_months": 4,
  "sub_sharpes": [
    0.7861773736867004,
    1.2841695388887884,
    0.9199796661650235
  ],
  "sub_sharpe_min": 0.7861773736867004,
  "wall_time_s": 0.17,
  "window": "research",
  "exp_name": "voltgt0.12",
  "K": 3,
  "hold": 6,
  "vol_target": 0.12
}