{
  "n_months": 248,
  "cagr": 0.19591082130768522,
  "sharpe": 1.0446930544327946,
  "sortino": 1.9150086516993212,
  "max_dd": -0.3153053447117016,
  "best_m": 0.16558571649733747,
  "worst_m": -0.1645663726393234,
  "positive_months": 159,
  "total_months": 248,
  "cash_months": 4,
  "sub_sharpes": [
    1.2116154726730048,
    1.3719321601080992,
    0.8696684220303277
  ],
  "sub_sharpe_min": 0.8696684220303277,
  "wall_time_s": 0.21,
  "window": "research",
  "exp_name": "qualK7",
  "K": 7,
  "hold": 6,
  "vol_target": null
}