{
  "n_months": 248,
  "cagr": 0.12187360816946602,
  "sharpe": 0.9416955589277729,
  "sortino": 1.62733028081762,
  "max_dd": -0.29634294689597007,
  "best_m": 0.11184436251742613,
  "worst_m": -0.13189301119275904,
  "positive_months": 165,
  "total_months": 248,
  "cash_months": 4,
  "sub_sharpes": [
    1.2321898652530396,
    1.7152918857156776,
    0.40050132983352416
  ],
  "sub_sharpe_min": 0.40050132983352416,
  "exp_name": "ra_rank_blend_K7",
  "K": 7,
  "wall_time_s": 0.23
}