{
  "n_months": 248,
  "cagr": 0.13516647017788141,
  "sharpe": 0.9956700635957441,
  "sortino": 1.7247765640251673,
  "max_dd": -0.337919478289928,
  "best_m": 0.1430165291772766,
  "worst_m": -0.16690457836292696,
  "positive_months": 165,
  "total_months": 248,
  "cash_months": 4,
  "sub_sharpes": [
    1.3575208660114066,
    1.85973663692309,
    0.41866958944652627
  ],
  "sub_sharpe_min": 0.41866958944652627,
  "exp_name": "ra_rank_blend_K3",
  "K": 3,
  "wall_time_s": 0.22
}