{
  "name": "pillar1_only",
  "cagr_full": 0.2009596930217985,
  "spy_cagr_full": 0.1194382410561079,
  "edge_full_pp": 8.15214519656906,
  "sharpe": 1.0907398473131602,
  "max_dd": -0.36710126694115863,
  "n_cash": 4,
  "wf_mean_cagr": 0.22917700564336368,
  "wf_median_cagr": 0.2297174889895306,
  "wf_min_cagr": 0.11074976327759667,
  "wf_max_cagr": 0.3986652106673543,
  "wf_mean_sharpe": 1.2886732064830926,
  "wf_min_sharpe": 0.7391189971885332,
  "wf_mean_dd": -0.2167366933045746,
  "wf_min_dd": -0.36710126694115874,
  "wf_mean_edge_pp": 8.111680830392908,
  "wf_n_pos": 10,
  "wf_n_beats_spy": 8,
  "wf_n_splits": 10
}