{
  "n_months": 248,
  "cagr": 0.25918075107962424,
  "sharpe": 0.9168017271225759,
  "sortino": 2.0865506498207713,
  "max_dd": -0.5467843197647981,
  "best_m": 0.7270469662258556,
  "worst_m": -0.30020447263761074,
  "positive_months": 155,
  "total_months": 248,
  "cash_months": 4,
  "sub_sharpes": [
    0.7231665988318945,
    1.23077048971647,
    0.9751620828658707
  ],
  "sub_sharpe_min": 0.7231665988318945,
  "wall_time_s": 0.17,
  "window": "research",
  "exp_name": "voltgt0.18",
  "K": 3,
  "hold": 6,
  "vol_target": 0.18
}