{
  "n_months": 248,
  "cagr": 0.12258365709070818,
  "sharpe": 0.8629639045551254,
  "sortino": 1.4250769551615876,
  "max_dd": -0.3079278927918576,
  "best_m": 0.11528847001366191,
  "worst_m": -0.177955488681286,
  "positive_months": 157,
  "total_months": 248,
  "cash_months": 4,
  "sub_sharpes": [
    0.9591247332299786,
    1.128495327421521,
    0.7052158448226845
  ],
  "sub_sharpe_min": 0.7052158448226845,
  "exp_name": "invvol_port_K5_vc0.45_vt0.1",
  "K": 5,
  "hold": 6,
  "vol_target": 0.1,
  "wall_time_s": 0.24
}