{
  "n_months": 248,
  "cagr": 0.21889350439351118,
  "sharpe": 0.9106806579309709,
  "sortino": 2.5010050728942876,
  "max_dd": -0.40158484013731643,
  "best_m": 0.7533341143025597,
  "worst_m": -0.19609096020389766,
  "positive_months": 155,
  "total_months": 248,
  "cash_months": 4,
  "sub_sharpes": [
    0.8175497082037608,
    1.3410440847050917,
    0.870180773492401
  ],
  "sub_sharpe_min": 0.8175497082037608,
  "wall_time_s": 0.17,
  "window": "research",
  "exp_name": "voltgt0.08",
  "K": 3,
  "hold": 6,
  "vol_target": 0.08
}