{
  "n_months": 248,
  "cagr": 0.4077830824086164,
  "sharpe": 0.9528969959301917,
  "sortino": 2.6118827760163787,
  "max_dd": -0.4982861928502928,
  "best_m": 0.8495509234283266,
  "worst_m": -0.33579423812059533,
  "positive_months": 155,
  "total_months": 248,
  "cash_months": 4,
  "sub_sharpes": [
    0.9320930238993381,
    1.1660459709382425,
    1.0168407401888244
  ],
  "sub_sharpe_min": 0.9320930238993381,
  "exp_name": "lgbm_wf_K3",
  "K": 3,
  "wall_time_s": 0.2
}