{
  "name": "v6_minimal_ew_cy03",
  "cagr_full": 0.3983574048064116,
  "spy_cagr_full": 0.1194382410561079,
  "edge_full_pp": 27.89191637503037,
  "sharpe": 0.9564410593351212,
  "max_dd": -0.49456494553078356,
  "n_cash": 4,
  "wf_mean_cagr": 0.42875294917984574,
  "wf_median_cagr": 0.3992237160170653,
  "wf_min_cagr": 0.14492104439496223,
  "wf_max_cagr": 1.0930845751878877,
  "wf_mean_sharpe": 1.0318641464482758,
  "wf_min_sharpe": 0.7301722273690158,
  "wf_mean_dd": -0.29730680292713835,
  "wf_min_dd": -0.47069488602771037,
  "wf_mean_edge_pp": 28.069275184041118,
  "wf_n_pos": 10,
  "wf_n_beats_spy": 9,
  "wf_n_splits": 10
}