{
  "name": "v6_winner_invvol_cy03",
  "cagr_full": 0.3820068043712843,
  "spy_cagr_full": 0.1194382410561079,
  "edge_full_pp": 26.256856331517643,
  "sharpe": 0.9706635072032087,
  "max_dd": -0.4598487549751292,
  "n_cash": 4,
  "wf_mean_cagr": 0.42483187571768866,
  "wf_median_cagr": 0.3477814420211862,
  "wf_min_cagr": 0.20917687748306846,
  "wf_max_cagr": 1.0609166145484568,
  "wf_mean_sharpe": 1.125386616744096,
  "wf_min_sharpe": 0.8034466698267463,
  "wf_mean_dd": -0.2943144445298633,
  "wf_min_dd": -0.3968204881178004,
  "wf_mean_edge_pp": 27.6771678378254,
  "wf_n_pos": 10,
  "wf_n_beats_spy": 9,
  "wf_n_splits": 10
}