{
  "n_months": 248,
  "cagr": 0.17780313123676406,
  "sharpe": 0.6704651476689422,
  "sortino": 1.3512706985130625,
  "max_dd": -0.7006555979999773,
  "best_m": 0.705283438055875,
  "worst_m": -0.30365983870176205,
  "positive_months": 150,
  "total_months": 248,
  "cash_months": 4,
  "sub_sharpes": [
    0.22691324178365768,
    0.932593808428126,
    1.1065691441179002
  ],
  "sub_sharpe_min": 0.22691324178365768,
  "exp_name": "don_invvol_K3_vc0.75",
  "K": 3,
  "wall_time_s": 0.34
}