{
  "n_months": 248,
  "cagr": 0.12146009505573496,
  "sharpe": 0.9482839074099189,
  "sortino": 1.7433007430910958,
  "max_dd": -0.28423907679229404,
  "best_m": 0.116829597270328,
  "worst_m": -0.10914861611302129,
  "positive_months": 160,
  "total_months": 248,
  "cash_months": 4,
  "sub_sharpes": [
    1.087018493880102,
    1.60709439090865,
    0.5113835518301705
  ],
  "sub_sharpe_min": 0.5113835518301705,
  "wall_time_s": 0.3,
  "window": "research",
  "exp_name": "invqK10",
  "K": 10,
  "hold": 6,
  "vol_target": null
}