{
  "n_months": 248,
  "cagr": 0.20734851872104643,
  "sharpe": 0.9493435263874551,
  "sortino": 1.7831629326264096,
  "max_dd": -0.4608042178605427,
  "best_m": 0.21355060990211505,
  "worst_m": -0.23856350934197562,
  "positive_months": 146,
  "total_months": 248,
  "cash_months": 12,
  "sub_sharpes": [
    1.057262920827579,
    1.2871962000134933,
    0.6729361866082952
  ],
  "sub_sharpe_min": 0.6729361866082952,
  "wall_time_s": 0.65,
  "window": "research",
  "exp_name": "qualH1",
  "K": 3,
  "hold": 1,
  "vol_target": null
}