{
  "n_months": 248,
  "cagr": 0.15363939143914718,
  "sharpe": 1.078345444308381,
  "sortino": 1.9254759868240676,
  "max_dd": -0.22872953408416022,
  "best_m": 0.11623094758186303,
  "worst_m": -0.1511589092962156,
  "positive_months": 164,
  "total_months": 248,
  "cash_months": 4,
  "sub_sharpes": [
    1.1704398130412046,
    2.016836898922319,
    0.577196427041051
  ],
  "sub_sharpe_min": 0.577196427041051,
  "wall_time_s": 0.23,
  "window": "research",
  "exp_name": "qualinvvol_vc0.45",
  "K": 3,
  "hold": 6,
  "vol_target": null
}