{
  "cfg": {
    "name": "exp_25_ens_3_6_12_K5",
    "K": 5,
    "hold_months": 6,
    "weighting": "ew",
    "cost_bps_per_leg": 5.0,
    "cash_yield_apr": 0.0,
    "crash_gate": true,
    "soft_cash": false,
    "score_fn_name": "ens_3_6_12",
    "pick_filter": "none",
    "conv_lambda": 0.0,
    "cash_score_floor": 0.0
  },
  "metrics": {
    "n_months": 248,
    "cagr": 0.30985214570009645,
    "sharpe": 0.9107120533482416,
    "sortino": 2.235946083207574,
    "max_dd": -0.43942888098514843,
    "best_m": 0.665883963159713,
    "worst_m": -0.27352511831596765,
    "positive_months": 154,
    "total_months": 248,
    "cash_months": 4,
    "window": "research",
    "wall_time_s": 0.2
  },
  "run_id": "20260510_134923_exp_25_ens_3_6_12_K5_afa3861492_research",
  "git_sha": "f72377ada312ac4fc7d916b26315abf2a3bed1e4"
}