{
  "n_months": 248,
  "cagr": 0.18871723233213689,
  "sharpe": 1.033622296078306,
  "sortino": 1.881766132881594,
  "max_dd": -0.3358050502099266,
  "best_m": 0.16035830240662488,
  "worst_m": -0.17156993031103496,
  "positive_months": 160,
  "total_months": 248,
  "cash_months": 4,
  "sub_sharpes": [
    1.1975651123735447,
    1.2706820784178234,
    0.8774038196214609
  ],
  "sub_sharpe_min": 0.8774038196214609,
  "wall_time_s": 0.22,
  "window": "research",
  "exp_name": "qualK10",
  "K": 10,
  "hold": 6,
  "vol_target": null
}