{
  "n_months": 248,
  "cagr": 0.30748548340279247,
  "sharpe": 0.8773416644123018,
  "sortino": 1.9857733574499918,
  "max_dd": -0.6537009447823464,
  "best_m": 0.7846420005391264,
  "worst_m": -0.2725224043286029,
  "positive_months": 161,
  "total_months": 248,
  "cash_months": 4,
  "sub_sharpes": [
    0.2558195301760274,
    1.2334176673696655,
    1.1722963957333212
  ],
  "sub_sharpe_min": 0.2558195301760274,
  "exp_name": "dq_vc0.80_K3",
  "K": 3,
  "wall_time_s": 0.22
}