{
  "n_months": 248,
  "cagr": 0.12832233547914096,
  "sharpe": 0.8287686340164306,
  "sortino": 1.4765511037142167,
  "max_dd": -0.31929729881441576,
  "best_m": 0.1895670574203238,
  "worst_m": -0.20153539572717,
  "positive_months": 152,
  "total_months": 248,
  "cash_months": 4,
  "sub_sharpes": [
    0.7800601937715865,
    0.9395285604780732,
    0.8739227695765267
  ],
  "sub_sharpe_min": 0.7800601937715865,
  "exp_name": "invvol_port_K3_vc0.5_vt0.1",
  "K": 3,
  "hold": 6,
  "vol_target": 0.1,
  "wall_time_s": 0.23
}