{
  "cfg": {
    "name": "exp_14_h12",
    "K": 3,
    "hold_months": 12,
    "weighting": "ew",
    "cost_bps_per_leg": 5.0,
    "cash_yield_apr": 0.0,
    "crash_gate": true,
    "soft_cash": false,
    "score_fn_name": "ml_3plus6",
    "pick_filter": "none",
    "conv_lambda": 0.0,
    "cash_score_floor": 0.0
  },
  "metrics": {
    "n_months": 248,
    "cagr": 0.35073711238788685,
    "sharpe": 0.9679994297242328,
    "sortino": 2.483738381247411,
    "max_dd": -0.5876047160434913,
    "best_m": 0.8284814542966099,
    "worst_m": -0.24374016103796856,
    "positive_months": 153,
    "total_months": 248,
    "cash_months": 4,
    "window": "research",
    "wall_time_s": 0.12
  },
  "run_id": "20260510_133108_exp_14_h12_42b3e13ab4_research",
  "git_sha": "ed52fb1deb6ade154808a7aea1fa9884423831fd"
}