{
  "n_months": 248,
  "cagr": 0.12469100601624383,
  "sharpe": 0.6537845260452863,
  "sortino": 1.11107364845243,
  "max_dd": -0.4195926640669447,
  "best_m": 0.17846397497482913,
  "worst_m": -0.25954570698333246,
  "positive_months": 146,
  "total_months": 248,
  "cash_months": 4,
  "sub_sharpes": [
    0.7642997647979137,
    1.110783140918283,
    0.43750080303833516
  ],
  "sub_sharpe_min": 0.43750080303833516,
  "wall_time_s": 0.2,
  "window": "research",
  "exp_name": "qualvol0.45_qf0.30",
  "K": 3,
  "hold": 6,
  "vol_target": null
}