{
  "n_months": 248,
  "cagr": 0.16198399894041837,
  "sharpe": 1.074111338298853,
  "sortino": 2.0548139152285696,
  "max_dd": -0.23734649656783385,
  "best_m": 0.15564291293163485,
  "worst_m": -0.12052162578310027,
  "positive_months": 158,
  "total_months": 248,
  "cash_months": 4,
  "sub_sharpes": [
    1.3062082028519666,
    1.2648406808150516,
    0.9116807517222186
  ],
  "sub_sharpe_min": 0.9116807517222186,
  "wall_time_s": 0.21,
  "window": "research",
  "exp_name": "qual_voltgt0.12_K7",
  "K": 7,
  "hold": 6,
  "vol_target": 0.12
}