{
  "n_months": 248,
  "cagr": 0.15689475466686642,
  "sharpe": 0.870129243537369,
  "sortino": 1.6238124865666566,
  "max_dd": -0.2992671302601414,
  "best_m": 0.21001833059495925,
  "worst_m": -0.17431085478289718,
  "positive_months": 154,
  "total_months": 248,
  "cash_months": 4,
  "sub_sharpes": [
    0.935831065826665,
    0.9523692842107204,
    0.8989272786109432
  ],
  "sub_sharpe_min": 0.8989272786109432,
  "wall_time_s": 0.18,
  "window": "research",
  "exp_name": "qual_voltgt0.12_K3",
  "K": 3,
  "hold": 6,
  "vol_target": 0.12
}