{
  "n_months": 248,
  "cagr": 0.1623349870770805,
  "sharpe": 0.7598173144238319,
  "sortino": 1.5108627692513883,
  "max_dd": -0.5174715120279184,
  "best_m": 0.48707662976530897,
  "worst_m": -0.22238652300369885,
  "positive_months": 156,
  "total_months": 248,
  "cash_months": 4,
  "sub_sharpes": [
    0.495142334870667,
    1.1369894580831195,
    0.8133795434884762
  ],
  "sub_sharpe_min": 0.495142334870667,
  "exp_name": "don_invvol_K7_vc0.75",
  "K": 7,
  "wall_time_s": 0.48
}