{
  "selected_params": {
    "wt_n1": 30,
    "wt_n2": 45,
    "wt_sig_len": 7,
    "wt_oversold": -43.26022999793808,
    "roll_window": 342,
    "q_bottom": 0.4567958830548392,
    "trend_sma": 0,
    "mkt_sma": 150,
    "dd_step": 0.052733145549866606
  },
  "sp500": {
    "optimised_full": {
      "cagr": 0.13440804581640897,
      "vol": 0.9229399034346352,
      "sharpe": 0.4766556578736015,
      "mdd": -0.6029488795744817,
      "n": 280,
      "n_events": 2921,
      "n_units": 12726,
      "entry_winrate": 0.7004450530640192
    },
    "optimised_train": {
      "cagr": 0.12497131444118281,
      "vol": 0.19919125699056714,
      "sharpe": 0.6902753245772935,
      "mdd": -0.5648997027541826,
      "n": 131,
      "n_events": 2921,
      "n_units": 12726,
      "entry_winrate": 0.7004450530640192
    },
    "optimised_holdout": {
      "cagr": 0.14277013992622045,
      "vol": 1.2483039794153852,
      "sharpe": 0.5654210542829651,
      "mdd": -0.6029488795744817,
      "n": 149,
      "n_events": 2921,
      "n_units": 12726,
      "entry_winrate": 0.7004450530640192
    },
    "default_full": {
      "cagr": 0.13486476790950697,
      "vol": 0.18632748635276983,
      "sharpe": 0.7738266756881741,
      "mdd": -0.5912511831687297,
      "n": 280,
      "n_events": 3451,
      "n_units": 8743,
      "entry_winrate": 0.7018255578093306
    },
    "part3_plain_full": {
      "cagr": 0.13267356307396394,
      "vol": 0.14561582246187593,
      "sharpe": 0.9331732635936674,
      "mdd": -0.4668670508605701,
      "n": 280,
      "entry_winrate": 0.7990196078431373
    },
    "part3_plain_holdout": {
      "cagr": 0.14616609087531973,
      "vol": 0.14826860588981583,
      "sharpe": 0.9991887179664727,
      "mdd": -0.2308156313517027,
      "n": 149
    },
    "spy_full": {
      "cagr": 0.11662283631029036,
      "vol": 0.14499936830085536,
      "sharpe": 0.8371335644652175,
      "mdd": -0.5078481150855937,
      "n": 280
    },
    "wf_vs_spy": [
      {
        "split": "A1",
        "n": 96,
        "cagr": 0.16502375551756687,
        "sharpe": 0.6696628460753544,
        "bench_cagr": 0.11298712609873585,
        "edge_pp": 5.203662941883103
      },
      {
        "split": "A2",
        "n": 84,
        "cagr": 0.07069842791531444,
        "sharpe": 0.6408925938397826,
        "bench_cagr": 0.1482767891952268,
        "edge_pp": -7.757836127991236
      },
      {
        "split": "A3",
        "n": 84,
        "cagr": 0.002562302203826583,
        "sharpe": 0.1997705296789607,
        "bench_cagr": 0.13719857315363915,
        "edge_pp": -13.463627094981256
      },
      {
        "split": "R1_GFC",
        "n": 36,
        "cagr": -0.001532180628928237,
        "sharpe": 0.11925073560714622,
        "bench_cagr": -0.0278180889308145,
        "edge_pp": 2.6285908301886263
      },
      {
        "split": "R2",
        "n": 36,
        "cagr": 0.16650256185096346,
        "sharpe": 1.1945600143753041,
        "bench_cagr": 0.16070003083277173,
        "edge_pp": 0.5802531018191726
      },
      {
        "split": "R3",
        "n": 36,
        "cagr": 0.14506888184428623,
        "sharpe": 0.7534991069940693,
        "bench_cagr": 0.09040352032995713,
        "edge_pp": 5.46653615143291
      },
      {
        "split": "R4",
        "n": 36,
        "cagr": 0.19492538448651953,
        "sharpe": 0.7328782547163638,
        "bench_cagr": 0.15081113383528977,
        "edge_pp": 4.411425065122976
      },
      {
        "split": "R5_COVID",
        "n": 36,
        "cagr": 0.0705632960753666,
        "sharpe": 0.4845486961929947,
        "bench_cagr": 0.07618476354813275,
        "edge_pp": -0.5621467472766151
      },
      {
        "split": "R6_AI",
        "n": 24,
        "cagr": 0.19090906249546213,
        "sharpe": 1.491068384332243,
        "bench_cagr": 0.25529470848293223,
        "edge_pp": -6.43856459874701
      },
      {
        "split": "STRICT",
        "n": 48,
        "cagr": 0.1178876332308878,
        "sharpe": 0.8804259298910384,
        "bench_cagr": 0.13504417076790376,
        "edge_pp": -1.715653753701596
      }
    ],
    "wf_n_beats_spy": 5
  },
  "G3_cross_universe_ndx": {
    "ndx_book": {
      "cagr": 0.19103590745433752,
      "vol": 0.19966219317452655,
      "sharpe": 0.9801903319343562,
      "mdd": -0.31575151428582743,
      "n": 136,
      "n_events": 326,
      "n_units": 1461,
      "entry_winrate": 0.5705521472392638
    },
    "qqq": {
      "cagr": 0.19428357398082308,
      "vol": 0.18574401980597538,
      "sharpe": 1.0545129556158783,
      "mdd": -0.32577019250594247,
      "n": 136
    },
    "wf_vs_qqq": [
      {
        "split": "A1",
        "n": 47,
        "cagr": 0.12687974281613235,
        "sharpe": 0.8331267501138975,
        "bench_cagr": 0.12551383425905338,
        "edge_pp": 0.13659085570789653
      },
      {
        "split": "A2",
        "n": 83,
        "cagr": 0.23516123011557943,
        "sharpe": 1.227885153989413,
        "bench_cagr": 0.229534765249239,
        "edge_pp": 0.5626464866340442
      },
      {
        "split": "A3",
        "n": 84,
        "cagr": 0.17201327192717475,
        "sharpe": 0.8198240269872346,
        "bench_cagr": 0.19307880510288356,
        "edge_pp": -2.1065533175708806
      },
      {
        "split": "R3",
        "n": 23,
        "cagr": 0.1698546047431213,
        "sharpe": 1.0037114126387887,
        "bench_cagr": 0.0994515641624032,
        "edge_pp": 7.040304058071811
      },
      {
        "split": "R4",
        "n": 36,
        "cagr": 0.1678462478206839,
        "sharpe": 1.0301201980794177,
        "bench_cagr": 0.22564859799129233,
        "edge_pp": -5.780235017060842
      },
      {
        "split": "R5_COVID",
        "n": 36,
        "cagr": 0.11078723200024854,
        "sharpe": 0.5297261621171799,
        "bench_cagr": 0.08434001908597843,
        "edge_pp": 2.64472129142701
      },
      {
        "split": "R6_AI",
        "n": 24,
        "cagr": 0.3836943087604787,
        "sharpe": 1.7829369768778556,
        "bench_cagr": 0.3945068711821518,
        "edge_pp": -1.0812562421673055
      },
      {
        "split": "STRICT",
        "n": 48,
        "cagr": 0.1401424264755602,
        "sharpe": 0.7126239303267056,
        "bench_cagr": 0.13689805613979078,
        "edge_pp": 0.32443703357694087
      }
    ],
    "wf_n_beats_qqq": 5
  },
  "G4_plateau": {
    "wt_n1": [
      [
        -20,
        0.123,
        0.72
      ],
      [
        -10,
        0.136,
        0.78
      ],
      [
        10,
        0.136,
        0.47
      ],
      [
        20,
        0.141,
        0.48
      ]
    ],
    "wt_n2": [
      [
        -30,
        0.132,
        0.46
      ],
      [
        -15,
        0.134,
        0.47
      ],
      [
        15,
        0.137,
        0.73
      ],
      [
        30,
        0.111,
        0.7
      ]
    ],
    "wt_oversold": [
      [
        -15,
        0.136,
        0.68
      ],
      [
        -7,
        0.137,
        0.49
      ],
      [
        7,
        0.138,
        0.47
      ],
      [
        15,
        0.133,
        0.47
      ]
    ],
    "roll_window": [
      [
        -60,
        0.136,
        0.47
      ],
      [
        -30,
        0.138,
        0.48
      ],
      [
        30,
        0.125,
        0.47
      ],
      [
        60,
        0.126,
        0.47
      ]
    ],
    "q_bottom": [
      [
        -0.1,
        0.143,
        0.5
      ],
      [
        -0.05,
        0.138,
        0.49
      ],
      [
        0.05,
        0.132,
        0.47
      ],
      [
        0.1,
        0.128,
        0.46
      ]
    ],
    "mkt_sma": [
      [
        -40,
        0.138,
        0.49
      ],
      [
        -20,
        0.135,
        0.48
      ],
      [
        20,
        0.133,
        0.47
      ],
      [
        40,
        0.124,
        0.46
      ]
    ],