{
  "selected_params": {
    "wt_n1": 99,
    "wt_n2": 40,
    "wt_sig_len": 8,
    "wt_oversold": -29.896670733063814,
    "trend_sma": 210
  },
  "default_params": {
    "wt_n1": 60,
    "wt_n2": 140,
    "wt_sig_len": 4,
    "wt_oversold": -60.0,
    "trend_sma": 0
  },
  "sp500": {
    "optimised_full": {
      "cagr": 0.13267356307396394,
      "vol": 0.14561582246187593,
      "sharpe": 0.9331732635936674,
      "mdd": -0.4668670508605701,
      "n": 280,
      "n_entries": 1428,
      "entry_winrate": 0.7990196078431373
    },
    "optimised_train": {
      "cagr": 0.11752006401622084,
      "vol": 0.14299935081372384,
      "sharpe": 0.852704582170992,
      "mdd": -0.4668670508605701,
      "n": 131,
      "n_entries": 1428,
      "entry_winrate": 0.7990196078431373
    },
    "optimised_holdout": {
      "cagr": 0.14616609087531973,
      "vol": 0.14826860588981583,
      "sharpe": 0.9991887179664727,
      "mdd": -0.2308156313517027,
      "n": 149,
      "n_entries": 1428,
      "entry_winrate": 0.7990196078431373
    },
    "default_full": {
      "cagr": 0.13157453123392715,
      "vol": 4.630907855071213,
      "sharpe": 0.513229631125444,
      "mdd": -0.9302436227908695,
      "n": 280,
      "n_entries": 1990,
      "entry_winrate": 0.7321608040201005
    },
    "default_holdout": {
      "cagr": 0.021912160105880263,
      "vol": 2.339254845045443,
      "sharpe": 0.5410295406754312,
      "mdd": -0.8480445228589119,
      "n": 149,
      "n_entries": 1990,
      "entry_winrate": 0.7321608040201005
    },
    "spy_full": {
      "cagr": 0.11662283631029036,
      "vol": 0.14499936830085536,
      "sharpe": 0.8371335644652175,
      "mdd": -0.5078481150855937,
      "n": 280
    },
    "wf_vs_spy": [
      {
        "split": "A1",
        "n": 96,
        "cagr": 0.12851861631963524,
        "sharpe": 1.1456376033266011,
        "bench_cagr": 0.11298712609873585,
        "edge_pp": 1.553149022089939
      },
      {
        "split": "A2",
        "n": 84,
        "cagr": 0.15426610205175462,
        "sharpe": 1.0731194155919273,
        "bench_cagr": 0.1482767891952268,
        "edge_pp": 0.5989312856527818
      },
      {
        "split": "A3",
        "n": 84,
        "cagr": 0.15648776719626567,
        "sharpe": 0.9139948989952774,
        "bench_cagr": 0.13719857315363915,
        "edge_pp": 1.9289194042626523
      },
      {
        "split": "R1_GFC",
        "n": 36,
        "cagr": -0.0043403105014599985,
        "sharpe": 0.08682434359446844,
        "bench_cagr": -0.0278180889308145,
        "edge_pp": 2.34777784293545
      },
      {
        "split": "R2",
        "n": 36,
        "cagr": 0.18069651594398994,
        "sharpe": 1.4934857545724993,
        "bench_cagr": 0.16070003083277173,
        "edge_pp": 1.999648511121821
      },
      {
        "split": "R3",
        "n": 36,
        "cagr": 0.111255795055071,
        "sharpe": 1.0662646825820616,
        "bench_cagr": 0.09040352032995713,
        "edge_pp": 2.085227472511386
      },
      {
        "split": "R4",
        "n": 36,
        "cagr": 0.15055374201215654,
        "sharpe": 1.230017998198847,
        "bench_cagr": 0.15081113383528977,
        "edge_pp": -0.025739182313322395
      },
      {
        "split": "R5_COVID",
        "n": 36,
        "cagr": 0.09699425497086134,
        "sharpe": 0.5395473737156086,
        "bench_cagr": 0.07618476354813275,
        "edge_pp": 2.0809491422728588
      },
      {
        "split": "R6_AI",
        "n": 24,
        "cagr": 0.29774774924255243,
        "sharpe": 1.8807477072348617,
        "bench_cagr": 0.25529470848293223,
        "edge_pp": 4.24530407596202
      },
      {
        "split": "STRICT",
        "n": 48,
        "cagr": 0.18045820197783335,
        "sharpe": 1.0619145658500448,
        "bench_cagr": 0.13504417076790376,
        "edge_pp": 4.5414031209929595
      }
    ],
    "wf_n_beats_spy": 9
  },
  "G3_cross_universe_ndx": {
    "ndx_book": {
      "cagr": 0.14452513984842819,
      "vol": 0.19524531063010916,
      "sharpe": 0.7905592423599039,
      "mdd": -0.3291470947275976,
      "n": 136,
      "n_entries": 160,
      "entry_winrate": 0.6625
    },
    "qqq": {
      "cagr": 0.19428357398082308,
      "vol": 0.18574401980597538,
      "sharpe": 1.0545129556158783,
      "mdd": -0.32577019250594247,
      "n": 136
    },
    "wf_vs_qqq": [
      {
        "split": "A1",
        "n": 47,
        "cagr": 0.07329982952814795,
        "sharpe": 0.5892309527599576,
        "bench_cagr": 0.12551383425905338,
        "edge_pp": -5.221400473090543
      },
      {
        "split": "A2",
        "n": 83,
        "cagr": 0.2054776784454473,
        "sharpe": 1.106434161735749,
        "bench_cagr": 0.229534765249239,
        "edge_pp": -2.4057086803791705
      },
      {
        "split": "A3",
        "n": 84,
        "cagr": 0.15941317443681124,
        "sharpe": 0.7634968821397974,
        "bench_cagr": 0.19307880510288356,
        "edge_pp": -3.366563066607231
      },
      {
        "split": "R3",
        "n": 23,
        "cagr": 0.04662431576167969,
        "sharpe": 0.42078707582370134,
        "bench_cagr": 0.0994515641624032,
        "edge_pp": -5.28272484007235
      },
      {
        "split": "R4",
        "n": 36,
        "cagr": 0.15288202119270844,
        "sharpe": 1.0566931134170179,
        "bench_cagr": 0.22564859799129233,
        "edge_pp": -7.276657679858389
      },
      {
        "split": "R5_COVID",
        "n": 36,
        "cagr": 0.13555096433894365,
        "sharpe": 0.583887498891478,
        "bench_cagr": 0.08434001908597843,
        "edge_pp": 5.121094525296521
      },
      {
        "split": "R6_AI",
        "n": 24,
        "cagr": 0.31001206006069615,
        "sharpe": 1.588833611012845,
        "bench_cagr": 0.3945068711821518,
        "edge_pp": -8.449481112145563
      },
      {
        "split": "STRICT",
        "n": 48,
        "cagr": 0.10034888144520027,
        "sharpe": 0.5438780314251893,
        "bench_cagr": 0.13689805613979078,
        "edge_pp": -3.6549174694590514
      }
    ],
    "wf_n_beats_qqq": 1
  },
  "G4_plateau": {
    "wt_n1": [
      [
        -15,
        0.124,
        0.88
      ],
      [
        -7,
        0.126,
        0.89
      ],
      [
        7,
        0.124,
        0.9
      ],
      [
        15,
        0.127,
        0.91
      ]
    ],
    "wt_n2": [
      [
        -40,
        0.126,
        0.86
      ],
      [
        -20,
        0.119,
        0.84
      ],
      [
        20,
        0.121,
        0.85
      ],
      [
        40,
        0.097,
        0.73
      ]
    ],
    "wt_sig_len": [
      [
        -2,
        0.128,
        0.9
      ],
      [
        -1,
        0.13,
        0.91
      ],
      [
        1,
        0.132,
        0.93
      ],
      [
        2,
        0.132,
        0.93
      ]
    ],
    "wt_oversold": [
      [
        -15,
        0.118,
        0.87
      ],
      [
        -7,
        0.126,
        0.9
      ],
      [
        7,
        0.124,
        0.88
      ],
      [
        15,
        0.116,
        0.85
      ]
    ],
    "trend_sma": [
      [
        -40,
        0.105,
        0.79
      ],
      [
        -20,
        0.127,
        0.9
      ],
      [
        20,
        0.106,
        0.78
      ],
      [
        40,
        0.11,
        0.8
      ]
    ]
  },
  "sleeve_vs_v5": {
    "overlap_months": 253,
    "overlap_start": "2003-02-28",
    "overlap_end": "2026-02-28",
    "wt_full": {
      "cagr": 0.13916284654744548,
      "vol": 0.14654814083484272,
      "sharpe": 0.9675333581171723,
      "mdd": -0.4668670508605701,
      "n": 253
    },
    "v5_full": {
      "cagr": 0.3980939525892333,
      "vol": 0.4870663974078141,
      "sharpe": 0.9106515410938231,
      "mdd": -0.7705718272969202,
      "n": 253
    },
    "corr_full": 0.07080305819392715,
    "max_abs_corr_across_splits": 0.26035763449650673,
    "corr_stable": true,