{
  "n_months": 248,
  "cagr": 0.12364185807029449,
  "sharpe": 0.9535944824883757,
  "sortino": 1.7603249868449597,
  "max_dd": -0.2775787764271676,
  "best_m": 0.11006979811591147,
  "worst_m": -0.10524389540276478,
  "positive_months": 162,
  "total_months": 248,
  "cash_months": 4,
  "sub_sharpes": [
    1.0973213147005678,
    1.6338554724965488,
    0.5184380324085743
  ],
  "sub_sharpe_min": 0.5184380324085743,
  "wall_time_s": 0.31,
  "window": "research",
  "exp_name": "invqK15",
  "K": 15,
  "hold": 6,
  "vol_target": null
}