{
  "n_months": 248,
  "cagr": 0.20147503448557047,
  "sharpe": 0.888470823361275,
  "sortino": 1.602040024905735,
  "max_dd": -0.3962424247527266,
  "best_m": 0.21034608194163945,
  "worst_m": -0.2734115553050809,
  "positive_months": 154,
  "total_months": 248,
  "cash_months": 4,
  "sub_sharpes": [
    0.9165911456476501,
    1.0988812844214415,
    0.8564627924249087
  ],
  "sub_sharpe_min": 0.8564627924249087,
  "wall_time_s": 0.17,
  "window": "research",
  "exp_name": "qualH6",
  "K": 3,
  "hold": 6,
  "vol_target": null
}