{
  "n_months": 248,
  "cagr": 0.13340267780868853,
  "sharpe": 0.8084556455984601,
  "sortino": 1.5244431339909463,
  "max_dd": -0.4787280115445856,
  "best_m": 0.37318442284326403,
  "worst_m": -0.18121558373527413,
  "positive_months": 157,
  "total_months": 248,
  "cash_months": 4,
  "sub_sharpes": [
    0.5159029253406887,
    1.5917376583849379,
    0.6739634569754257
  ],
  "sub_sharpe_min": 0.5159029253406887,
  "wall_time_s": 0.21,
  "window": "research",
  "exp_name": "invvol_w0.15",
  "K": 3,
  "hold": 6,
  "vol_target": null
}