{
  "n_months": 248,
  "cagr": 0.13197647518999034,
  "sharpe": 0.9705367612527934,
  "sortino": 1.6890533761073967,
  "max_dd": -0.2682307088046605,
  "best_m": 0.1176540368799131,
  "worst_m": -0.1332767872219726,
  "positive_months": 167,
  "total_months": 248,
  "cash_months": 4,
  "sub_sharpes": [
    1.2457231214825828,
    1.7292064520720845,
    0.48028654549032357
  ],
  "sub_sharpe_min": 0.48028654549032357,
  "wall_time_s": 0.22,
  "window": "research",
  "exp_name": "invvol_w0.50",
  "K": 3,
  "hold": 6,
  "vol_target": null
}