{
  "name": "pillars_1_2_3_4",
  "cagr_full": 0.18987988762982666,
  "spy_cagr_full": 0.1194382410561079,
  "edge_full_pp": 7.044164657371876,
  "sharpe": 0.9866677326159805,
  "max_dd": -0.43100928257164967,
  "n_cash": 4,
  "wf_mean_cagr": 0.2425361526843705,
  "wf_median_cagr": 0.2556981817817423,
  "wf_min_cagr": 0.024413427419852862,
  "wf_max_cagr": 0.4334783691756441,
  "wf_mean_sharpe": 1.179146854275072,
  "wf_min_sharpe": 0.21863055024288738,
  "wf_mean_dd": -0.20930628029503245,
  "wf_min_dd": -0.31483605385892854,
  "wf_mean_edge_pp": 9.447595534493592,
  "wf_n_pos": 10,
  "wf_n_beats_spy": 7,
  "wf_n_splits": 10
}