{
  "n_months": 248,
  "cagr": 0.12629789238253264,
  "sharpe": 0.7444636950470156,
  "sortino": 1.2814380241338308,
  "max_dd": -0.391427209518726,
  "best_m": 0.13790395625895843,
  "worst_m": -0.21530154747514554,
  "positive_months": 149,
  "total_months": 248,
  "cash_months": 4,
  "sub_sharpes": [
    0.6979500021435846,
    1.3829972120492637,
    0.34266190980497274
  ],
  "sub_sharpe_min": 0.34266190980497274,
  "wall_time_s": 0.18,
  "window": "research",
  "exp_name": "qualvol0.35",
  "K": 3,
  "hold": 6,
  "vol_target": null
}