{
  "n_picks": 2217,
  "n_winners": 679,
  "hit_rate_10pct": 0.3062697338746053,
  "avg_return_30d": 0.046037569945746315,
  "median_return_30d": 0.0266151194310833,
  "std_return_30d": 0.1671579900527143,
  "sharpe_annualized": 0.9540604092917395,
  "net_win_rate": 0.5696887686062246,
  "profit_factor": 2.1323612793630597,
  "max_consecutive_losses": 51,
  "return_pct_10": NaN,
  "return_pct_25": NaN,
  "return_pct_75": NaN,
  "return_pct_90": NaN
}