{
  "total_return": 15.825631685332922,
  "cagr": 0.32675901062406165,
  "sharpe": 2.8390345113729696,
  "sortino": 4.0542752905253545,
  "max_drawdown": -0.07515061454141024,
  "calmar": 4.3480550707141274,
  "n_trades": 2901,
  "win_rate": 0.5260255084453637,
  "profit_factor": 1.29764367508016,
  "avg_trade_pnl": 0.004405431149524684,
  "avg_hold_days": 9.789038262668045,
  "annual_turnover": 290.5612082670906
}