{
  "id": "exp_020",
  "timestamp": "2026-03-23T19:21:51.288118",
  "sharpe": 2.620937203419199,
  "cagr": 0.30512703088386095,
  "max_dd": -0.07934233296590965,
  "n_trades": 2841,
  "win_rate": 0.5269271383315733,
  "profit_factor": 1.2873582942760304,
  "status": "discard",
  "description": "SL=-0.13, TP=0.35, MaxHold=42",
  "cfg_mtmdi_zscore_entry": 1.5,
  "cfg_cacs_entry_threshold": 0.02,
  "cfg_mpr_threshold": 0.5,
  "cfg_mtmdi_zscore_exit": 0.5,
  "cfg_max_hold_days": "42",
  "cfg_stop_loss": -0.12916590762015137,
  "cfg_take_profit": 0.3514655658882979,
  "cfg_max_position_pct": 0.05,
  "cfg_max_total_exposure": 0.8,
  "cfg_vol_target": 0.15,
  "cfg_high_vol_reduction": 0.5,
  "cfg_low_vol_boost": 1.0,
  "cfg_transaction_cost_bps": 10,
  "config": {
    "mtmdi_zscore_entry": 1.5,
    "cacs_entry_threshold": 0.02,
    "mpr_threshold": 0.5,
    "mtmdi_zscore_exit": 0.5,
    "max_hold_days": "42",
    "stop_loss": -0.12916590762015137,
    "take_profit": 0.3514655658882979,
    "max_position_pct": 0.05,
    "max_total_exposure": 0.8,
    "vol_target": 0.15,
    "high_vol_reduction": 0.5,
    "low_vol_boost": 1.0,
    "transaction_cost_bps": 10
  },
  "metrics": {
    "total_return": 13.27881238283544,
    "cagr": 0.30512703088386095,
    "sharpe": 2.620937203419199,
    "sortino": 3.6711857122907117,
    "max_drawdown": -0.07934233296590965,
    "calmar": 3.845702785358761,
    "n_trades": 2841,
    "win_rate": 0.5269271383315733,
    "profit_factor": 1.2873582942760304,
    "avg_trade_pnl": 0.0042284918590227115,
    "avg_hold_days": 10.049630411826822,
    "annual_turnover": 284.5516693163752
  }
}