{
  "id": "exp_018",
  "timestamp": "2026-03-23T19:18:53.129839",
  "sharpe": 2.896511864710596,
  "cagr": 0.3305671928619367,
  "max_dd": -0.07274353140201448,
  "n_trades": 2843,
  "win_rate": 0.5205768554344002,
  "profit_factor": 1.2865370945026384,
  "status": "discard",
  "description": "Cascade threshold=0.027",
  "cfg_mtmdi_zscore_entry": 1.5,
  "cfg_cacs_entry_threshold": 0.02680655807586758,
  "cfg_mpr_threshold": 0.5,
  "cfg_mtmdi_zscore_exit": 0.5,
  "cfg_max_hold_days": 63,
  "cfg_stop_loss": -0.08,
  "cfg_take_profit": 0.2,
  "cfg_max_position_pct": 0.05,
  "cfg_max_total_exposure": 0.8,
  "cfg_vol_target": 0.15,
  "cfg_high_vol_reduction": 0.5,
  "cfg_low_vol_boost": 1.0,
  "cfg_transaction_cost_bps": 10,
  "config": {
    "mtmdi_zscore_entry": 1.5,
    "cacs_entry_threshold": 0.02680655807586758,
    "mpr_threshold": 0.5,
    "mtmdi_zscore_exit": 0.5,
    "max_hold_days": 63,
    "stop_loss": -0.08,
    "take_profit": 0.2,
    "max_position_pct": 0.05,
    "max_total_exposure": 0.8,
    "vol_target": 0.15,
    "high_vol_reduction": 0.5,
    "low_vol_boost": 1.0,
    "transaction_cost_bps": 10
  },
  "metrics": {
    "total_return": 16.314074117742177,
    "cagr": 0.3305671928619367,
    "sharpe": 2.896511864710596,
    "sortino": 4.136475975028878,
    "max_drawdown": -0.07274353140201448,
    "calmar": 4.54428299658796,
    "n_trades": 2843,
    "win_rate": 0.5205768554344002,
    "profit_factor": 1.2865370945026384,
    "avg_trade_pnl": 0.004292926786819852,
    "avg_hold_days": 9.819205065072106,
    "annual_turnover": 284.75198728139907
  }
}