{
  "id": "exp_014",
  "timestamp": "2026-03-23T19:13:12.363509",
  "sharpe": 2.7758109225661154,
  "cagr": 0.17425855961482828,
  "max_dd": -0.032868386512839784,
  "n_trades": 2031,
  "win_rate": 0.49433776464795665,
  "profit_factor": 1.2090320062071254,
  "status": "discard",
  "description": "Conservative combined",
  "cfg_mtmdi_zscore_entry": 1.7900702767489645,
  "cfg_cacs_entry_threshold": 0.036564679641909514,
  "cfg_mpr_threshold": 0.9143018952236233,
  "cfg_mtmdi_zscore_exit": 0.5,
  "cfg_max_hold_days": 63,
  "cfg_stop_loss": -0.04124373697651489,
  "cfg_take_profit": 0.2,
  "cfg_max_position_pct": 0.03,
  "cfg_max_total_exposure": 0.6,
  "cfg_vol_target": 0.15,
  "cfg_high_vol_reduction": 0.5,
  "cfg_low_vol_boost": 1.0,
  "cfg_transaction_cost_bps": 10,
  "config": {
    "mtmdi_zscore_entry": 1.7900702767489645,
    "cacs_entry_threshold": 0.036564679641909514,
    "mpr_threshold": 0.9143018952236233,
    "mtmdi_zscore_exit": 0.5,
    "max_hold_days": 63,
    "stop_loss": -0.04124373697651489,
    "take_profit": 0.2,
    "max_position_pct": 0.03,
    "max_total_exposure": 0.6,
    "vol_target": 0.15,
    "high_vol_reduction": 0.5,
    "low_vol_boost": 1.0,
    "transaction_cost_bps": 10
  },
  "metrics": {
    "total_return": 3.9719870083068045,
    "cagr": 0.17425855961482828,
    "sharpe": 2.7758109225661154,
    "sortino": 3.9659647264922966,
    "max_drawdown": -0.032868386512839784,
    "calmar": 5.3017071448504325,
    "n_trades": 2031,
    "win_rate": 0.49433776464795665,
    "profit_factor": 1.2090320062071254,
    "avg_trade_pnl": 0.0035432942972538784,
    "avg_hold_days": 9.430329886755294,
    "annual_turnover": 203.422893481717
  }
}