{
  "id": "exp_004",
  "timestamp": "2026-03-23T18:59:57.561122",
  "sharpe": 2.6236064027224346,
  "cagr": 0.30571871132318407,
  "max_dd": -0.07934233296591023,
  "n_trades": 2833,
  "win_rate": 0.5262972114366397,
  "profit_factor": 1.2944842034155366,
  "status": "discard",
  "description": "SL=-0.13, TP=0.24, MaxHold=126",
  "cfg_mtmdi_zscore_entry": 1.5,
  "cfg_cacs_entry_threshold": 0.02,
  "cfg_mpr_threshold": 0.5,
  "cfg_mtmdi_zscore_exit": 0.5,
  "cfg_max_hold_days": "126",
  "cfg_stop_loss": -0.12964356622759338,
  "cfg_take_profit": 0.24240470337746636,
  "cfg_max_position_pct": 0.05,
  "cfg_max_total_exposure": 0.8,
  "cfg_vol_target": 0.15,
  "cfg_high_vol_reduction": 0.5,
  "cfg_low_vol_boost": 1.0,
  "cfg_transaction_cost_bps": 10,
  "config": {
    "mtmdi_zscore_entry": 1.5,
    "cacs_entry_threshold": 0.02,
    "mpr_threshold": 0.5,
    "mtmdi_zscore_exit": 0.5,
    "max_hold_days": "126",
    "stop_loss": -0.12964356622759338,
    "take_profit": 0.24240470337746636,
    "max_position_pct": 0.05,
    "max_total_exposure": 0.8,
    "vol_target": 0.15,
    "high_vol_reduction": 0.5,
    "low_vol_boost": 1.0,
    "transaction_cost_bps": 10
  },
  "metrics": {
    "total_return": 13.343574525551293,
    "cagr": 0.30571871132318407,
    "sharpe": 2.6236064027224346,
    "sortino": 3.6688682834088917,
    "max_drawdown": -0.07934233296591023,
    "calmar": 3.853160096194013,
    "n_trades": 2833,
    "win_rate": 0.5262972114366397,
    "profit_factor": 1.2944842034155366,
    "avg_trade_pnl": 0.004339707567983418,
    "avg_hold_days": 10.115072361454288,
    "annual_turnover": 283.7503974562798
  }
}