{
  "id": "exp_007",
  "timestamp": "2026-03-23T19:03:55.017868",
  "sharpe": 2.790998115022098,
  "cagr": 0.4490261497757426,
  "max_dd": -0.1107966189027434,
  "n_trades": 3055,
  "win_rate": 0.5207855973813421,
  "profit_factor": 1.2795711263993483,
  "status": "discard",
  "description": "Aggressive combined",
  "cfg_mtmdi_zscore_entry": 1.1848930901589267,
  "cfg_cacs_entry_threshold": 0.01593235242868978,
  "cfg_mpr_threshold": -0.04712323784418859,
  "cfg_mtmdi_zscore_exit": 0.5,
  "cfg_max_hold_days": 63,
  "cfg_stop_loss": -0.08907823674569007,
  "cfg_take_profit": 0.21350200426793095,
  "cfg_max_position_pct": 0.08,
  "cfg_max_total_exposure": 0.9,
  "cfg_vol_target": 0.15,
  "cfg_high_vol_reduction": 0.5,
  "cfg_low_vol_boost": 1.0,
  "cfg_transaction_cost_bps": 10,
  "config": {
    "mtmdi_zscore_entry": 1.1848930901589267,
    "cacs_entry_threshold": 0.01593235242868978,
    "mpr_threshold": -0.04712323784418859,
    "mtmdi_zscore_exit": 0.5,
    "max_hold_days": 63,
    "stop_loss": -0.08907823674569007,
    "take_profit": 0.21350200426793095,
    "max_position_pct": 0.08,
    "max_total_exposure": 0.9,
    "vol_target": 0.15,
    "high_vol_reduction": 0.5,
    "low_vol_boost": 1.0,
    "transaction_cost_bps": 10
  },
  "metrics": {
    "total_return": 39.57004269106171,
    "cagr": 0.4490261497757426,
    "sharpe": 2.790998115022098,
    "sortino": 3.959070378706645,
    "max_drawdown": -0.1107966189027434,
    "calmar": 4.052706248824209,
    "n_trades": 3055,
    "win_rate": 0.5207855973813421,
    "profit_factor": 1.2795711263993483,
    "avg_trade_pnl": 0.003960928918320214,
    "avg_hold_days": 9.408183306055646,
    "annual_turnover": 305.9856915739269
  }
}