{
  "id": "exp_016",
  "timestamp": "2026-03-23T19:15:57.525141",
  "sharpe": 0.7789430010049226,
  "cagr": 0.05072374920776901,
  "max_dd": -0.05026898104749336,
  "n_trades": 661,
  "win_rate": 0.49319213313161875,
  "profit_factor": 1.040327310644612,
  "status": "discard",
  "description": "Wide exploration",
  "cfg_mtmdi_zscore_entry": 2.9622826329343868,
  "cfg_cacs_entry_threshold": 0.02294299685504465,
  "cfg_mpr_threshold": -0.4256156714221846,
  "cfg_mtmdi_zscore_exit": 0.48475282691245614,
  "cfg_max_hold_days": "10",
  "cfg_stop_loss": -0.16736438819739924,
  "cfg_take_profit": 0.3386331381372729,
  "cfg_max_position_pct": 0.028550550179118804,
  "cfg_max_total_exposure": 0.8,
  "cfg_vol_target": 0.17685916909183874,
  "cfg_high_vol_reduction": 0.5,
  "cfg_low_vol_boost": 1.0,
  "cfg_transaction_cost_bps": 10,
  "config": {
    "mtmdi_zscore_entry": 2.9622826329343868,
    "cacs_entry_threshold": 0.02294299685504465,
    "mpr_threshold": -0.4256156714221846,
    "mtmdi_zscore_exit": 0.48475282691245614,
    "max_hold_days": "10",
    "stop_loss": -0.16736438819739924,
    "take_profit": 0.3386331381372729,
    "max_position_pct": 0.028550550179118804,
    "max_total_exposure": 0.8,
    "vol_target": 0.17685916909183874,
    "high_vol_reduction": 0.5,
    "low_vol_boost": 1.0,
    "transaction_cost_bps": 10
  },
  "metrics": {
    "total_return": 0.6388695944494442,
    "cagr": 0.05072374920776901,
    "sharpe": 0.7789430010049226,
    "sortino": 1.16980129080948,
    "max_drawdown": -0.05026898104749336,
    "calmar": 1.0090466954133404,
    "n_trades": 661,
    "win_rate": 0.49319213313161875,
    "profit_factor": 1.040327310644612,
    "avg_trade_pnl": 0.0007826274717592687,
    "avg_hold_days": 8.414523449319214,
    "annual_turnover": 66.20508744038156
  }
}