{
  "id": "exp_012",
  "timestamp": "2026-03-23T19:10:32.532922",
  "sharpe": 3.0723283173654887,
  "cagr": 0.3485466849305814,
  "max_dd": -0.07416689464740416,
  "n_trades": 3093,
  "win_rate": 0.5260265114775299,
  "profit_factor": 1.2835223109010894,
  "status": "keep",
  "description": "SL=-0.07, TP=0.39, MaxHold=21",
  "cfg_mtmdi_zscore_entry": 1.5,
  "cfg_cacs_entry_threshold": 0.02,
  "cfg_mpr_threshold": 0.5,
  "cfg_mtmdi_zscore_exit": 0.5,
  "cfg_max_hold_days": "21",
  "cfg_stop_loss": -0.06644242110596207,
  "cfg_take_profit": 0.3870680292707883,
  "cfg_max_position_pct": 0.05,
  "cfg_max_total_exposure": 0.8,
  "cfg_vol_target": 0.15,
  "cfg_high_vol_reduction": 0.5,
  "cfg_low_vol_boost": 1.0,
  "cfg_transaction_cost_bps": 10,
  "config": {
    "mtmdi_zscore_entry": 1.5,
    "cacs_entry_threshold": 0.02,
    "mpr_threshold": 0.5,
    "mtmdi_zscore_exit": 0.5,
    "max_hold_days": "21",
    "stop_loss": -0.06644242110596207,
    "take_profit": 0.3870680292707883,
    "max_position_pct": 0.05,
    "max_total_exposure": 0.8,
    "vol_target": 0.15,
    "high_vol_reduction": 0.5,
    "low_vol_boost": 1.0,
    "transaction_cost_bps": 10
  },
  "metrics": {
    "total_return": 18.79695941417615,
    "cagr": 0.3485466849305814,
    "sharpe": 3.0723283173654887,
    "sortino": 4.459775904777832,
    "max_drawdown": -0.07416689464740416,
    "calmar": 4.6994914184772405,
    "n_trades": 3093,
    "win_rate": 0.5260265114775299,
    "profit_factor": 1.2835223109010894,
    "avg_trade_pnl": 0.004115243064802907,
    "avg_hold_days": 8.908826382153249,
    "annual_turnover": 309.79173290937996
  }
}