{
  "id": "exp_009",
  "timestamp": "2026-03-23T19:06:31.194281",
  "sharpe": 2.3443929116452398,
  "cagr": 0.21165720119821652,
  "max_dd": -0.05780678673452507,
  "n_trades": 1515,
  "win_rate": 0.499009900990099,
  "profit_factor": 1.2440582416564112,
  "status": "discard",
  "description": "MTMDI entry=2.02, exit=0.44",
  "cfg_mtmdi_zscore_entry": 2.01984036216453,
  "cfg_cacs_entry_threshold": 0.02,
  "cfg_mpr_threshold": 0.5,
  "cfg_mtmdi_zscore_exit": 0.4368189713089925,
  "cfg_max_hold_days": 63,
  "cfg_stop_loss": -0.08,
  "cfg_take_profit": 0.2,
  "cfg_max_position_pct": 0.05,
  "cfg_max_total_exposure": 0.8,
  "cfg_vol_target": 0.15,
  "cfg_high_vol_reduction": 0.5,
  "cfg_low_vol_boost": 1.0,
  "cfg_transaction_cost_bps": 10,
  "config": {
    "mtmdi_zscore_entry": 2.01984036216453,
    "cacs_entry_threshold": 0.02,
    "mpr_threshold": 0.5,
    "mtmdi_zscore_exit": 0.4368189713089925,
    "max_hold_days": 63,
    "stop_loss": -0.08,
    "take_profit": 0.2,
    "max_position_pct": 0.05,
    "max_total_exposure": 0.8,
    "vol_target": 0.15,
    "high_vol_reduction": 0.5,
    "low_vol_boost": 1.0,
    "transaction_cost_bps": 10
  },
  "metrics": {
    "total_return": 5.799456339079004,
    "cagr": 0.21165720119821652,
    "sharpe": 2.3443929116452398,
    "sortino": 3.260008435909718,
    "max_drawdown": -0.05780678673452507,
    "calmar": 3.6614593744890573,
    "n_trades": 1515,
    "win_rate": 0.499009900990099,
    "profit_factor": 1.2440582416564112,
    "avg_trade_pnl": 0.004330336390334221,
    "avg_hold_days": 11.67062706270627,
    "annual_turnover": 151.74085850556438
  }
}