{
  "id": "exp_003",
  "timestamp": "2026-03-23T18:58:38.271718",
  "sharpe": 2.7767411348857496,
  "cagr": 0.3314460165647033,
  "max_dd": -0.07862636883704058,
  "n_trades": 3170,
  "win_rate": 0.5264984227129338,
  "profit_factor": 1.282820951236943,
  "status": "discard",
  "description": "MPR threshold=-0.38",
  "cfg_mtmdi_zscore_entry": 1.5,
  "cfg_cacs_entry_threshold": 0.02,
  "cfg_mpr_threshold": -0.37867884022979315,
  "cfg_mtmdi_zscore_exit": 0.5,
  "cfg_max_hold_days": 63,
  "cfg_stop_loss": -0.08,
  "cfg_take_profit": 0.2,
  "cfg_max_position_pct": 0.05,
  "cfg_max_total_exposure": 0.8,
  "cfg_vol_target": 0.15,
  "cfg_high_vol_reduction": 0.5,
  "cfg_low_vol_boost": 1.0,
  "cfg_transaction_cost_bps": 10,
  "config": {
    "mtmdi_zscore_entry": 1.5,
    "cacs_entry_threshold": 0.02,
    "mpr_threshold": -0.37867884022979315,
    "mtmdi_zscore_exit": 0.5,
    "max_hold_days": 63,
    "stop_loss": -0.08,
    "take_profit": 0.2,
    "max_position_pct": 0.05,
    "max_total_exposure": 0.8,
    "vol_target": 0.15,
    "high_vol_reduction": 0.5,
    "low_vol_boost": 1.0,
    "transaction_cost_bps": 10
  },
  "metrics": {
    "total_return": 16.428589335690326,
    "cagr": 0.3314460165647033,
    "sharpe": 2.7767411348857496,
    "sortino": 3.956423335427576,
    "max_drawdown": -0.07862636883704058,
    "calmar": 4.215456232649528,
    "n_trades": 3170,
    "win_rate": 0.5264984227129338,
    "profit_factor": 1.282820951236943,
    "avg_trade_pnl": 0.004153361869149469,
    "avg_hold_days": 10.070031545741324,
    "annual_turnover": 317.5039745627981
  }
}