{
  "id": "exp_024",
  "timestamp": "2026-03-23T19:27:23.081508",
  "sharpe": 1.5934319051534307,
  "cagr": 0.13350430268142155,
  "max_dd": -0.05634349418273509,
  "n_trades": 648,
  "win_rate": 0.529320987654321,
  "profit_factor": 1.1022497424625535,
  "status": "discard",
  "description": "Wide exploration",
  "cfg_mtmdi_zscore_entry": 2.7491424952559287,
  "cfg_cacs_entry_threshold": 0.01062176455117265,
  "cfg_mpr_threshold": -0.14631406962981064,
  "cfg_mtmdi_zscore_exit": 0.1300267942105591,
  "cfg_max_hold_days": "10",
  "cfg_stop_loss": -0.09281695527962505,
  "cfg_take_profit": 0.20703851439578708,
  "cfg_max_position_pct": 0.07328709507159138,
  "cfg_max_total_exposure": 0.8,
  "cfg_vol_target": 0.1770146604822086,
  "cfg_high_vol_reduction": 0.5,
  "cfg_low_vol_boost": 1.0,
  "cfg_transaction_cost_bps": 10,
  "config": {
    "mtmdi_zscore_entry": 2.7491424952559287,
    "cacs_entry_threshold": 0.01062176455117265,
    "mpr_threshold": -0.14631406962981064,
    "mtmdi_zscore_exit": 0.1300267942105591,
    "max_hold_days": "10",
    "stop_loss": -0.09281695527962505,
    "take_profit": 0.20703851439578708,
    "max_position_pct": 0.07328709507159138,
    "max_total_exposure": 0.8,
    "vol_target": 0.1770146604822086,
    "high_vol_reduction": 0.5,
    "low_vol_boost": 1.0,
    "transaction_cost_bps": 10
  },
  "metrics": {
    "total_return": 2.4943618092294844,
    "cagr": 0.13350430268142155,
    "sharpe": 1.5934319051534307,
    "sortino": 2.4422839802960166,
    "max_drawdown": -0.05634349418273509,
    "calmar": 2.369471482340729,
    "n_trades": 648,
    "win_rate": 0.529320987654321,
    "profit_factor": 1.1022497424625535,
    "avg_trade_pnl": 0.0018767125003475314,
    "avg_hold_days": 9.20216049382716,
    "annual_turnover": 64.90302066772655
  }
}