{
  "id": "exp_022",
  "timestamp": "2026-03-23T19:24:37.787303",
  "sharpe": 1.6140851881310572,
  "cagr": 0.0866346046045996,
  "max_dd": -0.03691572702040529,
  "n_trades": 841,
  "win_rate": 0.4518430439952438,
  "profit_factor": 1.1265287101852848,
  "status": "discard",
  "description": "Conservative combined",
  "cfg_mtmdi_zscore_entry": 2.480816511330136,
  "cfg_cacs_entry_threshold": 0.03981977244598997,
  "cfg_mpr_threshold": 1.200359627366109,
  "cfg_mtmdi_zscore_exit": 0.5,
  "cfg_max_hold_days": 63,
  "cfg_stop_loss": -0.05348518717908982,
  "cfg_take_profit": 0.2,
  "cfg_max_position_pct": 0.03,
  "cfg_max_total_exposure": 0.6,
  "cfg_vol_target": 0.15,
  "cfg_high_vol_reduction": 0.5,
  "cfg_low_vol_boost": 1.0,
  "cfg_transaction_cost_bps": 10,
  "config": {
    "mtmdi_zscore_entry": 2.480816511330136,
    "cacs_entry_threshold": 0.03981977244598997,
    "mpr_threshold": 1.200359627366109,
    "mtmdi_zscore_exit": 0.5,
    "max_hold_days": 63,
    "stop_loss": -0.05348518717908982,
    "take_profit": 0.2,
    "max_position_pct": 0.03,
    "max_total_exposure": 0.6,
    "vol_target": 0.15,
    "high_vol_reduction": 0.5,
    "low_vol_boost": 1.0,
    "transaction_cost_bps": 10
  },
  "metrics": {
    "total_return": 1.2922530469974736,
    "cagr": 0.0866346046045996,
    "sharpe": 1.6140851881310572,
    "sortino": 2.4472919644243505,
    "max_drawdown": -0.03691572702040529,
    "calmar": 2.346821032583539,
    "n_trades": 841,
    "win_rate": 0.4518430439952438,
    "profit_factor": 1.1265287101852848,
    "avg_trade_pnl": 0.00257973851624246,
    "avg_hold_days": 11.019024970273485,
    "annual_turnover": 84.23370429252782
  }
}