{
  "id": "exp_011",
  "timestamp": "2026-03-23T19:09:11.416135",
  "sharpe": 2.7847017694667784,
  "cagr": 0.33224385836622283,
  "max_dd": -0.07862636883704026,
  "n_trades": 3166,
  "win_rate": 0.525584333543904,
  "profit_factor": 1.284386016666811,
  "status": "discard",
  "description": "MPR threshold=-0.35",
  "cfg_mtmdi_zscore_entry": 1.5,
  "cfg_cacs_entry_threshold": 0.02,
  "cfg_mpr_threshold": -0.34809160782008775,
  "cfg_mtmdi_zscore_exit": 0.5,
  "cfg_max_hold_days": 63,
  "cfg_stop_loss": -0.08,
  "cfg_take_profit": 0.2,
  "cfg_max_position_pct": 0.05,
  "cfg_max_total_exposure": 0.8,
  "cfg_vol_target": 0.15,
  "cfg_high_vol_reduction": 0.5,
  "cfg_low_vol_boost": 1.0,
  "cfg_transaction_cost_bps": 10,
  "config": {
    "mtmdi_zscore_entry": 1.5,
    "cacs_entry_threshold": 0.02,
    "mpr_threshold": -0.34809160782008775,
    "mtmdi_zscore_exit": 0.5,
    "max_hold_days": 63,
    "stop_loss": -0.08,
    "take_profit": 0.2,
    "max_position_pct": 0.05,
    "max_total_exposure": 0.8,
    "vol_target": 0.15,
    "high_vol_reduction": 0.5,
    "low_vol_boost": 1.0,
    "transaction_cost_bps": 10
  },
  "metrics": {
    "total_return": 16.53314194394537,
    "cagr": 0.33224385836622283,
    "sharpe": 2.7847017694667784,
    "sortino": 3.9687738032420077,
    "max_drawdown": -0.07862636883704026,
    "calmar": 4.2256034874868265,
    "n_trades": 3166,
    "win_rate": 0.525584333543904,
    "profit_factor": 1.284386016666811,
    "avg_trade_pnl": 0.004168807473881274,
    "avg_hold_days": 10.076121288692356,
    "annual_turnover": 317.1033386327504
  }
}