{
  "id": "exp_002",
  "timestamp": "2026-03-23T18:57:19.526849",
  "sharpe": 2.7781759389370455,
  "cagr": 0.32119137145049326,
  "max_dd": -0.07895864101857313,
  "n_trades": 2939,
  "win_rate": 0.5301122830894862,
  "profit_factor": 1.300022127252763,
  "status": "keep",
  "description": "Cascade threshold=0.015",
  "cfg_mtmdi_zscore_entry": 1.5,
  "cfg_cacs_entry_threshold": 0.015379537135464923,
  "cfg_mpr_threshold": 0.5,
  "cfg_mtmdi_zscore_exit": 0.5,
  "cfg_max_hold_days": 63,
  "cfg_stop_loss": -0.08,
  "cfg_take_profit": 0.2,
  "cfg_max_position_pct": 0.05,
  "cfg_max_total_exposure": 0.8,
  "cfg_vol_target": 0.15,
  "cfg_high_vol_reduction": 0.5,
  "cfg_low_vol_boost": 1.0,
  "cfg_transaction_cost_bps": 10,
  "config": {
    "mtmdi_zscore_entry": 1.5,
    "cacs_entry_threshold": 0.015379537135464923,
    "mpr_threshold": 0.5,
    "mtmdi_zscore_exit": 0.5,
    "max_hold_days": 63,
    "stop_loss": -0.08,
    "take_profit": 0.2,
    "max_position_pct": 0.05,
    "max_total_exposure": 0.8,
    "vol_target": 0.15,
    "high_vol_reduction": 0.5,
    "low_vol_boost": 1.0,
    "transaction_cost_bps": 10
  },
  "metrics": {
    "total_return": 15.13381958146092,
    "cagr": 0.32119137145049326,
    "sharpe": 2.7781759389370455,
    "sortino": 3.9425863079414083,
    "max_drawdown": -0.07895864101857313,
    "calmar": 4.067843206355853,
    "n_trades": 2939,
    "win_rate": 0.5301122830894862,
    "profit_factor": 1.300022127252763,
    "avg_trade_pnl": 0.004417802008387838,
    "avg_hold_days": 9.786321878189861,
    "annual_turnover": 294.3672496025437
  }
}