{
  "id": "exp_005",
  "timestamp": "2026-03-23T19:01:16.696485",
  "sharpe": 2.8450596948342306,
  "cagr": 0.33472164783918257,
  "max_dd": -0.07888810776780976,
  "n_trades": 2554,
  "win_rate": 0.5277995301487862,
  "profit_factor": 1.276826840220812,
  "status": "keep",
  "description": "MaxPos=0.06, MaxExp=0.76, VolTgt=0.13",
  "cfg_mtmdi_zscore_entry": 1.5,
  "cfg_cacs_entry_threshold": 0.02,
  "cfg_mpr_threshold": 0.5,
  "cfg_mtmdi_zscore_exit": 0.5,
  "cfg_max_hold_days": 63,
  "cfg_stop_loss": -0.08,
  "cfg_take_profit": 0.2,
  "cfg_max_position_pct": 0.059824141344829565,
  "cfg_max_total_exposure": 0.7574818732789914,
  "cfg_vol_target": 0.13224034610237917,
  "cfg_high_vol_reduction": 0.5,
  "cfg_low_vol_boost": 1.0,
  "cfg_transaction_cost_bps": 10,
  "config": {
    "mtmdi_zscore_entry": 1.5,
    "cacs_entry_threshold": 0.02,
    "mpr_threshold": 0.5,
    "mtmdi_zscore_exit": 0.5,
    "max_hold_days": 63,
    "stop_loss": -0.08,
    "take_profit": 0.2,
    "max_position_pct": 0.059824141344829565,
    "max_total_exposure": 0.7574818732789914,
    "vol_target": 0.13224034610237917,
    "high_vol_reduction": 0.5,
    "low_vol_boost": 1.0,
    "transaction_cost_bps": 10
  },
  "metrics": {
    "total_return": 16.861450106998433,
    "cagr": 0.33472164783918257,
    "sharpe": 2.8450596948342306,
    "sortino": 4.184675237250033,
    "max_drawdown": -0.07888810776780976,
    "calmar": 4.242992477704802,
    "n_trades": 2554,
    "win_rate": 0.5277995301487862,
    "profit_factor": 1.276826840220812,
    "avg_trade_pnl": 0.004130468695242315,
    "avg_hold_days": 9.864134690681285,
    "annual_turnover": 255.8060413354531
  }
}