{
  "id": "exp_010",
  "timestamp": "2026-03-23T19:07:50.801087",
  "sharpe": 2.8455319528755867,
  "cagr": 0.3270914824354654,
  "max_dd": -0.07515061454141019,
  "n_trades": 2885,
  "win_rate": 0.5254766031195841,
  "profit_factor": 1.294374658246454,
  "status": "keep",
  "description": "Cascade threshold=0.021",
  "cfg_mtmdi_zscore_entry": 1.5,
  "cfg_cacs_entry_threshold": 0.02146523355648352,
  "cfg_mpr_threshold": 0.5,
  "cfg_mtmdi_zscore_exit": 0.5,
  "cfg_max_hold_days": 63,
  "cfg_stop_loss": -0.08,
  "cfg_take_profit": 0.2,
  "cfg_max_position_pct": 0.05,
  "cfg_max_total_exposure": 0.8,
  "cfg_vol_target": 0.15,
  "cfg_high_vol_reduction": 0.5,
  "cfg_low_vol_boost": 1.0,
  "cfg_transaction_cost_bps": 10,
  "config": {
    "mtmdi_zscore_entry": 1.5,
    "cacs_entry_threshold": 0.02146523355648352,
    "mpr_threshold": 0.5,
    "mtmdi_zscore_exit": 0.5,
    "max_hold_days": 63,
    "stop_loss": -0.08,
    "take_profit": 0.2,
    "max_position_pct": 0.05,
    "max_total_exposure": 0.8,
    "vol_target": 0.15,
    "high_vol_reduction": 0.5,
    "low_vol_boost": 1.0,
    "transaction_cost_bps": 10
  },
  "metrics": {
    "total_return": 15.867775435438539,
    "cagr": 0.3270914824354654,
    "sharpe": 2.8455319528755867,
    "sortino": 4.062393884756356,
    "max_drawdown": -0.07515061454141019,
    "calmar": 4.352479143802988,
    "n_trades": 2885,
    "win_rate": 0.5254766031195841,
    "profit_factor": 1.294374658246454,
    "avg_trade_pnl": 0.004369285230857109,
    "avg_hold_days": 9.789254766031195,
    "annual_turnover": 288.95866454689985
  }
}