{
  "id": "exp_019",
  "timestamp": "2026-03-23T19:20:23.847809",
  "sharpe": 2.8533010505193346,
  "cagr": 0.3405074990744048,
  "max_dd": -0.0786263688370406,
  "n_trades": 3115,
  "win_rate": 0.5242375601926164,
  "profit_factor": 1.2952048778662602,
  "status": "discard",
  "description": "MPR threshold=0.09",
  "cfg_mtmdi_zscore_entry": 1.5,
  "cfg_cacs_entry_threshold": 0.02,
  "cfg_mpr_threshold": 0.08705527032569393,
  "cfg_mtmdi_zscore_exit": 0.5,
  "cfg_max_hold_days": 63,
  "cfg_stop_loss": -0.08,
  "cfg_take_profit": 0.2,
  "cfg_max_position_pct": 0.05,
  "cfg_max_total_exposure": 0.8,
  "cfg_vol_target": 0.15,
  "cfg_high_vol_reduction": 0.5,
  "cfg_low_vol_boost": 1.0,
  "cfg_transaction_cost_bps": 10,
  "config": {
    "mtmdi_zscore_entry": 1.5,
    "cacs_entry_threshold": 0.02,
    "mpr_threshold": 0.08705527032569393,
    "mtmdi_zscore_exit": 0.5,
    "max_hold_days": 63,
    "stop_loss": -0.08,
    "take_profit": 0.2,
    "max_position_pct": 0.05,
    "max_total_exposure": 0.8,
    "vol_target": 0.15,
    "high_vol_reduction": 0.5,
    "low_vol_boost": 1.0,
    "transaction_cost_bps": 10
  },
  "metrics": {
    "total_return": 17.64972068426318,
    "cagr": 0.3405074990744048,
    "sharpe": 2.8533010505193346,
    "sortino": 4.0993183914457285,
    "max_drawdown": -0.0786263688370406,
    "calmar": 4.33070360631983,
    "n_trades": 3115,
    "win_rate": 0.5242375601926164,
    "profit_factor": 1.2952048778662602,
    "avg_trade_pnl": 0.004328446987276636,
    "avg_hold_days": 10.020866773675763,
    "annual_turnover": 311.9952305246423
  }
}