{
  "id": "exp_013",
  "timestamp": "2026-03-23T19:11:54.382721",
  "sharpe": 2.741130340247498,
  "cagr": 0.22192570367504172,
  "max_dd": -0.05263596329347134,
  "n_trades": 3204,
  "win_rate": 0.519350811485643,
  "profit_factor": 1.276366327186406,
  "status": "discard",
  "description": "MaxPos=0.03, MaxExp=0.60, VolTgt=0.18",
  "cfg_mtmdi_zscore_entry": 1.5,
  "cfg_cacs_entry_threshold": 0.02,
  "cfg_mpr_threshold": 0.5,
  "cfg_mtmdi_zscore_exit": 0.5,
  "cfg_max_hold_days": 63,
  "cfg_stop_loss": -0.08,
  "cfg_take_profit": 0.2,
  "cfg_max_position_pct": 0.03244154247447051,
  "cfg_max_total_exposure": 0.5992832658878368,
  "cfg_vol_target": 0.1777068356133743,
  "cfg_high_vol_reduction": 0.5,
  "cfg_low_vol_boost": 1.0,
  "cfg_transaction_cost_bps": 10,
  "config": {
    "mtmdi_zscore_entry": 1.5,
    "cacs_entry_threshold": 0.02,
    "mpr_threshold": 0.5,
    "mtmdi_zscore_exit": 0.5,
    "max_hold_days": 63,
    "stop_loss": -0.08,
    "take_profit": 0.2,
    "max_position_pct": 0.03244154247447051,
    "max_total_exposure": 0.5992832658878368,
    "vol_target": 0.1777068356133743,
    "high_vol_reduction": 0.5,
    "low_vol_boost": 1.0,
    "transaction_cost_bps": 10
  },
  "metrics": {
    "total_return": 6.397182627247163,
    "cagr": 0.22192570367504172,
    "sharpe": 2.741130340247498,
    "sortino": 3.862928289069265,
    "max_drawdown": -0.05263596329347134,
    "calmar": 4.216237146410657,
    "n_trades": 3204,
    "win_rate": 0.519350811485643,
    "profit_factor": 1.276366327186406,
    "avg_trade_pnl": 0.004135757919468146,
    "avg_hold_days": 9.670724094881399,
    "annual_turnover": 320.9093799682035
  }
}