{
  "id": "exp_021",
  "timestamp": "2026-03-23T19:23:15.150030",
  "sharpe": 2.817602639411548,
  "cagr": 0.3829941829005572,
  "max_dd": -0.09752095212759505,
  "n_trades": 2215,
  "win_rate": 0.5291196388261851,
  "profit_factor": 1.2630005366377848,
  "status": "discard",
  "description": "MaxPos=0.08, MaxExp=0.82, VolTgt=0.12",
  "cfg_mtmdi_zscore_entry": 1.5,
  "cfg_cacs_entry_threshold": 0.02,
  "cfg_mpr_threshold": 0.5,
  "cfg_mtmdi_zscore_exit": 0.5,
  "cfg_max_hold_days": 63,
  "cfg_stop_loss": -0.08,
  "cfg_take_profit": 0.2,
  "cfg_max_position_pct": 0.08221224638543155,
  "cfg_max_total_exposure": 0.8207720851898841,
  "cfg_vol_target": 0.11562843527570169,
  "cfg_high_vol_reduction": 0.5,
  "cfg_low_vol_boost": 1.0,
  "cfg_transaction_cost_bps": 10,
  "config": {
    "mtmdi_zscore_entry": 1.5,
    "cacs_entry_threshold": 0.02,
    "mpr_threshold": 0.5,
    "mtmdi_zscore_exit": 0.5,
    "max_hold_days": 63,
    "stop_loss": -0.08,
    "take_profit": 0.2,
    "max_position_pct": 0.08221224638543155,
    "max_total_exposure": 0.8207720851898841,
    "vol_target": 0.11562843527570169,
    "high_vol_reduction": 0.5,
    "low_vol_boost": 1.0,
    "transaction_cost_bps": 10
  },
  "metrics": {
    "total_return": 24.466443043398016,
    "cagr": 0.3829941829005572,
    "sharpe": 2.817602639411548,
    "sortino": 4.10157624556553,
    "max_drawdown": -0.09752095212759505,
    "calmar": 3.927301513621944,
    "n_trades": 2215,
    "win_rate": 0.5291196388261851,
    "profit_factor": 1.2630005366377848,
    "avg_trade_pnl": 0.003973190019938482,
    "avg_hold_days": 9.927313769751693,
    "annual_turnover": 221.85214626391098
  }
}