{
  "id": "exp_023",
  "timestamp": "2026-03-23T19:26:02.840452",
  "sharpe": 2.762773703394459,
  "cagr": 0.4516894991352538,
  "max_dd": -0.1092980072730939,
  "n_trades": 3158,
  "win_rate": 0.5199493350221659,
  "profit_factor": 1.2926301766235109,
  "status": "discard",
  "description": "Aggressive combined",
  "cfg_mtmdi_zscore_entry": 1.088220459028515,
  "cfg_cacs_entry_threshold": 0.014825531464358922,
  "cfg_mpr_threshold": -0.20776792037228808,
  "cfg_mtmdi_zscore_exit": 0.5,
  "cfg_max_hold_days": 63,
  "cfg_stop_loss": -0.10079847963539056,
  "cfg_take_profit": 0.3106401138609626,
  "cfg_max_position_pct": 0.08,
  "cfg_max_total_exposure": 0.9,
  "cfg_vol_target": 0.15,
  "cfg_high_vol_reduction": 0.5,
  "cfg_low_vol_boost": 1.0,
  "cfg_transaction_cost_bps": 10,
  "config": {
    "mtmdi_zscore_entry": 1.088220459028515,
    "cacs_entry_threshold": 0.014825531464358922,
    "mpr_threshold": -0.20776792037228808,
    "mtmdi_zscore_exit": 0.5,
    "max_hold_days": 63,
    "stop_loss": -0.10079847963539056,
    "take_profit": 0.3106401138609626,
    "max_position_pct": 0.08,
    "max_total_exposure": 0.9,
    "vol_target": 0.15,
    "high_vol_reduction": 0.5,
    "low_vol_boost": 1.0,
    "transaction_cost_bps": 10
  },
  "metrics": {
    "total_return": 40.320724640798055,
    "cagr": 0.4516894991352538,
    "sharpe": 2.762773703394459,
    "sortino": 3.981849252037356,
    "max_drawdown": -0.1092980072730939,
    "calmar": 4.132641668449221,
    "n_trades": 3158,
    "win_rate": 0.5199493350221659,
    "profit_factor": 1.2926301766235109,
    "avg_trade_pnl": 0.004081959417275775,
    "avg_hold_days": 9.214059531348955,
    "annual_turnover": 316.302066772655
  }
}