{
  "id": "exp_008",
  "timestamp": "2026-03-23T19:05:12.861156",
  "sharpe": 2.2502379459181,
  "cagr": 0.22911787722390486,
  "max_dd": -0.06910073050026051,
  "n_trades": 2111,
  "win_rate": 0.4945523448602558,
  "profit_factor": 1.1727122883747199,
  "status": "discard",
  "description": "Wide exploration",
  "cfg_mtmdi_zscore_entry": 1.2964578680673686,
  "cfg_cacs_entry_threshold": 0.04301043681264027,
  "cfg_mpr_threshold": 1.507051313377814,
  "cfg_mtmdi_zscore_exit": 0.7263588276300877,
  "cfg_max_hold_days": "126",
  "cfg_stop_loss": -0.04051511294320348,
  "cfg_take_profit": 0.2113560669897705,
  "cfg_max_position_pct": 0.06656429974289098,
  "cfg_max_total_exposure": 0.8,
  "cfg_vol_target": 0.15383554761448448,
  "cfg_high_vol_reduction": 0.5,
  "cfg_low_vol_boost": 1.0,
  "cfg_transaction_cost_bps": 10,
  "config": {
    "mtmdi_zscore_entry": 1.2964578680673686,
    "cacs_entry_threshold": 0.04301043681264027,
    "mpr_threshold": 1.507051313377814,
    "mtmdi_zscore_exit": 0.7263588276300877,
    "max_hold_days": "126",
    "stop_loss": -0.04051511294320348,
    "take_profit": 0.2113560669897705,
    "max_position_pct": 0.06656429974289098,
    "max_total_exposure": 0.8,
    "vol_target": 0.15383554761448448,
    "high_vol_reduction": 0.5,
    "low_vol_boost": 1.0,
    "transaction_cost_bps": 10
  },
  "metrics": {
    "total_return": 6.843560209385031,
    "cagr": 0.22911787722390486,
    "sharpe": 2.2502379459181,
    "sortino": 3.242002933930607,
    "max_drawdown": -0.06910073050026051,
    "calmar": 3.315708467409633,
    "n_trades": 2111,
    "win_rate": 0.4945523448602558,
    "profit_factor": 1.1727122883747199,
    "avg_trade_pnl": 0.002524557179461879,
    "avg_hold_days": 6.3775461866414025,
    "annual_turnover": 211.4356120826709
  }
}