{
  "id": "exp_017",
  "timestamp": "2026-03-23T19:17:22.469933",
  "sharpe": 2.0246011569106988,
  "cagr": 0.15282025442299485,
  "max_dd": -0.04758727323922648,
  "n_trades": 958,
  "win_rate": 0.4488517745302714,
  "profit_factor": 1.0405368093392988,
  "status": "discard",
  "description": "MTMDI entry=2.43, exit=0.75",
  "cfg_mtmdi_zscore_entry": 2.4255661149632055,
  "cfg_cacs_entry_threshold": 0.02,
  "cfg_mpr_threshold": 0.5,
  "cfg_mtmdi_zscore_exit": 0.7496701248264928,
  "cfg_max_hold_days": 63,
  "cfg_stop_loss": -0.08,
  "cfg_take_profit": 0.2,
  "cfg_max_position_pct": 0.05,
  "cfg_max_total_exposure": 0.8,
  "cfg_vol_target": 0.15,
  "cfg_high_vol_reduction": 0.5,
  "cfg_low_vol_boost": 1.0,
  "cfg_transaction_cost_bps": 10,
  "config": {
    "mtmdi_zscore_entry": 2.4255661149632055,
    "cacs_entry_threshold": 0.02,
    "mpr_threshold": 0.5,
    "mtmdi_zscore_exit": 0.7496701248264928,
    "max_hold_days": 63,
    "stop_loss": -0.08,
    "take_profit": 0.2,
    "max_position_pct": 0.05,
    "max_total_exposure": 0.8,
    "vol_target": 0.15,
    "high_vol_reduction": 0.5,
    "low_vol_boost": 1.0,
    "transaction_cost_bps": 10
  },
  "metrics": {
    "total_return": 3.1365248632908678,
    "cagr": 0.15282025442299485,
    "sharpe": 2.0246011569106988,
    "sortino": 3.072328784053322,
    "max_drawdown": -0.04758727323922648,
    "calmar": 3.211368166752286,
    "n_trades": 958,
    "win_rate": 0.4488517745302714,
    "profit_factor": 1.0405368093392988,
    "avg_trade_pnl": 0.0007657161018454016,
    "avg_hold_days": 9.578288100208768,
    "annual_turnover": 95.9523052464229
  }
}