{
  "id": "exp_001",
  "timestamp": "2026-03-23T18:56:02.319264",
  "sharpe": 2.42170124391992,
  "cagr": 0.2588827934641058,
  "max_dd": -0.07489565057204314,
  "n_trades": 1805,
  "win_rate": 0.5318559556786704,
  "profit_factor": 1.4349764835341352,
  "status": "keep",
  "description": "MTMDI entry=1.78, exit=0.22",
  "cfg_mtmdi_zscore_entry": 1.7831097392498858,
  "cfg_cacs_entry_threshold": 0.02,
  "cfg_mpr_threshold": 0.5,
  "cfg_mtmdi_zscore_exit": 0.22238638778957717,
  "cfg_max_hold_days": 63,
  "cfg_stop_loss": -0.08,
  "cfg_take_profit": 0.2,
  "cfg_max_position_pct": 0.05,
  "cfg_max_total_exposure": 0.8,
  "cfg_vol_target": 0.15,
  "cfg_high_vol_reduction": 0.5,
  "cfg_low_vol_boost": 1.0,
  "cfg_transaction_cost_bps": 10,
  "config": {
    "mtmdi_zscore_entry": 1.7831097392498858,
    "cacs_entry_threshold": 0.02,
    "mpr_threshold": 0.5,
    "mtmdi_zscore_exit": 0.22238638778957717,
    "max_hold_days": 63,
    "stop_loss": -0.08,
    "take_profit": 0.2,
    "max_position_pct": 0.05,
    "max_total_exposure": 0.8,
    "vol_target": 0.15,
    "high_vol_reduction": 0.5,
    "low_vol_boost": 1.0,
    "transaction_cost_bps": 10
  },
  "metrics": {
    "total_return": 8.960150662303036,
    "cagr": 0.2588827934641058,
    "sharpe": 2.42170124391992,
    "sortino": 3.3477983116950907,
    "max_drawdown": -0.07489565057204314,
    "calmar": 3.4565798078632475,
    "n_trades": 1805,
    "win_rate": 0.5318559556786704,
    "profit_factor": 1.4349764835341352,
    "avg_trade_pnl": 0.008107791879741106,
    "avg_hold_days": 14.642659279778393,
    "annual_turnover": 180.78696343402225
  }
}