{
  "id": "exp_015",
  "timestamp": "2026-03-23T19:14:31.667137",
  "sharpe": 2.9416892844246214,
  "cagr": 0.4925392251058367,
  "max_dd": -0.10497356737917656,
  "n_trades": 3420,
  "win_rate": 0.519298245614035,
  "profit_factor": 1.2873970515046882,
  "status": "discard",
  "description": "Aggressive combined",
  "cfg_mtmdi_zscore_entry": 0.9332330866461646,
  "cfg_cacs_entry_threshold": 0.009043171955672894,
  "cfg_mpr_threshold": 0.044826343688165626,
  "cfg_mtmdi_zscore_exit": 0.5,
  "cfg_max_hold_days": 63,
  "cfg_stop_loss": -0.0857555623258846,
  "cfg_take_profit": 0.2540301385332038,
  "cfg_max_position_pct": 0.08,
  "cfg_max_total_exposure": 0.9,
  "cfg_vol_target": 0.15,
  "cfg_high_vol_reduction": 0.5,
  "cfg_low_vol_boost": 1.0,
  "cfg_transaction_cost_bps": 10,
  "config": {
    "mtmdi_zscore_entry": 0.9332330866461646,
    "cacs_entry_threshold": 0.009043171955672894,
    "mpr_threshold": 0.044826343688165626,
    "mtmdi_zscore_exit": 0.5,
    "max_hold_days": 63,
    "stop_loss": -0.0857555623258846,
    "take_profit": 0.2540301385332038,
    "max_position_pct": 0.08,
    "max_total_exposure": 0.9,
    "vol_target": 0.15,
    "high_vol_reduction": 0.5,
    "low_vol_boost": 1.0,
    "transaction_cost_bps": 10
  },
  "metrics": {
    "total_return": 53.51258906812339,
    "cagr": 0.4925392251058367,
    "sharpe": 2.9416892844246214,
    "sortino": 4.213384955350443,
    "max_drawdown": -0.10497356737917656,
    "calmar": 4.692030931241277,
    "n_trades": 3420,
    "win_rate": 0.519298245614035,
    "profit_factor": 1.2873970515046882,
    "avg_trade_pnl": 0.003987776245122415,
    "avg_hold_days": 8.690350877192982,
    "annual_turnover": 342.543720190779
  }
}