{
  "id": "exp_006",
  "timestamp": "2026-03-23T19:02:35.226005",
  "sharpe": 2.090807575857582,
  "cagr": 0.12187144147070339,
  "max_dd": -0.03224713555771216,
  "n_trades": 1348,
  "win_rate": 0.4807121661721068,
  "profit_factor": 1.1755989299265897,
  "status": "discard",
  "description": "Conservative combined",
  "cfg_mtmdi_zscore_entry": 2.062921649443228,
  "cfg_cacs_entry_threshold": 0.029278391238976277,
  "cfg_mpr_threshold": 1.2236890933517144,
  "cfg_mtmdi_zscore_exit": 0.5,
  "cfg_max_hold_days": 63,
  "cfg_stop_loss": -0.04419238323755495,
  "cfg_take_profit": 0.2,
  "cfg_max_position_pct": 0.03,
  "cfg_max_total_exposure": 0.6,
  "cfg_vol_target": 0.15,
  "cfg_high_vol_reduction": 0.5,
  "cfg_low_vol_boost": 1.0,
  "cfg_transaction_cost_bps": 10,
  "config": {
    "mtmdi_zscore_entry": 2.062921649443228,
    "cacs_entry_threshold": 0.029278391238976277,
    "mpr_threshold": 1.2236890933517144,
    "mtmdi_zscore_exit": 0.5,
    "max_hold_days": 63,
    "stop_loss": -0.04419238323755495,
    "take_profit": 0.2,
    "max_position_pct": 0.03,
    "max_total_exposure": 0.6,
    "vol_target": 0.15,
    "high_vol_reduction": 0.5,
    "low_vol_boost": 1.0,
    "transaction_cost_bps": 10
  },
  "metrics": {
    "total_return": 2.1523772124325435,
    "cagr": 0.12187144147070339,
    "sharpe": 2.090807575857582,
    "sortino": 3.0666124289372827,
    "max_drawdown": -0.03224713555771216,
    "calmar": 3.779295102121307,
    "n_trades": 1348,
    "win_rate": 0.4807121661721068,
    "profit_factor": 1.1755989299265897,
    "avg_trade_pnl": 0.0032379168681435314,
    "avg_hold_days": 9.932492581602373,
    "annual_turnover": 135.01430842607314
  }
}