{
  "auc_roc": 0.6755055078025528,
  "auc_pr": 0.2592474058938396,
  "precision": 0.2482338043188483,
  "recall": 0.5516960450303658,
  "f1": 0.3424040450471156,
  "precision_at_top50": 0.68,
  "precision_at_top20": 0.65
}