{
  "n_picks": 2217,
  "hit_rate": 0.32070365358592695,
  "avg_return": 0.05544961076140289,
  "median_return": 0.03430117921923026
}