{
  "cfg": {
    "name": "exp_04_accel",
    "K": 3,
    "hold_months": 6,
    "weighting": "ew",
    "cost_bps_per_leg": 5.0,
    "cash_yield_apr": 0.0,
    "crash_gate": true,
    "soft_cash": false,
    "score_fn_name": "ml_3plus6",
    "pick_filter": "accel",
    "conv_lambda": 0.0,
    "cash_score_floor": 0.0
  },
  "metrics": {
    "n_months": 248,
    "cagr": 0.42388823004450726,
    "sharpe": 0.9636841895933133,
    "sortino": 2.6555944985950393,
    "max_dd": -0.4982861928502926,
    "best_m": 0.8495509234283266,
    "worst_m": -0.3357942381205953,
    "positive_months": 153,
    "total_months": 248,
    "cash_months": 4,
    "window": "research",
    "wall_time_s": 0.32
  },
  "run_id": "20260510_132934_exp_04_accel_625dd7a5b7_research",
  "git_sha": "ed52fb1deb6ade154808a7aea1fa9884423831fd"
}