{
  "best_by_cagr": "R5_composite_regime_K3",
  "best_by_sharpe": "R5_composite_regime_K10",
  "cagr": 0.11056095589861759,
  "sharpe": 0.6503428054505116,
  "max_dd": -0.3754101670816965,
  "bb_p5": 0.28666581046336276,
  "bb_p50": 0.6499309938652363,
  "bb_p95": 0.9991779314267019,
  "dsr": 0.776841572050372,
  "n_trials_total": 80
}