{
  "n_months": 248,
  "cagr": 0.23637562413639301,
  "sharpe": 0.8368739749166976,
  "sortino": 1.6530395177443113,
  "max_dd": -0.5784701886276791,
  "best_m": 0.4221964942443618,
  "worst_m": -0.257604866642104,
  "positive_months": 155,
  "total_months": 248,
  "cash_months": 4,
  "sub_sharpes": [
    0.22232172393069455,
    1.104226160846855,
    1.3034686031452494
  ],
  "sub_sharpe_min": 0.22232172393069455,
  "exp_name": "dq_vc0.65_K3",
  "K": 3,
  "wall_time_s": 0.22
}