{
  "cfg": {
    "name": "exp_02_conv_hi",
    "K": 3,
    "hold_months": 6,
    "weighting": "conv",
    "cost_bps_per_leg": 5.0,
    "cash_yield_apr": 0.0,
    "crash_gate": true,
    "soft_cash": false,
    "score_fn_name": "ml_3plus6",
    "pick_filter": "none",
    "conv_lambda": 1.5,
    "cash_score_floor": 0.0
  },
  "metrics": {
    "n_months": 248,
    "cagr": 0.34533009305830586,
    "sharpe": 0.7450819054316117,
    "sortino": 1.9627097901085844,
    "max_dd": -0.7155452185846785,
    "best_m": 1.1925410762966218,
    "worst_m": -0.4055596852399344,
    "positive_months": 140,
    "total_months": 248,
    "cash_months": 4,
    "window": "research",
    "wall_time_s": 0.17
  },
  "run_id": "20260510_132933_exp_02_conv_hi_b0a472b697_research",
  "git_sha": "ed52fb1deb6ade154808a7aea1fa9884423831fd"
}