{
  "n_months": 248,
  "cagr": 0.23742267817014073,
  "sharpe": 0.889053550121284,
  "sortino": 1.757688018534271,
  "max_dd": -0.4255092492122328,
  "best_m": 0.3829898687106625,
  "worst_m": -0.2516998271654581,
  "positive_months": 159,
  "total_months": 248,
  "cash_months": 4,
  "sub_sharpes": [
    0.525332665003323,
    0.9820971130570577,
    1.2221187010176522
  ],
  "sub_sharpe_min": 0.525332665003323,
  "exp_name": "dq_vc0.70_K5",
  "K": 5,
  "wall_time_s": 0.24
}