{
  "n_months": 248,
  "cagr": 0.3222779881820741,
  "sharpe": 0.8585718922395428,
  "sortino": 2.1330163823162684,
  "max_dd": -0.5186221366455775,
  "best_m": 0.7829904610708289,
  "worst_m": -0.3123220471501253,
  "positive_months": 153,
  "total_months": 248,
  "cash_months": 4,
  "sub_sharpes": [
    0.6943093293551817,
    0.932593808428126,
    1.1338804115062058
  ],
  "sub_sharpe_min": 0.6943093293551817,
  "exp_name": "don_invvol_K3_vc1.0",
  "K": 3,
  "wall_time_s": 0.33
}