{
  "n_months": 248,
  "cagr": 0.1450355589838639,
  "sharpe": 0.8446398275155005,
  "sortino": 1.5704615796252654,
  "max_dd": -0.29738002764184557,
  "best_m": 0.19831164336218912,
  "worst_m": -0.1714633899261693,
  "positive_months": 154,
  "total_months": 248,
  "cash_months": 4,
  "sub_sharpes": [
    0.8834211741865987,
    0.9255278699914254,
    0.8991348201895157
  ],
  "sub_sharpe_min": 0.8834211741865987,
  "wall_time_s": 0.2,
  "window": "research",
  "exp_name": "qual_voltgt0.10_K3",
  "K": 3,
  "hold": 6,
  "vol_target": 0.1
}