{
  "n_months": 248,
  "cagr": 0.16028141469388402,
  "sharpe": 1.1089667080431715,
  "sortino": 2.0336095232003695,
  "max_dd": -0.22872953408415994,
  "best_m": 0.11623094758186303,
  "worst_m": -0.1511589092962156,
  "positive_months": 162,
  "total_months": 248,
  "cash_months": 4,
  "sub_sharpes": [
    1.370658142014237,
    1.8871985837341596,
    0.577196427041051
  ],
  "sub_sharpe_min": 0.577196427041051,
  "wall_time_s": 0.24,
  "window": "research",
  "exp_name": "qualinvvol_vc0.55",
  "K": 3,
  "hold": 6,
  "vol_target": null
}