{
  "best_cagr_config": "monthly_K1_h1",
  "best_cagr": 0.39895845396520535,
  "best_cagr_sharpe": 0.8908631434802182,
  "best_sharpe_config": "pred12m_K2_h6",
  "best_sharpe": 0.894632898811613,
  "best_sharpe_cagr": 0.30959267176517047,
  "n_configs": 25,
  "n_passing_both_gates": 0
}