{
  "cfg": {
    "name": "exp_28_tilt_015",
    "K": 3,
    "hold_months": 6,
    "weighting": "ew",
    "cost_bps_per_leg": 5.0,
    "cash_yield_apr": 0.0,
    "crash_gate": true,
    "soft_cash": false,
    "score_fn_name": "ml_3plus6_plus_12m_tilt_strong",
    "pick_filter": "none",
    "conv_lambda": 0.0,
    "cash_score_floor": 0.0
  },
  "metrics": {
    "n_months": 248,
    "cagr": 0.352744450303758,
    "sharpe": 0.8882528367981414,
    "sortino": 2.2309763798471054,
    "max_dd": -0.5327116109463521,
    "best_m": 0.8495509234283266,
    "worst_m": -0.3357942381205953,
    "positive_months": 146,
    "total_months": 248,
    "cash_months": 4,
    "window": "research",
    "wall_time_s": 0.19
  },
  "run_id": "20260510_135022_exp_28_tilt_015_bbc3d9dac7_research",
  "git_sha": "f72377ada312ac4fc7d916b26315abf2a3bed1e4"
}