{
  "n_months": 248,
  "cagr": 0.12776804636423167,
  "sharpe": 0.9431700929774726,
  "sortino": 1.682180418704443,
  "max_dd": -0.25678120962182577,
  "best_m": 0.11171919517155526,
  "worst_m": -0.148698235330018,
  "positive_months": 164,
  "total_months": 248,
  "cash_months": 4,
  "sub_sharpes": [
    0.9721986831740291,
    1.8907312440382522,
    0.4700003641201979
  ],
  "sub_sharpe_min": 0.4700003641201979,
  "wall_time_s": 0.25,
  "window": "research",
  "exp_name": "invqK5",
  "K": 5,
  "hold": 6,
  "vol_target": null
}