{
  "n_months": 248,
  "cagr": 0.2315233542118098,
  "sharpe": 0.9227751445355756,
  "sortino": 2.4197446089700714,
  "max_dd": -0.4428924288863738,
  "best_m": 0.7458740722136112,
  "worst_m": -0.21597187132338547,
  "positive_months": 155,
  "total_months": 248,
  "cash_months": 4,
  "sub_sharpes": [
    0.7991364572784063,
    1.3069182653399398,
    0.9047781902647618
  ],
  "sub_sharpe_min": 0.7991364572784063,
  "wall_time_s": 0.17,
  "window": "research",
  "exp_name": "voltgt0.10",
  "K": 3,
  "hold": 6,
  "vol_target": 0.1
}