{
  "n_months": 248,
  "cagr": 0.1354809824356069,
  "sharpe": 0.9972691216630605,
  "sortino": 1.7833332707481153,
  "max_dd": -0.24166294965540286,
  "best_m": 0.12832472882325993,
  "worst_m": -0.12125867143306145,
  "positive_months": 165,
  "total_months": 248,
  "cash_months": 4,
  "sub_sharpes": [
    1.105558570863963,
    1.1991135997576159,
    0.8419700550860595
  ],
  "sub_sharpe_min": 0.8419700550860595,
  "exp_name": "invvol_port_K15_vc0.5_vt0.12",
  "K": 15,
  "hold": 6,
  "vol_target": 0.12,
  "wall_time_s": 0.34
}