{
  "n_months": 248,
  "cagr": 0.16262593093447197,
  "sharpe": 0.8557267740436525,
  "sortino": 1.5231128441976949,
  "max_dd": -0.3714446392330954,
  "best_m": 0.1602109367222878,
  "worst_m": -0.22038037907928024,
  "positive_months": 154,
  "total_months": 248,
  "cash_months": 4,
  "sub_sharpes": [
    1.021471197444237,
    1.5264198294493996,
    0.4248579674595809
  ],
  "sub_sharpe_min": 0.4248579674595809,
  "wall_time_s": 0.18,
  "window": "research",
  "exp_name": "qualvol0.40",
  "K": 3,
  "hold": 6,
  "vol_target": null
}