{
  "n_months": 248,
  "cagr": 0.2547685415863856,
  "sharpe": 0.8502958725316819,
  "sortino": 1.8797025808838235,
  "max_dd": -0.6749256031055774,
  "best_m": 0.5843579892696914,
  "worst_m": -0.2601246340867736,
  "positive_months": 165,
  "total_months": 248,
  "cash_months": 4,
  "sub_sharpes": [
    0.527013086934417,
    1.1723854223349721,
    1.2015711457971319
  ],
  "sub_sharpe_min": 0.527013086934417,
  "exp_name": "don_invvol_K5_vc1.0",
  "K": 5,
  "wall_time_s": 0.38
}