{
  "name": "baseline_v3",
  "cagr_full": 0.3977406189318511,
  "spy_cagr_full": 0.1194382410561079,
  "edge_full_pp": 27.83023778757432,
  "sharpe": 0.9553637477926258,
  "max_dd": -0.49828619285029263,
  "n_cash": 4,
  "wf_mean_cagr": 0.42800538003320804,
  "wf_median_cagr": 0.39897919814733074,
  "wf_min_cagr": 0.14492104439496223,
  "wf_max_cagr": 1.0879351638068608,
  "wf_mean_sharpe": 1.0309443895155632,
  "wf_min_sharpe": 0.7301722273690158,
  "wf_mean_dd": -0.2976965019041197,
  "wf_min_dd": -0.4745918757975244,
  "wf_mean_edge_pp": 27.994518269377345,
  "wf_n_pos": 10,
  "wf_n_beats_spy": 9,
  "wf_n_splits": 10
}