{
  "name": "v7_safer",
  "cagr_full": 0.2956816845044099,
  "spy_cagr_full": 0.1194382410561079,
  "edge_full_pp": 17.6243443448302,
  "sharpe": 1.1052871065640544,
  "max_dd": -0.2897377324610608,
  "n_cash": 4,
  "wf_mean_cagr": 0.3264343208971842,
  "wf_median_cagr": 0.2827150187444565,
  "wf_min_cagr": 0.24215652950762112,
  "wf_max_cagr": 0.6143133297884451,
  "wf_mean_sharpe": 1.197282857616329,
  "wf_min_sharpe": 0.8907573869003076,
  "wf_mean_dd": -0.19995332467889612,
  "wf_min_dd": -0.25962498870636225,
  "wf_mean_edge_pp": 17.837412355774962,
  "wf_n_pos": 10,
  "wf_n_beats_spy": 9,
  "wf_n_splits": 10,
  "variant": "v7_safer"
}