{
  "name": "v7_safest",
  "cagr_full": 0.27304921611587774,
  "spy_cagr_full": 0.1194382410561079,
  "edge_full_pp": 15.361097505976984,
  "sharpe": 1.1334231002698838,
  "max_dd": -0.2334242511365283,
  "n_cash": 4,
  "wf_mean_cagr": 0.2991132988883746,
  "wf_median_cagr": 0.261269827867879,
  "wf_min_cagr": 0.22811569836515422,
  "wf_max_cagr": 0.5560063178733485,
  "wf_mean_sharpe": 1.1883435407450893,
  "wf_min_sharpe": 0.8844588637289911,
  "wf_mean_dd": -0.18477601471622784,
  "wf_min_dd": -0.2334242511365283,
  "wf_mean_edge_pp": 15.105310154894005,
  "wf_n_pos": 10,
  "wf_n_beats_spy": 9,
  "wf_n_splits": 10,
  "variant": "v7_safest"
}