{
  "cfg": {
    "name": "exp_06_softcash",
    "K": 3,
    "hold_months": 6,
    "weighting": "ew",
    "cost_bps_per_leg": 5.0,
    "cash_yield_apr": 0.03,
    "crash_gate": false,
    "soft_cash": true,
    "score_fn_name": "ml_3plus6",
    "pick_filter": "none",
    "conv_lambda": 0.0,
    "cash_score_floor": 0.0
  },
  "metrics": {
    "n_months": 248,
    "cagr": 0.20790924820959678,
    "sharpe": 0.7570684485350454,
    "sortino": 1.5890329214204981,
    "max_dd": -0.5988307399734966,
    "best_m": 0.6724089284259637,
    "worst_m": -0.3357942381205953,
    "positive_months": 155,
    "total_months": 248,
    "cash_months": 0,
    "window": "research",
    "wall_time_s": 0.15
  },
  "run_id": "20260510_132934_exp_06_softcash_f258831d0c_research",
  "git_sha": "ed52fb1deb6ade154808a7aea1fa9884423831fd"
}