{
  "n_months": 248,
  "cagr": 0.21184828381235832,
  "sharpe": 0.9062024949040869,
  "sortino": 1.7512619204877484,
  "max_dd": -0.5067093810237652,
  "best_m": 0.23577572457595608,
  "worst_m": -0.16686217994287958,
  "positive_months": 153,
  "total_months": 248,
  "cash_months": 4,
  "sub_sharpes": [
    1.001271940948577,
    1.3733053735038165,
    0.649395807016927
  ],
  "sub_sharpe_min": 0.649395807016927,
  "wall_time_s": 0.13,
  "window": "research",
  "exp_name": "qualH12",
  "K": 3,
  "hold": 12,
  "vol_target": null
}