{
  "n_months": 248,
  "cagr": 0.15476681404406123,
  "sharpe": 1.087890587100856,
  "sortino": 1.9843552543107954,
  "max_dd": -0.25335849955707557,
  "best_m": 0.12054328206955126,
  "worst_m": -0.1511589092962156,
  "positive_months": 167,
  "total_months": 248,
  "cash_months": 4,
  "sub_sharpes": [
    1.4534477506030081,
    1.7644083714951306,
    0.5646140000649758
  ],
  "sub_sharpe_min": 0.5646140000649758,
  "wall_time_s": 0.21,
  "window": "research",
  "exp_name": "invvol_w0.35",
  "K": 3,
  "hold": 6,
  "vol_target": null
}