{
  "n_months": 248,
  "cagr": 0.15298293405144814,
  "sharpe": 1.0790828066666662,
  "sortino": 1.9297463766470748,
  "max_dd": -0.22872953408415989,
  "best_m": 0.11623094758186303,
  "worst_m": -0.1511589092962156,
  "positive_months": 165,
  "total_months": 248,
  "cash_months": 4,
  "sub_sharpes": [
    1.2763500430821404,
    1.90910513474799,
    0.577196427041051
  ],
  "sub_sharpe_min": 0.577196427041051,
  "wall_time_s": 0.23,
  "window": "research",
  "exp_name": "qualinvvol_vc0.50",
  "K": 3,
  "hold": 6,
  "vol_target": null
}