{
  "n_months": 248,
  "cagr": 0.265693264100195,
  "sharpe": 0.8998052145539108,
  "sortino": 1.9909289318859105,
  "max_dd": -0.5129299105391338,
  "best_m": 0.47478661171442776,
  "worst_m": -0.2411743269102984,
  "positive_months": 162,
  "total_months": 248,
  "cash_months": 4,
  "sub_sharpes": [
    0.8755523837916053,
    1.156671928510638,
    0.9323407405061611
  ],
  "sub_sharpe_min": 0.8755523837916053,
  "exp_name": "lgbm_wf_K10",
  "K": 10,
  "wall_time_s": 0.28
}