{
  "n_months": 248,
  "cagr": 0.4077830824086164,
  "sharpe": 0.9528969959301917,
  "sortino": 2.6118827760163783,
  "max_dd": -0.49828619285029263,
  "best_m": 0.8495509234283266,
  "worst_m": -0.3357942381205953,
  "positive_months": 155,
  "total_months": 248,
  "cash_months": 4,
  "sub_sharpes": [
    0.9320930238993381,
    1.1660459709382425,
    1.0168407401888244
  ],
  "sub_sharpe_min": 0.9320930238993381,
  "wall_time_s": 0.18,
  "window": "research",
  "exp_name": "baseline",
  "K": 3,
  "hold": 6,
  "vol_target": null
}