{
  "n_months": 248,
  "cagr": 0.20841963125143703,
  "sharpe": 0.8540295770437951,
  "sortino": 1.6677380787578187,
  "max_dd": -0.5328494238760189,
  "best_m": 0.4104257813246879,
  "worst_m": -0.23705136778692226,
  "positive_months": 153,
  "total_months": 248,
  "cash_months": 4,
  "sub_sharpes": [
    0.757847452317029,
    1.049425934187264,
    0.9149280526904023
  ],
  "sub_sharpe_min": 0.757847452317029,
  "wall_time_s": 0.19,
  "window": "research",
  "exp_name": "qualvol0.55",
  "K": 3,
  "hold": 6,
  "vol_target": null
}