{
  "n_months": 248,
  "cagr": 0.2991550348701866,
  "sharpe": 0.8439587063022979,
  "sortino": 2.031207091764972,
  "max_dd": -0.5909142089595415,
  "best_m": 0.6831168431740362,
  "worst_m": -0.30405007199036277,
  "positive_months": 157,
  "total_months": 248,
  "cash_months": 4,
  "sub_sharpes": [
    0.8371538844032086,
    1.0136069223608153,
    0.9520691537014827
  ],
  "sub_sharpe_min": 0.8371538844032086,
  "exp_name": "lgbm_sharpe_K5",
  "K": 5,
  "wall_time_s": 0.18
}