{
  "n_months": 248,
  "cagr": 0.1516934108076231,
  "sharpe": 1.029241472251586,
  "sortino": 1.8944223013992045,
  "max_dd": -0.24839686913956777,
  "best_m": 0.13229627533706678,
  "worst_m": -0.1568373189072271,
  "positive_months": 160,
  "total_months": 248,
  "cash_months": 4,
  "sub_sharpes": [
    1.228941293305736,
    1.135010215679026,
    0.9015217143582002
  ],
  "sub_sharpe_min": 0.9015217143582002,
  "wall_time_s": 0.23,
  "window": "research",
  "exp_name": "qual_voltgt0.12_K10",
  "K": 10,
  "hold": 6,
  "vol_target": 0.12
}