{
  "cfg": {
    "name": "exp_17_K1_h3",
    "K": 1,
    "hold_months": 3,
    "weighting": "ew",
    "cost_bps_per_leg": 5.0,
    "cash_yield_apr": 0.0,
    "crash_gate": true,
    "soft_cash": false,
    "score_fn_name": "ml_3plus6",
    "pick_filter": "none",
    "conv_lambda": 0.0,
    "cash_score_floor": 0.0
  },
  "metrics": {
    "n_months": 248,
    "cagr": 0.3233833813626048,
    "sharpe": 0.7267521180005503,
    "sortino": 1.758237650611078,
    "max_dd": -0.7983221324544179,
    "best_m": 1.508474720103142,
    "worst_m": -0.36925291463227705,
    "positive_months": 149,
    "total_months": 248,
    "cash_months": 5,
    "window": "research",
    "wall_time_s": 0.23
  },
  "run_id": "20260510_133109_exp_17_K1_h3_030080d217_research",
  "git_sha": "ed52fb1deb6ade154808a7aea1fa9884423831fd"
}