{
  "v1a_no_sector": {
    "cagr": 0.06408329155075476,
    "ann_vol": 0.08711351215589783,
    "sharpe": 0.7574816398414487,
    "max_dd": -0.14763537547250846,
    "win_rate": 0.22282608695652173,
    "n_months": 184,
    "mean_m": 0.005498907170016455,
    "std_m": 0.025147504846630673,
    "ratio": 0.21866611433432978
  },
  "v1b_sector_div": {
    "cagr": 0.061821046368413235,
    "ann_vol": 0.08549573126254449,
    "sharpe": 0.7449294001067662,
    "max_dd": -0.14024257884693195,
    "win_rate": 0.22282608695652173,
    "n_months": 184,
    "mean_m": 0.005307356983424715,
    "std_m": 0.024680491729496986,
    "ratio": 0.21504259483945398
  }
}