{
  "headline": {
    "cagr": 0.07692376046513938,
    "ann_vol": 0.12699221162031168,
    "sharpe": 0.6459713950654403,
    "max_dd": -0.15285671481115315,
    "win_rate": 0.2608695652173913,
    "n_months": 184,
    "mean_m": 0.006836111341901531,
    "std_m": 0.036659493781986435,
    "ratio": 0.18647587941491506
  },
  "n_cash_months": 69,
  "n_total_months": 184,
  "pick_ret_distribution": {
    "mean_pick_mean": 0.25531397869574884,
    "mean_pick_min": -0.16344263453470625,
    "mean_pick_max": 7.518435063289374,
    "median_pick_mean": 0.0
  },
  "scale_distribution": {
    "mean": 0.5974541792471918,
    "median": 1.0,
    "min": 0.0,
    "max": 1.0
  }
}