{
  "random_seed42": {
    "cagr": 0.05925692307582486,
    "ann_vol": 0.09052146089382174,
    "sharpe": 0.6814102484290501,
    "max_dd": -0.11621477768119726,
    "win_rate": 0.27717391304347827,
    "n_months": 184,
    "mean_m": 0.005140187596318302,
    "std_m": 0.026131294907243082,
    "ratio": 0.19670619517954094
  },
  "mom_12_1": {
    "cagr": 0.0969725163322337,
    "ann_vol": 0.18531748852035163,
    "sharpe": 0.5750855380614877,
    "max_dd": -0.17359871793653567,
    "win_rate": 0.2554347826086957,
    "n_months": 184,
    "mean_m": 0.008881117299827499,
    "std_m": 0.0534965509413852,
    "ratio": 0.16601289510343034
  },
  "mom_6_1": {
    "cagr": 0.18029510818587524,
    "ann_vol": 0.6468138515859931,
    "sharpe": 0.39147439379139176,
    "max_dd": -0.1242998193697032,
    "win_rate": 0.2826086956521739,
    "n_months": 184,
    "mean_m": 0.02110092170379183,
    "std_m": 0.1867190756643759,
    "ratio": 0.1130089233181528
  },
  "sharpe_12m": {
    "cagr": 0.09776238467875831,
    "ann_vol": 0.28570552504981983,
    "sharpe": 0.4184362358720376,
    "max_dd": -0.14052876441975085,
    "win_rate": 0.2608695652173913,
    "n_months": 184,
    "mean_m": 0.009962462039140897,
    "std_m": 0.08247608089823842,
    "ratio": 0.12079213670970733
  },
  "sharpe_5y": {
    "cagr": 0.15878659171544274,
    "ann_vol": 0.5683973988022415,
    "sharpe": 0.3892845668307471,
    "max_dd": -0.1752201048553656,
    "win_rate": 0.266304347826087,
    "n_months": 184,
    "mean_m": 0.018439027931704502,
    "std_m": 0.1640821956025786,
    "ratio": 0.11237677472554936
  },
  "trend_health_5y": {
    "cagr": 0.06554810984100401,
    "ann_vol": 0.10717942400465745,
    "sharpe": 0.6447997084416963,
    "max_dd": -0.1595467940554972,
    "win_rate": 0.266304347826087,
    "n_months": 184,
    "mean_m": 0.00575910511242934,
    "std_m": 0.03094003465033901,
    "ratio": 0.1861376426211028
  },
  "quality_score_5y": {
    "cagr": 0.06798460337645662,
    "ann_vol": 0.10500406793435565,
    "sharpe": 0.67764355077279,
    "max_dd": -0.16325964561791526,
    "win_rate": 0.2608695652173913,
    "n_months": 184,
    "mean_m": 0.0059296107867186695,
    "std_m": 0.030312063443952996,
    "ratio": 0.19561884322664208
  },
  "low_vol": {
    "cagr": 0.04543770708471162,
    "ann_vol": 0.0712141409103802,
    "sharpe": 0.6600115354795425,
    "max_dd": -0.08196283134061724,
    "win_rate": 0.2554347826086957,
    "n_months": 184,
    "mean_m": 0.0039168462075097115,
    "std_m": 0.020557751712357974,
    "ratio": 0.19052891883868606
  },
  "mom_x_lowvol": {
    "cagr": 0.06448169363875111,
    "ann_vol": 0.08636915274491225,
    "sharpe": 0.7679256487513518,
    "max_dd": -0.11176612454399469,
    "win_rate": 0.2717391304347826,
    "n_months": 184,
    "mean_m": 0.005527090637811779,
    "std_m": 0.0249326267934775,
    "ratio": 0.2216810400121055
  },
  "quality_x_mom": {
    "cagr": 0.0691778330002295,
    "ann_vol": 0.10624362700999948,
    "sharpe": 0.6832535150182386,
    "max_dd": -0.16897161841828565,
    "win_rate": 0.266304347826087,
    "n_months": 184,
    "mean_m": 0.0060492776335724025,
    "std_m": 0.030669893326952698,
    "ratio": 0.19723830041026905
  }
}