{
  "oracle_no_reg_no_vt": {
    "cagr": 2.5938005135917925,
    "ann_vol": 0.3578341889225125,
    "sharpe": 3.922775135181477,
    "max_dd": -0.06464924380169869,
    "win_rate": 0.7391304347826086,
    "n_months": 184,
    "mean_m": 0.11697525490192194,
    "std_m": 0.103297832649832,
    "ratio": 1.1324076401336982
  },
  "oracle_reg_only": {
    "cagr": 1.0181160180388864,
    "ann_vol": 0.2968477075548883,
    "sharpe": 2.5683045220675886,
    "max_dd": -0.0019990000000000866,
    "win_rate": 0.41847826086956524,
    "n_months": 184,
    "mean_m": 0.06353294247321807,
    "std_m": 0.08569255193256904,
    "ratio": 0.7414056535883278
  },
  "oracle_reg_vt18": {
    "cagr": 0.9720729288999517,
    "ann_vol": 0.28759582872281475,
    "sharpe": 2.55789130801632,
    "max_dd": -0.001999000000000039,
    "win_rate": 0.41847826086956524,
    "n_months": 184,
    "mean_m": 0.06130323920931986,
    "std_m": 0.08302176456546531,
    "ratio": 0.7383996176205132
  }
}