{
  "mom_12_1__none": {
    "cagr": 0.08857925629350216,
    "ann_vol": 0.1970478369953893,
    "sharpe": 0.5318808339176972,
    "max_dd": -0.5102158521336161,
    "win_rate": 0.45108695652173914,
    "n_months": 184,
    "mean_m": 0.008733830655232179,
    "std_m": 0.056882810866260756,
    "ratio": 0.1535407713195926
  },
  "mom_12_1__regime": {
    "cagr": 0.05290800622407121,
    "ann_vol": 0.1110753268602717,
    "sharpe": 0.5205702309922612,
    "max_dd": -0.20076946216884098,
    "win_rate": 0.25,
    "n_months": 184,
    "mean_m": 0.00481854238009938,
    "std_m": 0.03206468493155177,
    "ratio": 0.15027568149774384
  },
  "mom_12_1__vt18": {
    "cagr": 0.09147373798288716,
    "ann_vol": 0.17969225476261183,
    "sharpe": 0.5795918972564202,
    "max_dd": -0.46866040707414663,
    "win_rate": 0.45108695652173914,
    "n_months": 184,
    "mean_m": 0.00867901457167885,
    "std_m": 0.05187268582924238,
    "ratio": 0.16731376895056008
  },
  "mom_12_1__regime_vt": {
    "cagr": 0.05678798297906518,
    "ann_vol": 0.10380350266450962,
    "sharpe": 0.5847886225407503,
    "max_dd": -0.17359871793653567,
    "win_rate": 0.25,
    "n_months": 184,
    "mean_m": 0.00505859227817364,
    "std_m": 0.029965490103090332,
    "ratio": 0.16881393432146632
  },
  "mom_6_1__none": {
    "cagr": 0.12112808429928146,
    "ann_vol": 0.1957530516134795,
    "sharpe": 0.6859738847273077,
    "max_dd": -0.48073618187299516,
    "win_rate": 0.4891304347826087,
    "n_months": 184,
    "mean_m": 0.011190123438543642,
    "std_m": 0.05650903852186655,
    "ratio": 0.1980236035021822
  },
  "mom_6_1__regime": {
    "cagr": 0.07935502267790229,
    "ann_vol": 0.11674901565850974,
    "sharpe": 0.7138568112114388,
    "max_dd": -0.20455027934880388,
    "win_rate": 0.27717391304347827,
    "n_months": 184,
    "mean_m": 0.0069451733358381765,
    "std_m": 0.03370253780903222,
    "ratio": 0.20607271105788605
  },
  "mom_6_1__vt18": {
    "cagr": 0.12262571265950806,
    "ann_vol": 0.17986079050566933,
    "sharpe": 0.736691880210291,
    "max_dd": -0.428670026100175,
    "win_rate": 0.4891304347826087,
    "n_months": 184,
    "mean_m": 0.011041831994477568,
    "std_m": 0.051921337907553544,
    "ratio": 0.21266462767461153
  },
  "mom_6_1__regime_vt": {
    "cagr": 0.07985379968865813,
    "ann_vol": 0.1100100660449456,
    "sharpe": 0.7547742225089752,
    "max_dd": -0.16210172126287364,
    "win_rate": 0.27717391304347827,
    "n_months": 184,
    "mean_m": 0.006919396838936237,
    "std_m": 0.03175717062230893,
    "ratio": 0.2178845502714737
  },
  "low_vol__none": {
    "cagr": 0.09628601186750751,
    "ann_vol": 0.12800823505830056,
    "sharpe": 0.7853071218441209,
    "max_dd": -0.28214146908888016,
    "win_rate": 0.483695652173913,
    "n_months": 184,
    "mean_m": 0.00837714822049831,
    "std_m": 0.03695279448469936,
    "ratio": 0.22669863909661672
  },
  "low_vol__regime": {
    "cagr": 0.049425691031508734,
    "ann_vol": 0.07409071271089032,
    "sharpe": 0.6886578805111585,
    "max_dd": -0.08225338225298041,
    "win_rate": 0.2554347826086957,
    "n_months": 184,
    "mean_m": 0.004251929431753574,
    "std_m": 0.021388146464041878,
    "ratio": 0.19879840634633725
  },
  "low_vol__vt18": {
    "cagr": 0.09319390733443411,
    "ann_vol": 0.12090944391638021,
    "sharpe": 0.8004731734142333,
    "max_dd": -0.2234972809321672,
    "win_rate": 0.483695652173913,
    "n_months": 184,
    "mean_m": 0.00806539718895793,
    "std_m": 0.03490354999634504,
    "ratio": 0.2310767010748908
  },
  "low_vol__regime_vt": {
    "cagr": 0.04543770708471162,
    "ann_vol": 0.0712141409103802,
    "sharpe": 0.6600115354795425,
    "max_dd": -0.08196283134061724,
    "win_rate": 0.2554347826086957,
    "n_months": 184,
    "mean_m": 0.0039168462075097115,
    "std_m": 0.020557751712357974,
    "ratio": 0.19052891883868606
  },
  "mom_x_lowvol__none": {
    "cagr": 0.09316427171490393,
    "ann_vol": 0.1605057151823451,
    "sharpe": 0.6389955518489516,
    "max_dd": -0.4117929763027524,
    "win_rate": 0.483695652173913,
    "n_months": 184,
    "mean_m": 0.008546869837321107,
    "std_m": 0.046334008933500176,
    "ratio": 0.18446212693548286
  },
  "mom_x_lowvol__regime": {
    "cagr": 0.06527791235516056,
    "ann_vol": 0.0906628777230198,
    "sharpe": 0.7439492273096198,
    "max_dd": -0.11216000902594,
    "win_rate": 0.2717391304347826,
    "n_months": 184,
    "mean_m": 0.005620714818975594,
    "std_m": 0.026172118429445806,
    "ratio": 0.21475964332531153
  },
  "mom_x_lowvol__vt18": {
    "cagr": 0.09100236335622869,
    "ann_vol": 0.14900467379558632,
    "sharpe": 0.662867919983651,
    "max_dd": -0.3656586397249187,
    "win_rate": 0.483695652173913,
    "n_months": 184,
    "mean_m": 0.008230868182226896,
    "std_m": 0.043013944263197074,
    "ratio": 0.19135348601986413
  },
  "mom_x_lowvol__regime_vt": {
    "cagr": 0.06448169363875111,
    "ann_vol": 0.08636915274491225,
    "sharpe": 0.7679256487513518,
    "max_dd": -0.11176612454399469,
    "win_rate": 0.2717391304347826,
    "n_months": 184,
    "mean_m": 0.005527090637811779,
    "std_m": 0.0249326267934775,
    "ratio": 0.2216810400121055
  },
  "4T9wE_blend__none": {
    "cagr": -0.04852709524648302,
    "ann_vol": 0.2836438268298277,
    "sharpe": -0.023366761928377517,
    "max_dd": -0.6634944490353949,
    "win_rate": 0.40217391304347827,
    "n_months": 184,
    "mean_m": -0.000552319814498877,
    "std_m": 0.08188091988708832,
    "ratio": -0.006745403144719329
  },
  "4T9wE_blend__regime": {
    "cagr": 0.07388444484150547,
    "ann_vol": 0.1291974889154859,
    "sharpe": 0.6152864022023875,
    "max_dd": -0.16315815345259566,
    "win_rate": 0.2608695652173913,
    "n_months": 184,
    "mean_m": 0.0066244548440326815,
    "std_m": 0.037296102501989746,
    "ratio": 0.1776178849701324
  },
  "4T9wE_blend__vt18": {
    "cagr": -0.0616589615779104,
    "ann_vol": 0.2446398570844563,
    "sharpe": -0.11989053727714893,
    "max_dd": -0.7146603483905584,
    "win_rate": 0.40217391304347827,
    "n_months": 184,
    "mean_m": -0.0024441669921050333,
    "std_m": 0.07062144367111121,
    "ratio": -0.0346094169851254
  },
  "4T9wE_blend__regime_vt": {
    "cagr": 0.07268788673535376,
    "ann_vol": 0.12281995465842128,
    "sharpe": 0.6320081677891746,
    "max_dd": -0.1528567148111531,
    "win_rate": 0.2608695652173913,
    "n_months": 184,
    "mean_m": 0.006468601209301529,
    "std_m": 0.03545506694194858,
    "ratio": 0.18244504290156108
  }
}