{
  "random_seed42": {
    "cagr": 0.05891775114897091,
    "ann_vol": 0.09055751804579257,
    "sharpe": 0.6776204268858489,
    "max_dd": -0.11621477768119727,
    "win_rate": 0.27717391304347827,
    "n_months": 184,
    "mean_m": 0.005113635336326078,
    "std_m": 0.026141703710441368,
    "ratio": 0.195612167935467
  },
  "mom_12_1": {
    "cagr": 0.05678798297906518,
    "ann_vol": 0.10380350266450962,
    "sharpe": 0.5847886225407503,
    "max_dd": -0.17359871793653567,
    "win_rate": 0.25,
    "n_months": 184,
    "mean_m": 0.00505859227817364,
    "std_m": 0.029965490103090332,
    "ratio": 0.16881393432146632
  },
  "mom_6_1": {
    "cagr": 0.07985379968865813,
    "ann_vol": 0.1100100660449456,
    "sharpe": 0.7547742225089752,
    "max_dd": -0.16210172126287364,
    "win_rate": 0.27717391304347827,
    "n_months": 184,
    "mean_m": 0.006919396838936237,
    "std_m": 0.03175717062230893,
    "ratio": 0.2178845502714737
  },
  "sharpe_12m": {
    "cagr": 0.0493941209909563,
    "ann_vol": 0.08984467731542863,
    "sharpe": 0.5822029706363311,
    "max_dd": -0.14052876441975085,
    "win_rate": 0.2608695652173913,
    "n_months": 184,
    "mean_m": 0.004358986502408762,
    "std_m": 0.025935924316658893,
    "ratio": 0.16806752090994279
  },
  "sharpe_5y": {
    "cagr": 0.07692150565034761,
    "ann_vol": 0.12064707575294521,
    "sharpe": 0.6733189185800075,
    "max_dd": -0.17522010485536554,
    "win_rate": 0.266304347826087,
    "n_months": 184,
    "mean_m": 0.006769496547984443,
    "std_m": 0.03482781083145205,
    "ratio": 0.19437042944631752
  },
  "trend_health_5y": {
    "cagr": 0.06554810984100401,
    "ann_vol": 0.10717942400465745,
    "sharpe": 0.6447997084416963,
    "max_dd": -0.1595467940554972,
    "win_rate": 0.266304347826087,
    "n_months": 184,
    "mean_m": 0.00575910511242934,
    "std_m": 0.03094003465033901,
    "ratio": 0.1861376426211028
  },
  "quality_score_5y": {
    "cagr": 0.06798460337645662,
    "ann_vol": 0.10500406793435565,
    "sharpe": 0.67764355077279,
    "max_dd": -0.16325964561791526,
    "win_rate": 0.2608695652173913,
    "n_months": 184,
    "mean_m": 0.0059296107867186695,
    "std_m": 0.030312063443952996,
    "ratio": 0.19561884322664208
  },
  "low_vol": {
    "cagr": 0.04543770708471162,
    "ann_vol": 0.0712141409103802,
    "sharpe": 0.6600115354795425,
    "max_dd": -0.08196283134061724,
    "win_rate": 0.2554347826086957,
    "n_months": 184,
    "mean_m": 0.0039168462075097115,
    "std_m": 0.020557751712357974,
    "ratio": 0.19052891883868606
  },
  "mom_x_lowvol": {
    "cagr": 0.06448169363875111,
    "ann_vol": 0.08636915274491225,
    "sharpe": 0.7679256487513518,
    "max_dd": -0.11176612454399469,
    "win_rate": 0.2717391304347826,
    "n_months": 184,
    "mean_m": 0.005527090637811779,
    "std_m": 0.0249326267934775,
    "ratio": 0.2216810400121055
  },
  "quality_x_mom": {
    "cagr": 0.0691778330002295,
    "ann_vol": 0.10624362700999948,
    "sharpe": 0.6832535150182386,
    "max_dd": -0.16897161841828565,
    "win_rate": 0.266304347826087,
    "n_months": 184,
    "mean_m": 0.0060492776335724025,
    "std_m": 0.030669893326952698,
    "ratio": 0.19723830041026905
  }
}