{
  "oracle_no_reg_no_vt": {
    "cagr": 2.8216634865992236,
    "ann_vol": 0.5105687190097027,
    "sharpe": 2.949065152773542,
    "max_dd": -0.06464924380169869,
    "win_rate": 0.7391304347826086,
    "n_months": 184,
    "mean_m": 0.1254750347773117,
    "std_m": 0.14738849368002713,
    "ratio": 0.8513217799057746
  },
  "oracle_reg_only": {
    "cagr": 1.1424835293048035,
    "ann_vol": 0.4803376804947159,
    "sharpe": 1.7950259890551263,
    "max_dd": -0.0019990000000001313,
    "win_rate": 0.41847826086956524,
    "n_months": 184,
    "mean_m": 0.0718515516675394,
    "std_m": 0.13866154456777235,
    "ratio": 0.5181793689916757
  },
  "oracle_reg_vt18": {
    "cagr": 1.093603009435415,
    "ann_vol": 0.4751470001709661,
    "sharpe": 1.7583235936311925,
    "max_dd": -0.0019990000000000016,
    "win_rate": 0.41847826086956524,
    "n_months": 184,
    "mean_m": 0.06962184840364118,
    "std_m": 0.13716312422667523,
    "ratio": 0.5075843000527196
  }
}