{
  "k_3": {
    "cagr": 0.05249358919422309,
    "ann_vol": 0.2881903516925687,
    "sharpe": 0.306919682920523,
    "max_dd": -0.49903163286563984,
    "win_rate": 0.22826086956521738,
    "n_months": 184,
    "mean_m": 0.0073709409468531,
    "std_m": 0.08319338856377873,
    "ratio": 0.08860008077687928
  },
  "k_5": {
    "cagr": 0.02004629083629217,
    "ann_vol": 0.23452502457638513,
    "sharpe": 0.19728886306118087,
    "max_dd": -0.56253142794251,
    "win_rate": 0.22826086956521738,
    "n_months": 184,
    "mean_m": 0.003855764621505878,
    "std_m": 0.06770154303543978,
    "ratio": 0.056952389098244
  },
  "k_10": {
    "cagr": 0.056700633266489,
    "ann_vol": 0.1799527603627846,
    "sharpe": 0.3940284383949526,
    "max_dd": -0.3153502960492448,
    "win_rate": 0.24456521739130435,
    "n_months": 184,
    "mean_m": 0.005908875429217429,
    "std_m": 0.05194788731843496,
    "ratio": 0.11374621248784689
  },
  "k_20": {
    "cagr": 0.0630218664904334,
    "ann_vol": 0.13775174494440412,
    "sharpe": 0.511571571125704,
    "max_dd": -0.22107157005904007,
    "win_rate": 0.25,
    "n_months": 184,
    "mean_m": 0.005872489715543006,
    "std_m": 0.0397655035124962,
    "ratio": 0.14767799214959249
  },
  "k_30": {
    "cagr": 0.07268788673535376,
    "ann_vol": 0.12281995465842128,
    "sharpe": 0.6320081677891746,
    "max_dd": -0.1528567148111531,
    "win_rate": 0.2608695652173913,
    "n_months": 184,
    "mean_m": 0.006468601209301529,
    "std_m": 0.03545506694194858,
    "ratio": 0.18244504290156108
  },
  "k_50": {
    "cagr": 0.06816401004696249,
    "ann_vol": 0.10518935045321075,
    "sharpe": 0.6795338164498786,
    "max_dd": -0.1244673055446686,
    "win_rate": 0.266304347826087,
    "n_months": 184,
    "mean_m": 0.005956643396946173,
    "std_m": 0.030365549900021556,
    "ratio": 0.1961645159253956
  },
  "k_100": {
    "cagr": 0.06187635536077085,
    "ann_vol": 0.09470339777968816,
    "sharpe": 0.68161241448825,
    "max_dd": -0.12713332752824555,
    "win_rate": 0.266304347826087,
    "n_months": 184,
    "mean_m": 0.005379250968404536,
    "std_m": 0.027338516100637582,
    "ratio": 0.196764555493891
  }
}