{
  "headline": {
    "cagr": 0.07268788673535376,
    "ann_vol": 0.12281995465842128,
    "sharpe": 0.6320081677891746,
    "max_dd": -0.1528567148111531,
    "win_rate": 0.2608695652173913,
    "n_months": 184,
    "mean_m": 0.006468601209301529,
    "std_m": 0.03545506694194858,
    "ratio": 0.18244504290156108
  },
  "n_cash_months": 69,
  "n_total_months": 184,
  "pick_ret_distribution": {
    "mean_pick_mean": 0.01072257644461217,
    "mean_pick_min": -0.16344263453470625,
    "mean_pick_max": 0.19473681797558057,
    "median_pick_mean": 0.0
  },
  "scale_distribution": {
    "mean": 0.5974541792471918,
    "median": 1.0,
    "min": 0.0,
    "max": 1.0
  }
}