{
  "k_3": {
    "cagr": 0.5375568205520489,
    "ann_vol": 10.676973359753468,
    "sharpe": 0.2937597274072411,
    "max_dd": -0.49903163286563995,
    "win_rate": 0.23369565217391305,
    "n_months": 184,
    "mean_m": 0.26137206530796286,
    "std_m": 3.0821767216920644,
    "ratio": 0.08480112884782087
  },
  "k_5": {
    "cagr": 0.3566983116660929,
    "ann_vol": 10.620423397620984,
    "sharpe": 0.26508731704949934,
    "max_dd": -0.5625314279425102,
    "win_rate": 0.23369565217391305,
    "n_months": 184,
    "mean_m": 0.2346116287004229,
    "std_m": 3.0658521537621377,
    "ratio": 0.07652411692864206
  },
  "k_10": {
    "cagr": 0.39350019436190276,
    "ann_vol": 10.631040440645773,
    "sharpe": 0.26593846048255476,
    "max_dd": -0.3153502960492447,
    "win_rate": 0.24456521739130435,
    "n_months": 184,
    "mean_m": 0.23560021067609316,
    "std_m": 3.0689170300863173,
    "ratio": 0.07676982087373883
  },
  "k_20": {
    "cagr": 0.3982049166363226,
    "ann_vol": 10.61467009579922,
    "sharpe": 0.2654339432124059,
    "max_dd": -0.22107157005904002,
    "win_rate": 0.25,
    "n_months": 184,
    "mean_m": 0.23479114495223274,
    "std_m": 3.064191318584375,
    "ratio": 0.07662417928287318
  },
  "k_30": {
    "cagr": 0.07692376046513938,
    "ann_vol": 0.12699221162031168,
    "sharpe": 0.6459713950654403,
    "max_dd": -0.15285671481115315,
    "win_rate": 0.2608695652173913,
    "n_months": 184,
    "mean_m": 0.006836111341901531,
    "std_m": 0.036659493781986435,
    "ratio": 0.18647587941491506
  },
  "k_50": {
    "cagr": 0.07095645088742786,
    "ann_vol": 0.10746705850541866,
    "sharpe": 0.6915849599856224,
    "max_dd": -0.12446730554466873,
    "win_rate": 0.266304347826087,
    "n_months": 184,
    "mean_m": 0.0061935501130202094,
    "std_m": 0.03102306757856036,
    "ratio": 0.19964338140759785
  },
  "k_100": {
    "cagr": 0.06265216714012944,
    "ann_vol": 0.09536940259045479,
    "sharpe": 0.6851566702301297,
    "max_dd": -0.12713332752824547,
    "win_rate": 0.266304347826087,
    "n_months": 184,
    "mean_m": 0.00544524852672606,
    "std_m": 0.027530775129026436,
    "ratio": 0.19778769399721652
  }
}