{
  "n_months": 248,
  "cagr": 0.18603220072614302,
  "sharpe": 0.7874146167994708,
  "sortino": 1.5098459650970144,
  "max_dd": -0.5634576911242449,
  "best_m": 0.41281266923498855,
  "worst_m": -0.2600862021586905,
  "positive_months": 152,
  "total_months": 248,
  "cash_months": 4,
  "sub_sharpes": [
    0.3625931458991355,
    0.9528438381400122,
    1.1453503489784453
  ],
  "sub_sharpe_min": 0.3625931458991355,
  "exp_name": "don_invvol_K3_vc0.65",
  "K": 3,
  "wall_time_s": 0.35
}