{
  "n_months": 248,
  "cagr": 0.21827237771710783,
  "sharpe": 0.9082751871917679,
  "sortino": 1.80113216938655,
  "max_dd": -0.3958907408164375,
  "best_m": 0.30614155996978437,
  "worst_m": -0.2137480300034965,
  "positive_months": 150,
  "total_months": 248,
  "cash_months": 4,
  "sub_sharpes": [
    0.8493220389310868,
    1.0909087693690112,
    0.9255073897303162
  ],
  "sub_sharpe_min": 0.8493220389310868,
  "wall_time_s": 0.18,
  "window": "research",
  "exp_name": "qualvol0.60",
  "K": 3,
  "hold": 6,
  "vol_target": null
}