{
  "name": "pillar3_only",
  "cagr_full": 0.2830295704851997,
  "spy_cagr_full": 0.1194382410561079,
  "edge_full_pp": 16.359132942909184,
  "sharpe": 0.80161729344775,
  "max_dd": -0.549221731415199,
  "n_cash": 4,
  "wf_mean_cagr": 0.270429424569493,
  "wf_median_cagr": 0.1889784516563372,
  "wf_min_cagr": 0.13310160146798689,
  "wf_max_cagr": 0.8462434949612414,
  "wf_mean_sharpe": 0.836828041887965,
  "wf_min_sharpe": 0.6690517859375353,
  "wf_mean_dd": -0.2780834677660685,
  "wf_min_dd": -0.4699171272472552,
  "wf_mean_edge_pp": 12.236922723005838,
  "wf_n_pos": 10,
  "wf_n_beats_spy": 8,
  "wf_n_splits": 10
}