{
  "cfg": {
    "name": "exp_00_baseline",
    "K": 3,
    "hold_months": 6,
    "weighting": "ew",
    "cost_bps_per_leg": 5.0,
    "cash_yield_apr": 0.0,
    "crash_gate": true,
    "soft_cash": false,
    "score_fn_name": "ml_3plus6",
    "pick_filter": "none",
    "conv_lambda": 0.0,
    "cash_score_floor": 0.0
  },
  "metrics": {
    "n_months": 248,
    "cagr": 0.4077830824086164,
    "sharpe": 0.9528969959301917,
    "sortino": 2.6118827760163783,
    "max_dd": -0.49828619285029263,
    "best_m": 0.8495509234283266,
    "worst_m": -0.3357942381205953,
    "positive_months": 155,
    "total_months": 248,
    "cash_months": 4,
    "window": "research",
    "wall_time_s": 0.17
  },
  "run_id": "20260510_132933_exp_00_baseline_e582236c24_research",
  "git_sha": "ed52fb1deb6ade154808a7aea1fa9884423831fd"
}