{
  "ensemble_cagr_pct": 26.044160956702367,
  "single_offset_cagr_pct": 21.26127567429861,
  "spy_cagr_pct": 11.458029424329009,
  "ensemble_sharpe": 0.8005615436723799,
  "single_sharpe": 0.6587896771533706,
  "ensemble_max_dd_pct": -56.56534052851765,
  "single_max_dd_pct": -87.12486858277931,
  "year_edge_mean_ensemble_pp": 29.37354374688597,
  "year_edge_mean_single_pp": 29.256767775776243,
  "year_edge_std_ensemble_pp": 60.057705056392344,
  "year_edge_std_single_pp": 51.83924312076402,
  "year_edge_min_ensemble_pp": -38.53103013460025,
  "year_edge_min_single_pp": -48.204850255246754,
  "n_years_positive_ensemble": 17,
  "n_years_positive_single": 15,
  "n_months": 280
}