cost_bps,cagr,spy_cagr,edge,sharpe,mdd,edge_std,edge_min,n_years_positive,n_years_total
0,29.91307189840713,11.458029424329009,18.45504247407812,1.7927949243711832,-20.1917379451754,18.783016791663673,-28.969085349756682,22,24
5,29.713467661642092,11.458029424329009,18.255438237313083,1.7836394929347985,-20.191737945175404,18.780615219384167,-29.04940372741452,22,24
10,29.514113026868948,11.458029424329009,18.05608360253994,1.7744535414904063,-20.191737945175394,18.77852160323237,-29.129673285739354,22,24
20,29.116151586820394,11.458029424329009,17.658122162491384,1.7559908845101078,-20.19173794517539,18.775248940948583,-29.2900660216873,22,24
30,28.719185627046386,11.458029424329009,17.261156202717377,1.73740860208235,-20.191737945175394,18.773180177246907,-29.450263712158417,22,24
50,27.928232357372917,11.458029424329009,16.470202933043907,1.6998920477550954,-20.191737945175404,18.77257963460119,-29.770074574604998,22,24
75,26.945105699317494,11.458029424329009,15.487076274988485,1.6523550959479691,-20.1917379451754,18.778267768654256,-30.16874377260484,22,24
100,25.968134037998336,11.458029424329009,14.510104613669327,1.6041337564469345,-20.1917379451754,18.790836945529282,-30.5661992425187,21,24
150,24.032535119822352,11.458029424329009,12.574505695493343,1.5057686349238208,-20.191737945175404,18.835450790970118,-31.357478628797097,18,24
