top_n,rotations,cagr,spy_cagr,edge,sharpe,mdd,edge_std,edge_min,n_years_positive,n_years_total
1,83,34.8227826778162,11.458029424329009,23.36475325348719,1.705921745167994,-20.191737945175408,25.89545401710903,-28.45895919053669,22,24
2,135,29.514113026868948,11.458029424329009,18.05608360253994,1.7744535414904063,-20.191737945175394,18.77852160323237,-29.129673285739354,22,24
3,163,26.368787005480844,11.458029424329009,14.910757581151834,1.7655921896657556,-20.191737945175397,17.4937775394742,-31.558327242619285,21,24
4,177,24.26695026093202,11.458029424329009,12.808920836603011,1.7439842387506328,-20.191737945175404,16.422375366389975,-32.96567154448796,22,24
