lookback_days,lookback_months,cagr,spy_cagr,edge,sharpe,mdd,edge_std,edge_min,n_years_positive,n_years_total
63,3,53.96501489986789,11.458029424329009,42.50698547553888,3.225995626024463,-11.446804309288542,21.209905082937883,10.477034577204435,24,24
126,6,40.35781464288502,11.458029424329009,28.89978521855601,2.4154056229056633,-14.402539383463106,16.500922911491315,7.568913129706111,24,24
189,9,32.96428897136023,11.458029424329009,21.506259547031224,1.959947087716578,-20.19173794517539,20.477306052282984,-28.54075231970915,21,24
252,12,29.514113026868948,11.458029424329009,18.05608360253994,1.7744535414904063,-20.191737945175394,18.77852160323237,-29.129673285739354,22,24
378,18,27.96388585746432,11.458029424329009,16.50585643313531,1.6920617355760175,-20.19173794517539,18.591979923910163,-35.12268256372425,22,24
504,24,22.492941611011364,11.458029424329009,11.034912186682355,1.389735326923049,-20.191737945175404,17.067905207026328,-41.10017226443433,21,24
