top_n,rotations,cagr,spy_cagr,edge,sharpe,mdd,edge_std,edge_min,n_years_positive,n_years_total
1,83,24.287223937121084,11.458029424329009,12.829194512792075,1.3587523597571347,-23.010880964240478,22.251537867608672,-23.282688167600593,17,24
2,135,19.881440479881785,11.458029424329009,8.423411055552776,1.3715509341854053,-18.991965307758214,15.532052314529706,-16.491468401133382,17,24
3,163,18.001850746043814,11.458029424329009,6.543821321714805,1.4007537609541247,-17.361862919850164,14.851519634947072,-19.78451651644688,14,24
4,177,16.0316253471831,11.458029424329009,4.573595922854089,1.3727384504641285,-16.102068171290888,14.03672495466053,-17.487245261778895,13,24
