crisis,default_cagr,default_mdd,leveraged_cagr,leveraged_mdd,spy_cagr
2020 COVID crash (Feb-Apr),38.876774143552375,-1.483633540034316,38.876774143552375,-1.483633540034316,-25.185360577071727
2020 COVID full year,47.29025962715998,-7.326339840756338,47.29025962715998,-7.326339840756338,18.331634381392135
2022 bear,31.959323023189825,-12.87181484483127,31.959323023189825,-12.87181484483127,-18.175373553165997
2018 Q4 selloff,-28.31558688741098,-10.731211765267501,-28.31558688741098,-10.731211765267501,-44.099023568915975
2023-2024 AI rally,24.77659488602775,-10.264375104374054,24.77659488602775,-10.264375104374054,25.529470848293222
