cost_bps,cagr,spy_cagr,edge,sharpe,mdd,edge_std,edge_min,n_years_positive,n_years_total
0,20.2531123510729,11.458029424329009,8.795082926743891,1.3920279551410493,-18.991965307758182,15.514448773437751,-16.32909932660538,17,24
5,20.06715941543544,11.458029424329009,8.609129991106432,1.3818060537733097,-18.9919653077582,15.523102919630176,-16.410304112411133,17,24
10,19.881440479881785,11.458029424329009,8.423411055552776,1.3715509341854053,-18.991965307758214,15.532052314529706,-16.491468401133382,17,24
20,19.510703687838095,11.458029424329009,8.052674263509086,1.350942147541544,-18.991965307758207,15.550824574188312,-16.65367552772026,16,24
30,19.140900134218274,11.458029424329009,7.682870709889265,1.3302038602982575,-18.9919653077582,15.570741046578908,-16.815720787151967,16,24
50,18.4040853925614,11.458029424329009,6.94605596823239,1.2883482466239482,-18.991965307758203,15.613909050042908,-17.139326027694082,16,24
75,17.488283746739718,11.458029424329009,6.030254322410709,1.2353437527590772,-18.99196530775821,15.67387258020091,-17.542923514624697,13,24
100,16.578251868089964,11.458029424329009,5.120222443760955,1.1816167987034707,-18.991965307758207,15.740157544342198,-17.945512108854356,13,24
150,14.77538366296307,11.458029424329009,3.3173542386340618,1.0721748574780414,-18.9919653077582,15.890227052847333,-18.74766766833591,12,24
