lookback_days,lookback_months,cagr,spy_cagr,edge,sharpe,mdd,edge_std,edge_min,n_years_positive,n_years_total
63,3,36.955967390225375,11.458029424329009,25.497937965896366,2.516326328317501,-10.784915693259139,21.83962784833056,-13.425299984658626,20,24
126,6,27.548171039832937,11.458029424329009,16.090141615503928,1.9536822103546698,-11.300026683365576,17.238687918690818,-14.403910305897735,20,24
189,9,23.36839539205058,11.458029424329009,11.910365967721571,1.6077434085722926,-18.235841990991908,16.168366979972994,-11.405432742534781,18,24
252,12,19.881440479881785,11.458029424329009,8.423411055552776,1.3715509341854053,-18.991965307758214,15.532052314529706,-16.491468401133382,17,24
378,18,19.75033845859182,11.458029424329009,8.29230903426281,1.3569959175406288,-16.44316597128006,16.952591664061767,-20.54511056779227,17,24
504,24,14.790257131036455,11.458029424329009,3.332227706707446,1.0613582678961464,-21.145115145537456,13.507126067144405,-20.156500563589482,14,24
