{
  "approach": "staggered_monthly_tranche_dca",
  "description": "Each month-end deposit $1 into a new 3-stock v5 basket. Hold each tranche 6 months. Up to 6 overlapping tranches active at any time. Mature tranches' proceeds plus the new $1 deposit form the current month's tranche.",
  "n_months": 272,
  "cum_deposits": 272.0,
  "final_nav_strategy": 64003.9269584222,
  "final_nav_spy_dca": 1393.222307621172,
  "multiple_strategy": 235.30855499419926,
  "multiple_spy_dca": 5.122140836842544,
  "money_weighted_cagr_strategy_pct": 39.14985675064144,
  "money_weighted_cagr_spy_dca_pct": 12.659915625910735,
  "edge_pp": 26.48994112473071,
  "n_tranches": 256,
  "tranche_mean_6m_return_pct": 16.601298540699336,
  "tranche_median_6m_return_pct": 12.670689235155775,
  "tranche_win_rate_pct": 76.37795275590551,
  "tranche_p10_pct": -13.547698152502242,
  "tranche_p90_pct": 53.49750126337248
}