{
  "n_months": 248,
  "cagr": 0.16123321682127245,
  "sharpe": 1.0232414860570953,
  "sortino": 1.9531456417044506,
  "max_dd": -0.2497138847327463,
  "best_m": 0.18199609663173166,
  "worst_m": -0.13528994145303402,
  "positive_months": 155,
  "total_months": 248,
  "cash_months": 4,
  "sub_sharpes": [
    1.3800385686836052,
    1.1127963341485254,
    0.8416948236901833
  ],
  "sub_sharpe_min": 0.8416948236901833,
  "wall_time_s": 0.2,
  "window": "research",
  "exp_name": "qual_voltgt0.12_K5",
  "K": 5,
  "hold": 6,
  "vol_target": 0.12
}