{
  "cfg": {
    "name": "exp_26_ens_3_6_12_K2",
    "K": 2,
    "hold_months": 6,
    "weighting": "ew",
    "cost_bps_per_leg": 5.0,
    "cash_yield_apr": 0.0,
    "crash_gate": true,
    "soft_cash": false,
    "score_fn_name": "ens_3_6_12",
    "pick_filter": "none",
    "conv_lambda": 0.0,
    "cash_score_floor": 0.0
  },
  "metrics": {
    "n_months": 248,
    "cagr": 0.37928555891296,
    "sharpe": 0.8142648028608678,
    "sortino": 2.232514422741959,
    "max_dd": -0.6906744930515392,
    "best_m": 1.0267104282292647,
    "worst_m": -0.43046682431967015,
    "positive_months": 144,
    "total_months": 248,
    "cash_months": 4,
    "window": "research",
    "wall_time_s": 0.18
  },
  "run_id": "20260510_134923_exp_26_ens_3_6_12_K2_1db8efb675_research",
  "git_sha": "f72377ada312ac4fc7d916b26315abf2a3bed1e4"
}