{
  "cfg": {
    "name": "exp_16_K5_h3",
    "K": 5,
    "hold_months": 3,
    "weighting": "ew",
    "cost_bps_per_leg": 5.0,
    "cash_yield_apr": 0.0,
    "crash_gate": true,
    "soft_cash": false,
    "score_fn_name": "ml_3plus6",
    "pick_filter": "none",
    "conv_lambda": 0.0,
    "cash_score_floor": 0.0
  },
  "metrics": {
    "n_months": 248,
    "cagr": 0.2657529142372155,
    "sharpe": 0.8012290588485221,
    "sortino": 1.8755849458105673,
    "max_dd": -0.6067424042728493,
    "best_m": 0.639333458169927,
    "worst_m": -0.30405007199036277,
    "positive_months": 154,
    "total_months": 248,
    "cash_months": 5,
    "window": "research",
    "wall_time_s": 0.27
  },
  "run_id": "20260510_133109_exp_16_K5_h3_da6f3230a0_research",
  "git_sha": "ed52fb1deb6ade154808a7aea1fa9884423831fd"
}