{
  "n_months": 248,
  "cagr": 0.126739271756241,
  "sharpe": 1.1182672721055644,
  "sortino": 2.0453485230722994,
  "max_dd": -0.22741452717845434,
  "best_m": 0.12908575171929298,
  "worst_m": -0.14686627424174473,
  "positive_months": 164,
  "total_months": 248,
  "cash_months": 4,
  "sub_sharpes": [
    1.2923164716414657,
    1.6644949457417222,
    0.774193835602983
  ],
  "sub_sharpe_min": 0.774193835602983,
  "exp_name": "ra_pred_div_vol_K10",
  "K": 10,
  "wall_time_s": 0.23
}