{
  "n_total": 384,
  "n_passing_floors": 12,
  "best_unconstrained": {
    "name": "ml_3plus6plus1|k1|h1|strict_dd|invvol",
    "cagr_full": 0.38676621220555796,
    "spy_cagr_full": 0.1194382410561079,
    "edge_full_pp": 26.732797114945008,
    "sharpe": 0.9614146958279258,
    "max_dd": -0.5551269225330744,
    "n_cash": 42,
    "wf_mean_cagr": 0.49630940513646477,
    "wf_median_cagr": 0.49609895525457703,
    "wf_min_cagr": -0.06674587219925132,
    "wf_max_cagr": 0.8326099273965817,
    "wf_mean_sharpe": 1.0336844688896893,
    "wf_min_sharpe": -0.024118898544428537,
    "wf_mean_dd": -0.3808575027321616,
    "wf_min_dd": -0.465291261017469,
    "wf_mean_edge_pp": 34.82492077970302,
    "wf_n_pos": 9,
    "wf_n_beats_spy": 9,
    "wf_n_splits": 10,
    "scorer": "ml_3plus6plus1",
    "k": 1,
    "hold": 1,
    "regime": "strict_dd",
    "weighting": "invvol"
  },
  "best_passing": {
    "name": "ml_3plus6plus1|k1|h1|safer|invvol",
    "cagr_full": 0.38635685306490175,
    "spy_cagr_full": 0.1194382410561079,
    "edge_full_pp": 26.691861200879387,
    "sharpe": 0.9853464772075993,
    "max_dd": -0.4501367339973188,
    "n_cash": 51,
    "wf_mean_cagr": 0.4827872556540348,
    "wf_median_cagr": 0.49335896015016156,
    "wf_min_cagr": 0.09536005932665903,
    "wf_max_cagr": 0.8277901438686279,
    "wf_mean_sharpe": 1.0578188192355644,
    "wf_min_sharpe": 0.4736153894548071,
    "wf_mean_dd": -0.3641154213690296,
    "wf_min_dd": -0.45013673399731885,
    "wf_mean_edge_pp": 33.47270583146002,
    "wf_n_pos": 10,
    "wf_n_beats_spy": 10,
    "wf_n_splits": 10,
    "scorer": "ml_3plus6plus1",
    "k": 1,
    "hold": 1,
    "regime": "safer",
    "weighting": "invvol"
  },
  "baseline_v3_wf_mean": 0.42800538003320804
}