{
  "n_months": 248,
  "cagr": 0.282540355185656,
  "sharpe": 0.8707808075227202,
  "sortino": 1.9972340898382834,
  "max_dd": -0.5756360680581869,
  "best_m": 0.6202794092447407,
  "worst_m": -0.3140563584629184,
  "positive_months": 162,
  "total_months": 248,
  "cash_months": 4,
  "sub_sharpes": [
    0.8466012081795447,
    1.1183426436792372,
    0.9317182380993998
  ],
  "sub_sharpe_min": 0.8466012081795447,
  "exp_name": "lgbm_sharpe_K7",
  "K": 7,
  "wall_time_s": 0.21
}