{
  "n_months": 248,
  "cagr": 0.3930369518075769,
  "sharpe": 1.0043575250317858,
  "sortino": 2.596151581816838,
  "max_dd": -0.4359583468870464,
  "best_m": 0.7829904610708289,
  "worst_m": -0.3123220471501253,
  "positive_months": 158,
  "total_months": 248,
  "cash_months": 4,
  "sub_sharpes": [
    0.9416040990864395,
    1.555487832548696,
    0.9794418513521946
  ],
  "sub_sharpe_min": 0.9416040990864395,
  "exp_name": "invvol_port_K3_vc1.0_vtNone",
  "K": 3,
  "hold": 6,
  "vol_target": null,
  "wall_time_s": 0.19
}