{
  "n_months": 248,
  "cagr": 0.2035603969961126,
  "sharpe": 0.9080184480268123,
  "sortino": 1.6647827335909406,
  "max_dd": -0.4444228745413547,
  "best_m": 0.21034608194163945,
  "worst_m": -0.23703388123101796,
  "positive_months": 150,
  "total_months": 248,
  "cash_months": 9,
  "sub_sharpes": [
    1.1478625108727227,
    1.2729817385567705,
    0.5198487794342608
  ],
  "sub_sharpe_min": 0.5198487794342608,
  "wall_time_s": 0.37,
  "window": "research",
  "exp_name": "qualH2",
  "K": 3,
  "hold": 2,
  "vol_target": null
}