{
  "n_months": 248,
  "cagr": 0.19539772934213606,
  "sharpe": 0.8192026751164672,
  "sortino": 1.5805771890723812,
  "max_dd": -0.5328494238760189,
  "best_m": 0.4104257813246879,
  "worst_m": -0.24199304375691985,
  "positive_months": 151,
  "total_months": 248,
  "cash_months": 4,
  "sub_sharpes": [
    0.757847452317029,
    1.049425934187264,
    0.8189295756724615
  ],
  "sub_sharpe_min": 0.757847452317029,
  "wall_time_s": 0.2,
  "window": "research",
  "exp_name": "qualvol0.55_qf0.30",
  "K": 3,
  "hold": 6,
  "vol_target": null
}