{
  "n_months": 248,
  "cagr": 0.18932857027966454,
  "sharpe": 0.7564936045558005,
  "sortino": 1.5018010264456583,
  "max_dd": -0.5727218497535929,
  "best_m": 0.46537757929315643,
  "worst_m": -0.2600862021586905,
  "positive_months": 150,
  "total_months": 248,
  "cash_months": 4,
  "sub_sharpes": [
    0.31644534635588395,
    0.932593808428126,
    1.1065691441179002
  ],
  "sub_sharpe_min": 0.31644534635588395,
  "exp_name": "don_invvol_K3_vc0.7",
  "K": 3,
  "wall_time_s": 0.34
}