{
  "n_months": 248,
  "cagr": 0.1633788928476494,
  "sharpe": 0.931557258322973,
  "sortino": 1.6281226367333617,
  "max_dd": -0.31679841784188484,
  "best_m": 0.14820476504294133,
  "worst_m": -0.18155533022407247,
  "positive_months": 157,
  "total_months": 248,
  "cash_months": 4,
  "sub_sharpes": [
    0.9703747250745984,
    1.1722712278479355,
    0.827767598175296
  ],
  "sub_sharpe_min": 0.827767598175296,
  "exp_name": "invvol_port_K5_vc0.45_vtNone",
  "K": 5,
  "hold": 6,
  "vol_target": null,
  "wall_time_s": 0.23
}