{
  "n_months": 248,
  "cagr": 0.2919984437981342,
  "sharpe": 0.8270879205566501,
  "sortino": 1.8570817092754517,
  "max_dd": -0.7090105034979512,
  "best_m": 0.7846420005391264,
  "worst_m": -0.3067619266430402,
  "positive_months": 159,
  "total_months": 248,
  "cash_months": 4,
  "sub_sharpes": [
    0.18200012550461775,
    1.1806390567074492,
    1.2393793412703331
  ],
  "sub_sharpe_min": 0.18200012550461775,
  "exp_name": "dq_vc0.75_K3",
  "K": 3,
  "wall_time_s": 0.23
}