{
  "n_months": 248,
  "cagr": 0.22641368352214752,
  "sharpe": 0.871974885670151,
  "sortino": 1.609168529721918,
  "max_dd": -0.4514527282997084,
  "best_m": 0.2946902012456766,
  "worst_m": -0.33012874738552966,
  "positive_months": 150,
  "total_months": 248,
  "cash_months": 4,
  "sub_sharpes": [
    0.7249693460138826,
    1.3590553754015835,
    0.8068406192949793
  ],
  "sub_sharpe_min": 0.7249693460138826,
  "wall_time_s": 0.17,
  "window": "research",
  "exp_name": "qualK2",
  "K": 2,
  "hold": 6,
  "vol_target": null
}