{
  "cfg": {
    "name": "v3_baseline_full",
    "K": 3,
    "hold_months": 6,
    "weighting": "ew",
    "cost_bps_per_leg": 5.0,
    "cash_yield_apr": 0.0,
    "crash_gate": true,
    "soft_cash": false,
    "score_fn_name": "ml_3plus6",
    "pick_filter": "none",
    "conv_lambda": 0.0,
    "cash_score_floor": 0.0
  },
  "metrics": {
    "n_months": 268,
    "cagr": 0.3977406189318511,
    "sharpe": 0.9553637477926258,
    "sortino": 2.606879405908285,
    "max_dd": -0.49828619285029263,
    "best_m": 0.8495509234283266,
    "worst_m": -0.3357942381205953,
    "positive_months": 168,
    "total_months": 268,
    "cash_months": 4,
    "window": "full",
    "wall_time_s": 0.22
  },
  "run_id": "20260510_130658_v3_baseline_full_fe0be4c9a5_full",
  "git_sha": "ed52fb1deb6ade154808a7aea1fa9884423831fd"
}