{
  "name": "pillar4_only",
  "cagr_full": 0.29551367575936727,
  "spy_cagr_full": 0.1194382410561079,
  "edge_full_pp": 17.607543470325936,
  "sharpe": 0.8263449695824743,
  "max_dd": -0.5267900497419225,
  "n_cash": 4,
  "wf_mean_cagr": 0.3103094226714288,
  "wf_median_cagr": 0.25455824466138066,
  "wf_min_cagr": 0.11052833677711549,
  "wf_max_cagr": 0.7222251416377163,
  "wf_mean_sharpe": 0.8122725613423676,
  "wf_min_sharpe": 0.4857912155009607,
  "wf_mean_dd": -0.3507640554009861,
  "wf_min_dd": -0.47157291694972436,
  "wf_mean_edge_pp": 16.224922533199422,
  "wf_n_pos": 10,
  "wf_n_beats_spy": 8,
  "wf_n_splits": 10
}