{
  "n_months": 248,
  "cagr": 0.22246531898373223,
  "sharpe": 0.9424918586140213,
  "sortino": 1.7118850685789044,
  "max_dd": -0.6134190624826594,
  "best_m": 0.19831164336218912,
  "worst_m": -0.2734115553050809,
  "positive_months": 155,
  "total_months": 248,
  "cash_months": 1,
  "sub_sharpes": [
    0.7028929738643904,
    1.3954936292705498,
    0.9105594917149946
  ],
  "sub_sharpe_min": 0.7028929738643904,
  "wall_time_s": 0.14,
  "window": "research",
  "exp_name": "qualH9",
  "K": 3,
  "hold": 9,
  "vol_target": null
}