{
  "cfg": {
    "name": "exp_20_ens_3_6_12_ew",
    "K": 3,
    "hold_months": 6,
    "weighting": "ew",
    "cost_bps_per_leg": 5.0,
    "cash_yield_apr": 0.0,
    "crash_gate": true,
    "soft_cash": false,
    "score_fn_name": "ens_3_6_12",
    "pick_filter": "none",
    "conv_lambda": 0.0,
    "cash_score_floor": 0.0
  },
  "metrics": {
    "n_months": 248,
    "cagr": 0.31636570934104746,
    "sharpe": 0.8188496162950532,
    "sortino": 2.204418023059031,
    "max_dd": -0.4923343520732818,
    "best_m": 0.8495509234283266,
    "worst_m": -0.3357942381205953,
    "positive_months": 148,
    "total_months": 248,
    "cash_months": 4,
    "window": "research",
    "wall_time_s": 0.2
  },
  "run_id": "20260510_134922_exp_20_ens_3_6_12_ew_83a607449b_research",
  "git_sha": "f72377ada312ac4fc7d916b26315abf2a3bed1e4"
}