{
  "n_months": 248,
  "cagr": 0.14992692833456145,
  "sharpe": 1.0059002804391532,
  "sortino": 1.9274579322485166,
  "max_dd": -0.2406498522958745,
  "best_m": 0.18101753378070556,
  "worst_m": -0.12136772389833317,
  "positive_months": 155,
  "total_months": 248,
  "cash_months": 4,
  "sub_sharpes": [
    1.3541700156033754,
    1.0735689650719558,
    0.8486807084403203
  ],
  "sub_sharpe_min": 0.8486807084403203,
  "wall_time_s": 0.2,
  "window": "research",
  "exp_name": "qual_voltgt0.10_K5",
  "K": 5,
  "hold": 6,
  "vol_target": 0.1
}