{
  "n_months": 248,
  "cagr": 0.20735288238456384,
  "sharpe": 0.8494179377714371,
  "sortino": 1.707820846960802,
  "max_dd": -0.5424535906433535,
  "best_m": 0.4925885525628457,
  "worst_m": -0.23920589501103395,
  "positive_months": 164,
  "total_months": 248,
  "cash_months": 4,
  "sub_sharpes": [
    0.49544870970700067,
    1.1723854223349721,
    0.9988879013839737
  ],
  "sub_sharpe_min": 0.49544870970700067,
  "exp_name": "don_invvol_K5_vc0.75",
  "K": 5,
  "wall_time_s": 0.41
}