{
  "n_months": 248,
  "cagr": 0.218561487610468,
  "sharpe": 0.8293056309354524,
  "sortino": 1.588812455464828,
  "max_dd": -0.4820968608653091,
  "best_m": 0.31835976181133474,
  "worst_m": -0.257604866642104,
  "positive_months": 151,
  "total_months": 248,
  "cash_months": 4,
  "sub_sharpes": [
    0.6274045649572496,
    1.104226160846855,
    0.8634745111396476
  ],
  "sub_sharpe_min": 0.6274045649572496,
  "exp_name": "dq_vc0.60_K3",
  "K": 3,
  "wall_time_s": 0.22
}