{
  "cfg": {
    "name": "exp_31_cls_tilt",
    "K": 3,
    "hold_months": 6,
    "weighting": "ew",
    "cost_bps_per_leg": 5.0,
    "cash_yield_apr": 0.0,
    "crash_gate": true,
    "soft_cash": false,
    "score_fn_name": "ml_3plus6_cls_tilt",
    "pick_filter": "none",
    "conv_lambda": 0.0,
    "cash_score_floor": 0.0
  },
  "metrics": {
    "n_months": 248,
    "cagr": 0.3972532296416105,
    "sharpe": 0.9210927138329109,
    "sortino": 2.511560655344752,
    "max_dd": -0.4982861928502928,
    "best_m": 0.8495509234283266,
    "worst_m": -0.3357942381205953,
    "positive_months": 148,
    "total_months": 248,
    "cash_months": 4,
    "window": "research",
    "wall_time_s": 0.17
  },
  "run_id": "20260510_135022_exp_31_cls_tilt_ebb0a78062_research",
  "git_sha": "f72377ada312ac4fc7d916b26315abf2a3bed1e4"
}