{
  "name": "pillars_1_2_4",
  "cagr_full": 0.160063954034374,
  "spy_cagr_full": 0.1194382410561079,
  "edge_full_pp": 4.0625712978266115,
  "sharpe": 0.8426963625984384,
  "max_dd": -0.33967840437128954,
  "n_cash": 4,
  "wf_mean_cagr": 0.19000898584828724,
  "wf_median_cagr": 0.17412844465325283,
  "wf_min_cagr": 0.07605493143043751,
  "wf_max_cagr": 0.31902109780817,
  "wf_mean_sharpe": 0.9659600944679699,
  "wf_min_sharpe": 0.4078696766757771,
  "wf_mean_dd": -0.21925020651168475,
  "wf_min_dd": -0.3004400864029924,
  "wf_mean_edge_pp": 4.194878850885262,
  "wf_n_pos": 10,
  "wf_n_beats_spy": 7,
  "wf_n_splits": 10
}