{
  "cfg": {
    "name": "exp_12_K5",
    "K": 5,
    "hold_months": 6,
    "weighting": "ew",
    "cost_bps_per_leg": 5.0,
    "cash_yield_apr": 0.0,
    "crash_gate": true,
    "soft_cash": false,
    "score_fn_name": "ml_3plus6",
    "pick_filter": "none",
    "conv_lambda": 0.0,
    "cash_score_floor": 0.0
  },
  "metrics": {
    "n_months": 248,
    "cagr": 0.2991550348701866,
    "sharpe": 0.8439587063022979,
    "sortino": 2.031207091764972,
    "max_dd": -0.5909142089595415,
    "best_m": 0.6831168431740364,
    "worst_m": -0.30405007199036277,
    "positive_months": 157,
    "total_months": 248,
    "cash_months": 4,
    "window": "research",
    "wall_time_s": 0.17
  },
  "run_id": "20260510_133108_exp_12_K5_4e1dbf90dc_research",
  "git_sha": "ed52fb1deb6ade154808a7aea1fa9884423831fd"
}