{
  "n_months": 248,
  "cagr": 0.11796346762336474,
  "sharpe": 1.003096872877309,
  "sortino": 1.8066576106637529,
  "max_dd": -0.26056125134649893,
  "best_m": 0.12934056055606089,
  "worst_m": -0.17434166818194236,
  "positive_months": 153,
  "total_months": 248,
  "cash_months": 4,
  "sub_sharpes": [
    1.170271001919534,
    1.7900520361772143,
    0.5034461480031647
  ],
  "sub_sharpe_min": 0.5034461480031647,
  "exp_name": "ra_pred_div_vol_K5",
  "K": 5,
  "wall_time_s": 0.19
}