{
  "n_months": 248,
  "cagr": 0.18031181069715108,
  "sharpe": 1.045669520764948,
  "sortino": 1.8814171354859575,
  "max_dd": -0.32724940898938093,
  "best_m": 0.15804961568860812,
  "worst_m": -0.16724402466501984,
  "positive_months": 168,
  "total_months": 248,
  "cash_months": 4,
  "sub_sharpes": [
    1.0010424260282325,
    1.3317339364067033,
    1.0095534395275436
  ],
  "sub_sharpe_min": 1.0010424260282325,
  "exp_name": "invvol_port_K7_vc0.5_vtNone",
  "K": 7,
  "hold": 6,
  "vol_target": null,
  "wall_time_s": 0.25
}